,Dialogue ID,Chapter ID,Place ID,Character ID,Dialogue,Movie ID,Character Name,speaker,dialogue,Emotion
0,1,1,8,4,I should have known that you would be here...Professor McGonagall.,1,Albus Dumbledore,albus dumbledore,I should have known that you would be here...Professor McGonagall.,surprise
2,3,1,8,4,"I'm afraid so, Professor. The good, and the bad.",1,Albus Dumbledore,albus dumbledore,"I'm afraid so, Professor. The good, and the bad.",fear
3,4,1,8,7,And the boy?,1,Minerva McGonagall,minerva mcgonagall,And the boy?,surprise
6,7,1,8,4,"Ah, Professor, I would trust Hagrid with my life.",1,Albus Dumbledore,albus dumbledore,"Ah, Professor, I would trust Hagrid with my life.",fear
11,12,1,8,4,The only family he has.,1,Albus Dumbledore,albus dumbledore,The only family he has.,sadness
14,15,1,8,4,"There, there, Hagrid. It's not really goodbye, after all.",1,Albus Dumbledore,albus dumbledore,"There, there, Hagrid. It's not really goodbye, after all.",sadness
17,18,2,8,31,"Wake up, cousin! We're going to the zoo!",1,Dudley Dursley,dudley dursley,"Wake up, cousin! We're going to the zoo!",joy
18,19,2,8,32,"Oh, here he comes, the birthday boy!",1,Petunia Dursley,petunia dursley,"Oh, here he comes, the birthday boy!",joy
19,20,2,8,21,"Happy birthday, son.",1,Vernon Dursley,vernon dursley,"Happy birthday, son.",joy
22,23,2,8,32,I want everything to be perfect for my Dudley's special day.,1,Petunia Dursley,petunia dursley,I want everything to be perfect for my Dudley's special day.,joy
23,24,2,8,21,"Hurry up! Bring my coffee, boy!",1,Vernon Dursley,vernon dursley,"Hurry up! Bring my coffee, boy!",joy
25,26,2,8,32,"Aren't they wonderful, darling?",1,Petunia Dursley,petunia dursley,"Aren't they wonderful, darling?",surprise
28,29,2,8,31,Thirty-six?! But last year last year I had thirty-seven!!,1,Dudley Dursley,dudley dursley,Thirty-six?! But last year last year I had thirty-seven!!,surprise
30,31,2,8,31,I don't care how big they are!,1,Dudley Dursley,dudley dursley,I don't care how big they are!,anger
32,33,2,8,32,This will be a lovely day at the zoo. I'm really looking forward to it.,1,Petunia Dursley,petunia dursley,This will be a lovely day at the zoo. I'm really looking forward to it.,joy
35,36,2,8,21,Move!,1,Vernon Dursley,vernon dursley,Move!,anger
37,38,2,8,1,He's asleep!,1,Harry Potter,harry potter,He's asleep!,surprise
39,40,2,8,1,"Sorry about him. He doesn't understand what it's like, lying there day after day, having people press their ugly faces in on you.  Can you...hear me?  It's just...I've never talked to a snake before. Do you...I mean...do you talk to people often?  You're from Burma, aren't you? Was it nice there, do you miss your family?  I see. That's me as well. I never knew my parents, either.",1,Harry Potter,harry potter,"Sorry about him. He doesn't understand what it's like, lying there day after day, having people press their ugly faces in on you.  Can you...hear me?  It's just...I've never talked to a snake before. Do you...I mean...do you talk to people often?  You're from Burma, aren't you? Was it nice there, do you miss your family?  I see. That's me as well. I never knew my parents, either.",surprise
40,41,2,8,31,"Mummy, dad, come here! You won't believe what this snake is doing!",1,Dudley Dursley,dudley dursley,"Mummy, dad, come here! You won't believe what this snake is doing!",anger
41,42,2,8,31,Whoa! Ahh! Ahh!!,1,Dudley Dursley,dudley dursley,Whoa! Ahh! Ahh!!,surprise
44,45,2,8,139,SNAKE!,1,Man,man,SNAKE!,anger
45,46,2,8,31,"Mum, mummy!",1,Dudley Dursley,dudley dursley,"Mum, mummy!",anger
46,47,2,8,32,AHH!,1,Petunia Dursley,petunia dursley,AHH!,surprise
47,48,2,8,31,"Mum, help! Help me!",1,Dudley Dursley,dudley dursley,"Mum, help! Help me!",anger
48,49,2,8,32,"My darling boy! How did you get in there?! How did you get in there? Dursley, oh, Dursley!",1,Petunia Dursley,petunia dursley,"My darling boy! How did you get in there?! How did you get in there? Dursley, oh, Dursley!",surprise
51,52,3,8,21,What happened?!,1,Vernon Dursley,vernon dursley,What happened?!,surprise
52,53,3,8,1,"I swear I don't know!  One minute, the glass was there and then it was gone! It was like magic!",1,Harry Potter,harry potter,"I swear I don't know!  One minute, the glass was there and then it was gone! It was like magic!",surprise
53,54,3,8,21,There's no such thing as magic!,1,Vernon Dursley,vernon dursley,There's no such thing as magic!,anger
54,55,3,8,32,"Awww, smile.  Vernon, just look at him. I can't believe it. In just a week you'll be off to Smeltings.",1,Petunia Dursley,petunia dursley,"Awww, smile.  Vernon, just look at him. I can't believe it. In just a week you'll be off to Smeltings.",surprise
55,56,3,8,21,Caveat Smeltona. Proudest moment of my life.,1,Vernon Dursley,vernon dursley,Caveat Smeltona. Proudest moment of my life.,joy
57,58,3,8,32,"What, you? Go to Smeltings?",1,Petunia Dursley,petunia dursley,"What, you? Go to Smeltings?",surprise
58,59,3,8,21,Ha!,1,Vernon Dursley,vernon dursley,Ha!,joy
59,60,3,8,32,"Oh, don't be so stupid, you're going to the state school where you belong.  And this is what you're gonna be wearing when I've finished dyeing it.",1,Petunia Dursley,petunia dursley,"Oh, don't be so stupid, you're going to the state school where you belong.  And this is what you're gonna be wearing when I've finished dyeing it.",anger
62,63,3,8,21,"Oh, Marge is ill! Ate a funny whelk.",1,Vernon Dursley,vernon dursley,"Oh, Marge is ill! Ate a funny whelk.",joy
63,64,3,8,31,Dad! Look! Harry's got a letter!,1,Dudley Dursley,dudley dursley,Dad! Look! Harry's got a letter!,surprise
64,65,3,8,1,"Hey, give it back! It's mine!",1,Harry Potter,harry potter,"Hey, give it back! It's mine!",anger
65,66,3,8,21,Yours? Who'd be writing to you?,1,Vernon Dursley,vernon dursley,Yours? Who'd be writing to you?,surprise
67,68,3,8,32,"Have a lovely day at the office, dear.",1,Petunia Dursley,petunia dursley,"Have a lovely day at the office, dear.",joy
68,69,3,8,21,Shoo! Go on!,1,Vernon Dursley,vernon dursley,Shoo! Go on!,surprise
70,71,3,8,1,Because there's no post on Sunday?,1,Harry Potter,harry potter,Because there's no post on Sunday?,surprise
71,72,3,8,21,"Ah, right you are, Harry. No post on Sunday. Ha! No blasted letters today. No, sir. Not one single bloody letter, not one.  No, sir, not one blasted, miserable-",1,Vernon Dursley,vernon dursley,"Ah, right you are, Harry. No post on Sunday. Ha! No blasted letters today. No, sir. Not one single bloody letter, not one.  No, sir, not one blasted, miserable-",sadness
72,73,3,8,31,AHH! Make it stop! Please make it stop!,1,Dudley Dursley,dudley dursley,AHH! Make it stop! Please make it stop!,anger
73,74,3,8,21,"Go away, ahh!",1,Vernon Dursley,vernon dursley,"Go away, ahh!",anger
74,75,3,8,31,What is it? Please tell me what's happening!,1,Dudley Dursley,dudley dursley,What is it? Please tell me what's happening!,anger
75,76,3,8,21,Give me that! Give me that letter!,1,Vernon Dursley,vernon dursley,Give me that! Give me that letter!,anger
76,77,3,8,1,Get off! Ahh!,1,Harry Potter,harry potter,Get off! Ahh!,anger
77,78,3,8,21,Ahh!,1,Vernon Dursley,vernon dursley,Ahh!,surprise
78,79,3,8,1,They're my letters! Let go of me!,1,Harry Potter,harry potter,They're my letters! Let go of me!,anger
79,80,3,8,21,That's it! We're going away! Far away! Where they can't find us!,1,Vernon Dursley,vernon dursley,That's it! We're going away! Far away! Where they can't find us!,anger
80,81,3,8,31,"Daddy's gone mad, hasn't he?!",1,Dudley Dursley,dudley dursley,"Daddy's gone mad, hasn't he?!",anger
82,83,4,10,21,Who's there? Ahh!,1,Vernon Dursley,vernon dursley,Who's there? Ahh!,surprise
83,84,4,10,5,Sorry 'bout that.,1,Rubeus Hagrid,rubeus hagrid,Sorry 'bout that.,sadness
84,85,4,10,21,"I demand that you leave at once, sir! You are breaking and entering!",1,Vernon Dursley,vernon dursley,"I demand that you leave at once, sir! You are breaking and entering!",anger
85,86,4,10,5,"Dry up, Dursley, you great prune.  Boy, I haven't seen you since you was a baby, Harry, but you're a bit more along than I would have expected. Particularly 'round the middle!",1,Rubeus Hagrid,rubeus hagrid,"Dry up, Dursley, you great prune.  Boy, I haven't seen you since you was a baby, Harry, but you're a bit more along than I would have expected. Particularly 'round the middle!",joy
86,87,4,10,31,I-I-I'm not Harry.,1,Dudley Dursley,dudley dursley,I-I-I'm not Harry.,fear
88,89,4,10,5,"Oh, well, of course you are! Got something for ya. 'Fraid I might have sat on it at some point! I imagine that it'll taste fine just the same. Ahh. Baked it myself.  Words and all. Heh.",1,Rubeus Hagrid,rubeus hagrid,"Oh, well, of course you are! Got something for ya. 'Fraid I might have sat on it at some point! I imagine that it'll taste fine just the same. Ahh. Baked it myself.  Words and all. Heh.",fear
89,90,4,10,1,Thank you!,1,Harry Potter,harry potter,Thank you!,joy
91,92,4,10,1,"Excuse me, who are you?",1,Harry Potter,harry potter,"Excuse me, who are you?",surprise
93,94,4,10,1,"Sorry, no.",1,Harry Potter,harry potter,"Sorry, no.",sadness
94,95,4,10,5,"No? Blimey, Harry, didn't you ever wonder where your mum and dad learned it all?",1,Rubeus Hagrid,rubeus hagrid,"No? Blimey, Harry, didn't you ever wonder where your mum and dad learned it all?",surprise
95,96,4,10,1,Learned what?,1,Harry Potter,harry potter,Learned what?,surprise
97,98,4,10,1,I-I'm a what?,1,Harry Potter,harry potter,I-I'm a what?,surprise
100,101,4,10,5,"Well, just Harry. Did you ever make anything happen? Anything you couldn't explain when you were angry or scared?  Ah.",1,Rubeus Hagrid,rubeus hagrid,"Well, just Harry. Did you ever make anything happen? Anything you couldn't explain when you were angry or scared?  Ah.",fear
101,102,4,10,1,"Dear, Mr. Potter. We are pleased to inform you that you have been accepted at Hogwarts' School of Witchcraft and Wizardry.",1,Harry Potter,harry potter,"Dear, Mr. Potter. We are pleased to inform you that you have been accepted at Hogwarts' School of Witchcraft and Wizardry.",joy
102,103,4,10,21,"He'll not be going! We swore when we took him in, we'd put a stop to this rubbish!",1,Vernon Dursley,vernon dursley,"He'll not be going! We swore when we took him in, we'd put a stop to this rubbish!",anger
103,104,4,10,1,You knew? You knew all along and you never told me?,1,Harry Potter,harry potter,You knew? You knew all along and you never told me?,surprise
104,105,4,10,32,"Of course we knew. How could you not be? My perfect sister being who she was. Oh, my mother and father were so proud the day she got her letter. We have a witch in the family. Isn't it wonderful? I was the only one to see her for what she was. A freak! And then she met that Potter, and then she had you, and I knew you'd be just the same, just as strange, just as ... abnormal. And then, if you please, she went and got herself blown up. And we got landed with you.",1,Petunia Dursley,petunia dursley,"Of course we knew. How could you not be? My perfect sister being who she was. Oh, my mother and father were so proud the day she got her letter. We have a witch in the family. Isn't it wonderful? I was the only one to see her for what she was. A freak! And then she met that Potter, and then she had you, and I knew you'd be just the same, just as strange, just as ... abnormal. And then, if you please, she went and got herself blown up. And we got landed with you.",surprise
105,106,4,10,1,Blown up? You told me my parents died in a car crash!,1,Harry Potter,harry potter,Blown up? You told me my parents died in a car crash!,surprise
106,107,4,10,5,A car crash? A car crash kill James and Lily Potter?,1,Rubeus Hagrid,rubeus hagrid,A car crash? A car crash kill James and Lily Potter?,fear
108,109,4,10,5,It's an outrage! It's a scandal!,1,Rubeus Hagrid,rubeus hagrid,It's an outrage! It's a scandal!,anger
109,110,4,10,21,He'll not be going!,1,Vernon Dursley,vernon dursley,He'll not be going!,anger
113,114,4,10,21,I will not pay for some crackpot old fool to teach him magic tricks!,1,Vernon Dursley,vernon dursley,I will not pay for some crackpot old fool to teach him magic tricks!,anger
114,115,4,10,5,"Never, insult Albus Dumbledore, in front of me.",1,Rubeus Hagrid,rubeus hagrid,"Never, insult Albus Dumbledore, in front of me.",anger
115,116,4,10,31,Ahh!,1,Dudley Dursley,dudley dursley,Ahh!,surprise
118,119,4,10,5,"Ooh, we're a bit behind schedule. Best be off.  Unless you'd rather stay, of course. Hmm?",1,Rubeus Hagrid,rubeus hagrid,"Ooh, we're a bit behind schedule. Best be off.  Unless you'd rather stay, of course. Hmm?",sadness
130,131,5,5,139,"Welcome back, Mr. Potter, welcome back.",1,Man,man,"Welcome back, Mr. Potter, welcome back.",joy
131,132,5,5,132,"Doris Crockford, Mr. Potter. I can't believe I'm meeting you at last.",1,Goblin,goblin,"Doris Crockford, Mr. Potter. I can't believe I'm meeting you at last.",surprise
132,133,5,5,41,Harry P-potter. C-can't tell you how pleased I am to meet you.,1,Quirinus Quirrell,quirinus quirrell,Harry P-potter. C-can't tell you how pleased I am to meet you.,joy
133,134,5,5,5,"Hello, Professor. I didn't see you there. Harry, this is Professor Quirrell. He'll be your Defense Against the Dark Arts teacher at Hogwarts.",1,Rubeus Hagrid,rubeus hagrid,"Hello, Professor. I didn't see you there. Harry, this is Professor Quirrell. He'll be your Defense Against the Dark Arts teacher at Hogwarts.",surprise
134,135,5,5,1,"Oh, nice to meet you.",1,Harry Potter,harry potter,"Oh, nice to meet you.",joy
135,136,5,5,41,"F-fearfully fascinating subject. N-not that you need it, e-eh, Potter? Heheh.",1,Quirinus Quirrell,quirinus quirrell,"F-fearfully fascinating subject. N-not that you need it, e-eh, Potter? Heheh.",fear
137,138,5,5,1,Goodbye.,1,Harry Potter,harry potter,Goodbye.,sadness
138,139,5,5,5,"See, Harry, you're famous!",1,Rubeus Hagrid,rubeus hagrid,"See, Harry, you're famous!",joy
139,140,5,5,1,"But why am I famous, Hagrid? All those people back there, how is it they know who I am?",1,Harry Potter,harry potter,"But why am I famous, Hagrid? All those people back there, how is it they know who I am?",surprise
141,142,5,5,138,"It's a world class racing broom. Look at it, it's the new Nimbus 2000! It's the fastest model yet.",1,Boy,boy,"It's a world class racing broom. Look at it, it's the new Nimbus 2000! It's the fastest model yet.",surprise
142,143,6,2,1,"But, Hagrid, how am I to pay for all this? I haven't any money.",1,Harry Potter,harry potter,"But, Hagrid, how am I to pay for all this? I haven't any money.",sadness
145,146,6,2,5,"They're goblins, Harry. Clever as they come goblins, but not the most friendly of beasts. Best stick close to me.  Mr. Harry Potter wishes to make a withdrawal.",1,Rubeus Hagrid,rubeus hagrid,"They're goblins, Harry. Clever as they come goblins, but not the most friendly of beasts. Best stick close to me.  Mr. Harry Potter wishes to make a withdrawal.",sadness
150,151,6,2,5,"Didn't think your mum and dad would leave you with nothing now, did ya?",1,Rubeus Hagrid,rubeus hagrid,"Didn't think your mum and dad would leave you with nothing now, did ya?",surprise
152,153,6,2,1,"What's in there, Hagrid?",1,Harry Potter,harry potter,"What's in there, Hagrid?",surprise
154,155,6,2,30,Stand back.,1,Griphook,griphook,Stand back.,anger
159,160,7,4,43,"I wondered when I'd be seeing you, Mr. Potter. It seems only yesterday that your mother and father were in here buying their first wands.  Ah. Here we are.  Well, give it a wave.  Apparently not.  Perhaps this.  No, no, definitely not! No matter...  I wonder.  Curious, very curious.",1,Garrick Ollivander,garrick ollivander,"I wondered when I'd be seeing you, Mr. Potter. It seems only yesterday that your mother and father were in here buying their first wands.  Ah. Here we are.  Well, give it a wave.  Apparently not.  Perhaps this.  No, no, definitely not! No matter...  I wonder.  Curious, very curious.",surprise
160,161,7,4,1,"Sorry, but what's curious?",1,Harry Potter,harry potter,"Sorry, but what's curious?",sadness
161,162,7,4,43,"I remember every wand I've ever sold, Mr. Potter. It just so happens that the phoenix, whose tail feather resides in your wand gave one other feather, just one. It is curious that you should be destined for this wand when its brother gave you that scar.",1,Garrick Ollivander,garrick ollivander,"I remember every wand I've ever sold, Mr. Potter. It just so happens that the phoenix, whose tail feather resides in your wand gave one other feather, just one. It is curious that you should be destined for this wand when its brother gave you that scar.",surprise
162,163,7,4,1,And...who owned that wand?,1,Harry Potter,harry potter,And...who owned that wand?,surprise
163,164,7,4,43,"Oh, we do not speak his name. The wand chooses the wizard, Mr. Potter. It's not always clear why, but I think it is clear that we can expect great things from you. After all, He-Who-Must-Not-Be-Named did great things...terrible, yes, but great.",1,Garrick Ollivander,garrick ollivander,"Oh, we do not speak his name. The wand chooses the wizard, Mr. Potter. It's not always clear why, but I think it is clear that we can expect great things from you. After all, He-Who-Must-Not-Be-Named did great things...terrible, yes, but great.",fear
164,165,7,4,5,Harry! Harry! Happy birthday!,1,Rubeus Hagrid,rubeus hagrid,Harry! Harry! Happy birthday!,joy
165,166,7,4,1,Wow.,1,Harry Potter,harry potter,Wow.,surprise
167,168,8,5,1,"He killed my parents, didn't he? The one who gave me this. You know, Hagrid, I know you do.",1,Harry Potter,harry potter,"He killed my parents, didn't he? The one who gave me this. You know, Hagrid, I know you do.",anger
173,174,8,5,5,"It was dark times, Harry, dark times.  Voldemort started to gather some followers, brought 'em over to the dark side. Anyone that stood up to him ended up dead. Your parents fought against him, but nobody lived once he decided to kill 'em.  Nobody...not one. Except you.",1,Rubeus Hagrid,rubeus hagrid,"It was dark times, Harry, dark times.  Voldemort started to gather some followers, brought 'em over to the dark side. Anyone that stood up to him ended up dead. Your parents fought against him, but nobody lived once he decided to kill 'em.  Nobody...not one. Except you.",fear
174,175,8,5,1,Me? Voldemort tried to kill...me?,1,Harry Potter,harry potter,Me? Voldemort tried to kill...me?,surprise
176,177,8,5,1,What happened to...to You-Know-Who?,1,Harry Potter,harry potter,What happened to...to You-Know-Who?,surprise
178,179,9,71,5,"What're you looking at?  Blimey, is that the time? Sorry, Harry, I'm gonna have to leave you. Dumbledore'll be wanting his- well, he'll be wanting to see me. Now, uh, your train leaves in 10 minutes. Here's your ticket.  Stick to it, Harry that's very important. Stick to your ticket.",1,Rubeus Hagrid,rubeus hagrid,"What're you looking at?  Blimey, is that the time? Sorry, Harry, I'm gonna have to leave you. Dumbledore'll be wanting his- well, he'll be wanting to see me. Now, uh, your train leaves in 10 minutes. Here's your ticket.  Stick to it, Harry that's very important. Stick to your ticket.",surprise
180,181,9,71,139,Sorry.,1,Man,man,Sorry.,sadness
181,182,9,71,1,"Excuse me, excuse me.",1,Harry Potter,harry potter,"Excuse me, excuse me.",anger
184,185,9,71,149,"9&¾? Think you're being funny, do ya?",1,Old man,old man,"9&¾? Think you're being funny, do ya?",joy
187,188,9,71,26,"Come on. Platform 9&¾ this way! All right, Percy, you first.",1,Molly Weasley,molly weasley,"Come on. Platform 9&¾ this way! All right, Percy, you first.",anger
189,190,9,71,19,"He's not Fred, I am!",1,George Weasley,george weasley,"He's not Fred, I am!",anger
191,192,9,71,26,"Oh, I'm sorry, George.",1,Molly Weasley,molly weasley,"Oh, I'm sorry, George.",sadness
193,194,9,71,1,Excuse me! C-could you tell me how to-,1,Harry Potter,harry potter,Excuse me! C-could you tell me how to-,surprise
194,195,9,71,26,"How to get on the platform? Yes, not to worry, dear. It's Ron's first time to Hogwarts as well.  Now, all you've got to do is walk straight at the wall between platforms 9 and 10. Best do it at a bit of a run if you're nervous.",1,Molly Weasley,molly weasley,"How to get on the platform? Yes, not to worry, dear. It's Ron's first time to Hogwarts as well.  Now, all you've got to do is walk straight at the wall between platforms 9 and 10. Best do it at a bit of a run if you're nervous.",fear
200,201,10,42,2,"So-so it's true? I mean, do you really have the...the...",1,Ron Weasley,ron weasley,"So-so it's true? I mean, do you really have the...the...",surprise
201,202,10,42,1,The what?,1,Harry Potter,harry potter,The what?,surprise
202,203,10,42,2,Scar...?,1,Ron Weasley,ron weasley,Scar...?,surprise
208,209,10,42,2,Whoa!,1,Ron Weasley,ron weasley,Whoa!,surprise
213,214,10,42,1,I got Dumbledore!,1,Harry Potter,harry potter,I got Dumbledore!,surprise
215,216,10,42,1,"Hey, he's gone!",1,Harry Potter,harry potter,"Hey, he's gone!",surprise
219,220,10,42,1,Yeah!,1,Harry Potter,harry potter,Yeah!,surprise
224,225,10,42,2,"Sunshine, daises, butter mellow, turn this stupid fat rat yellow!",1,Ron Weasley,ron weasley,"Sunshine, daises, butter mellow, turn this stupid fat rat yellow!",joy
225,226,10,42,3,"Are you sure that's a real spell? Well, it's not very good, is it? Of course I've only tried a few simple spells myself, and they've all worked for me. For example...  Oculus Reparo.  That's better, isn't it? Holy Cricket, you're Harry Potter. I'm Hermione Granger...and you are...?",1,Hermione Granger,hermione granger,"Are you sure that's a real spell? Well, it's not very good, is it? Of course I've only tried a few simple spells myself, and they've all worked for me. For example...  Oculus Reparo.  That's better, isn't it? Holy Cricket, you're Harry Potter. I'm Hermione Granger...and you are...?",surprise
228,229,11,33,5,"Right, then! First years! This way, please! Come on, now, don't be shy! Come on now, hurry up!",1,Rubeus Hagrid,rubeus hagrid,"Right, then! First years! This way, please! Come on, now, don't be shy! Come on now, hurry up!",fear
231,232,11,33,2,Whoaa!,1,Ron Weasley,ron weasley,Whoaa!,surprise
232,233,11,33,5,"Right then. This way to the boats! Come on, now, follow me.",1,Rubeus Hagrid,rubeus hagrid,"Right then. This way to the boats! Come on, now, follow me.",anger
235,236,11,33,10,Trevor!  Sorry.,1,Neville Longbottom,neville longbottom,Trevor!  Sorry.,sadness
242,243,12,36,4,"I have a few start of term notices I wish to announce. The first years please note that the dark forest is strictly forbidden to all students. Also, our caretaker, Mr. Filch  has asked me to remind you that the 3rd floor corridor on the right hand side is out of bounds to everyone who does not wish to die a most painful death. Thank you.",1,Albus Dumbledore,albus dumbledore,"I have a few start of term notices I wish to announce. The first years please note that the dark forest is strictly forbidden to all students. Also, our caretaker, Mr. Filch  has asked me to remind you that the 3rd floor corridor on the right hand side is out of bounds to everyone who does not wish to die a most painful death. Thank you.",sadness
246,247,12,36,128,"Ah, right then...hmm...right. Okay...Gryffindor!!",1,Sorting Hat,sorting hat,"Ah, right then...hmm...right. Okay...Gryffindor!!",joy
251,252,12,36,1,Ahh!,1,Harry Potter,harry potter,Ahh!,surprise
252,253,12,36,2,"Harry, what is it?",1,Ron Weasley,ron weasley,"Harry, what is it?",surprise
254,255,12,36,128,Let's see...I know...Hufflepuff!,1,Sorting Hat,sorting hat,Let's see...I know...Hufflepuff!,joy
256,257,12,36,128,Ha! Another Weasley. I know just what to do with you... Gryffindor!!,1,Sorting Hat,sorting hat,Ha! Another Weasley. I know just what to do with you... Gryffindor!!,surprise
263,264,12,36,14,We got Potter! We got Potter!,1,Fred Weasley,fred weasley,We got Potter! We got Potter!,surprise
264,265,12,36,19,We got Potter! We got Potter!,1,George Weasley,george weasley,We got Potter! We got Potter!,surprise
267,268,13,36,1,Wow.,1,Harry Potter,harry potter,Wow.,surprise
269,270,13,36,1,"Say, Percy, who's that teacher talking to Professor Quirrell?",1,Harry Potter,harry potter,"Say, Percy, who's that teacher talking to Professor Quirrell?",surprise
273,274,13,36,2,Ahh!,1,Ron Weasley,ron weasley,Ahh!,surprise
275,276,13,36,117,Whoo-hoo-hoo!,1,Bloody Baron,bloody baron,Whoo-hoo-hoo!,surprise
278,279,13,36,47,"Dismal. Once again, my request to join the headless hunt has been denied.",1,Nearly Headless Nick,nearly headless nick,"Dismal. Once again, my request to join the headless hunt has been denied.",sadness
279,280,13,36,2,I know you! You're Nearly Headless Nick!,1,Ron Weasley,ron weasley,I know you! You're Nearly Headless Nick!,surprise
281,282,13,36,3,Nearly headless? How can you be nearly headless?,1,Hermione Granger,hermione granger,Nearly headless? How can you be nearly headless?,fear
283,284,13,36,2,Ahh!,1,Ron Weasley,ron weasley,Ahh!,surprise
288,289,13,28,10,"Seamus, that picture's moving!",1,Neville Longbottom,neville longbottom,"Seamus, that picture's moving!",surprise
289,290,13,28,2,"Look at that one, Harry!",1,Ron Weasley,ron weasley,"Look at that one, Harry!",surprise
291,292,13,28,134,"Oh, look! Look! Who's that girl?",1,Girl,girl,"Oh, look! Look! Who's that girl?",surprise
293,294,13,28,134,Who's that?,1,Girl,girl,Who's that?,surprise
294,295,13,28,141,Password?,1,The Fat Lady,the fat lady,Password?,surprise
296,297,13,39,134,"Oh, wow.",1,Girl,girl,"Oh, wow.",surprise
298,299,14,61,2,"Whew, we made it. Can you imagine the look on McGonagall's face if we were late?",1,Ron Weasley,ron weasley,"Whew, we made it. Can you imagine the look on McGonagall's face if we were late?",surprise
299,300,14,61,2,That was bloody brilliant.,1,Ron Weasley,ron weasley,That was bloody brilliant.,surprise
308,309,14,49,1,"Clearly, Hermione knows. Since it's a pity not to ask her.",1,Harry Potter,harry potter,"Clearly, Hermione knows. Since it's a pity not to ask her.",sadness
313,314,14,36,2,Ah. Mail's here!,1,Ron Weasley,ron weasley,Ah. Mail's here!,surprise
315,316,14,36,29,"Hey, look! Neville's got a Remembrall!",1,Seamus Finnigan,seamus finnigan,"Hey, look! Neville's got a Remembrall!",joy
317,318,14,36,10,"The only problem is, I can't remember what I've forgotten.",1,Neville Longbottom,neville longbottom,"The only problem is, I can't remember what I've forgotten.",surprise
320,321,15,52,154,"Good afternoon, Madam Hooch.",1,Class,class,"Good afternoon, Madam Hooch.",joy
323,324,15,52,1,Wow.,1,Harry Potter,harry potter,Wow.,surprise
325,326,15,52,50,With feeling!,1,Rolanda Hooch,rolanda hooch,With feeling!,joy
327,328,15,52,2,"Up!!  Ooh!  Shut up, Harry.",1,Ron Weasley,ron weasley,"Up!!  Ooh!  Shut up, Harry.",surprise
328,329,15,52,50,"Now, once you've got hold of your broom, I want you to mount it. And grip it tight, you don't want to be sliding off the end.  When I blow my whistle, I want each of you to kick off from the ground, hard. Keep your broom steady, hover for a moment, and then lean forward slightly and touch back down. On my whistle...3...2...",1,Rolanda Hooch,rolanda hooch,"Now, once you've got hold of your broom, I want you to mount it. And grip it tight, you don't want to be sliding off the end.  When I blow my whistle, I want each of you to kick off from the ground, hard. Keep your broom steady, hover for a moment, and then lean forward slightly and touch back down. On my whistle...3...2...",fear
331,332,15,52,134,"Neville, what are you doing?",1,Girl,girl,"Neville, what are you doing?",surprise
334,335,15,52,50,M-M-Mr. Longbottom! Mr. Longbottom!,1,Rolanda Hooch,rolanda hooch,M-M-Mr. Longbottom! Mr. Longbottom!,surprise
335,336,15,52,10,AHH!,1,Neville Longbottom,neville longbottom,AHH!,surprise
336,337,15,52,50,Mr. Longbottom!,1,Rolanda Hooch,rolanda hooch,Mr. Longbottom!,anger
337,338,15,52,10,Down! Down! Ahhhh!,1,Neville Longbottom,neville longbottom,Down! Down! Ahhhh!,surprise
338,339,15,52,1,Neville!,1,Harry Potter,harry potter,Neville!,surprise
340,341,15,52,50,Come back down this instant!,1,Rolanda Hooch,rolanda hooch,Come back down this instant!,anger
341,342,15,52,10,AHH!,1,Neville Longbottom,neville longbottom,AHH!,surprise
342,343,15,52,10,Help!,1,Neville Longbottom,neville longbottom,Help!,fear
343,344,15,52,50,Mr. Longbottom-!,1,Rolanda Hooch,rolanda hooch,Mr. Longbottom-!,joy
344,345,15,52,10,Ahhhh! Whoa! Ahhh!  Oh. Ah...help!  Ahh!,1,Neville Longbottom,neville longbottom,Ahhhh! Whoa! Ahhh!  Oh. Ah...help!  Ahh!,surprise
347,348,15,52,10,Owowowow.,1,Neville Longbottom,neville longbottom,Owowowow.,surprise
348,349,15,52,50,"Oh, oh, oh, oh dear. It's a broken wrist. Tch, tch, tch. Good boy, come on now, up you get.  Everyone's to keep their feet firmly on the ground while I take Mr. Longbottom to the hospital wing. Understand? If I see a single broom in the air, the one riding it will find themselves out of Hogwarts before they can say, Quidditch.",1,Rolanda Hooch,rolanda hooch,"Oh, oh, oh, oh dear. It's a broken wrist. Tch, tch, tch. Good boy, come on now, up you get.  Everyone's to keep their feet firmly on the ground while I take Mr. Longbottom to the hospital wing. Understand? If I see a single broom in the air, the one riding it will find themselves out of Hogwarts before they can say, Quidditch.",sadness
351,352,15,52,12,"No. I think I'll leave it somewhere for Longbottom to find.  How 'bout up on the roof?  What's the matter, Potter? Bit beyond your reach?",1,Draco Malfoy,draco malfoy,"No. I think I'll leave it somewhere for Longbottom to find.  How 'bout up on the roof?  What's the matter, Potter? Bit beyond your reach?",surprise
352,353,15,52,3,"Harry, no way! You heard what Madam Hooch said! Besides, you don't even know how to fly.  What an idiot.",1,Hermione Granger,hermione granger,"Harry, no way! You heard what Madam Hooch said! Besides, you don't even know how to fly.  What an idiot.",anger
353,354,15,52,1,"Give it here, Malfoy, or I'll knock you off your broom!",1,Harry Potter,harry potter,"Give it here, Malfoy, or I'll knock you off your broom!",anger
354,355,15,52,12,"Is that so?  Have it your way, then!",1,Draco Malfoy,draco malfoy,"Is that so?  Have it your way, then!",surprise
355,356,15,52,138,"Good job, Harry!",1,Boy,boy,"Good job, Harry!",joy
363,364,15,30,7,"Potter, this is Oliver Wood. Wood, I have found you a Seeker!",1,Minerva McGonagall,minerva mcgonagall,"Potter, this is Oliver Wood. Wood, I have found you a Seeker!",surprise
365,366,15,63,2,Seeker? But first years never make their house teams! You must be the youngest Quidditch player in...,1,Ron Weasley,ron weasley,Seeker? But first years never make their house teams! You must be the youngest Quidditch player in...,surprise
367,368,15,63,14,"Hey, well done, Harry, Wood's just told us!",1,Fred Weasley,fred weasley,"Hey, well done, Harry, Wood's just told us!",joy
372,373,15,63,2,"Oh, go on, Harry, Quidditch is great. Best game there is! And you'll be great, too!",1,Ron Weasley,ron weasley,"Oh, go on, Harry, Quidditch is great. Best game there is! And you'll be great, too!",joy
373,374,15,63,1,But I've never even played Quidditch. What if I make a fool of myself?,1,Harry Potter,harry potter,But I've never even played Quidditch. What if I make a fool of myself?,anger
375,376,15,63,2,"Whoa. Harry, you never told me your father was a Seeker, too.",1,Ron Weasley,ron weasley,"Whoa. Harry, you never told me your father was a Seeker, too.",surprise
376,377,15,63,1,I-I didn't know.,1,Harry Potter,harry potter,I-I didn't know.,surprise
377,378,16,59,2,"I'm telling you, it's spooky. She knows more about you than you do.",1,Ron Weasley,ron weasley,"I'm telling you, it's spooky. She knows more about you than you do.",fear
378,379,16,59,1,Who doesn't?,1,Harry Potter,harry potter,Who doesn't?,surprise
379,380,16,59,2,Ahh!,1,Ron Weasley,ron weasley,Ahh!,surprise
380,381,16,59,1,What's happening?,1,Harry Potter,harry potter,What's happening?,surprise
383,384,16,59,2,Before the staircase moves again.,1,Ron Weasley,ron weasley,Before the staircase moves again.,fear
384,385,16,59,1,Does anyone feel like...we shouldn't be here?,1,Harry Potter,harry potter,Does anyone feel like...we shouldn't be here?,sadness
387,388,16,59,2,It's Filch's cat!,1,Ron Weasley,ron weasley,It's Filch's cat!,surprise
388,389,16,59,1,Run!,1,Harry Potter,harry potter,Run!,anger
389,390,16,59,1,Quick! Let's hide though that door!,1,Harry Potter,harry potter,Quick! Let's hide though that door!,anger
390,391,16,59,1,It's locked!,1,Harry Potter,harry potter,It's locked!,surprise
391,392,16,59,2,"That's it, we're done for!",1,Ron Weasley,ron weasley,"That's it, we're done for!",anger
393,394,16,59,2,Alohomora?,1,Ron Weasley,ron weasley,Alohomora?,surprise
400,401,16,59,136,AHHHHHHH!,1,All,all,AHHHHHHH!,surprise
401,402,16,59,2,What do they think they're doing?? Keeping a thing like that locked up in a school.,1,Ron Weasley,ron weasley,What do they think they're doing?? Keeping a thing like that locked up in a school.,surprise
402,403,16,59,3,"You don't use your eyes, do you? Didn't you see what it was standing on?",1,Hermione Granger,hermione granger,"You don't use your eyes, do you? Didn't you see what it was standing on?",anger
403,404,16,59,2,"I wasn't looking at its feet! I was a bit preoccupied with its heads. Or maybe you didn't notice, there were three!",1,Ron Weasley,ron weasley,"I wasn't looking at its feet! I was a bit preoccupied with its heads. Or maybe you didn't notice, there were three!",surprise
407,408,16,59,2,She needs to sort out her priorities!,1,Ron Weasley,ron weasley,She needs to sort out her priorities!,anger
411,412,17,52,1,What is that?,1,Harry Potter,harry potter,What is that?,surprise
412,413,17,52,46,"Bludger. Nasty little buggers. But you are the seeker, and the only thing I want you to worry about is this... the Golden Snitch.",1,Oliver Wood,oliver wood,"Bludger. Nasty little buggers. But you are the seeker, and the only thing I want you to worry about is this... the Golden Snitch.",fear
413,414,17,52,1,I like this ball.,1,Harry Potter,harry potter,I like this ball.,joy
415,416,17,52,1,What do I do with it?,1,Harry Potter,harry potter,What do I do with it?,anger
417,418,17,52,1,Whoa.,1,Harry Potter,harry potter,Whoa.,surprise
421,422,17,26,12,Wingardium Levio-saaa.,1,Draco Malfoy,draco malfoy,Wingardium Levio-saaa.,joy
422,423,17,26,2,Wingardrium Leviosar!,1,Ron Weasley,ron weasley,Wingardrium Leviosar!,surprise
423,424,17,26,3,"Stop, stop, stop. You're going to take someone's eye out. Besides, you're saying it wrong. It's Levi-o-sa, not Leviosar.",1,Hermione Granger,hermione granger,"Stop, stop, stop. You're going to take someone's eye out. Besides, you're saying it wrong. It's Levi-o-sa, not Leviosar.",anger
426,427,17,26,59,"Oh, well done! See here, everyone! Ms. Granger's done it! Oh, splendid!",1,Filius Flitwick,filius flitwick,"Oh, well done! See here, everyone! Ms. Granger's done it! Oh, splendid!",joy
429,430,17,26,59,Whooaaa! Ooh.,1,Filius Flitwick,filius flitwick,Whooaaa! Ooh.,surprise
431,432,17,36,2,"It's Levioooosa, not Leviosaaaar.  She's a nightmare, honestly. No wonder she hasn't got any friends!",1,Ron Weasley,ron weasley,"It's Levioooosa, not Leviosaaaar.  She's a nightmare, honestly. No wonder she hasn't got any friends!",surprise
432,433,17,36,1,I think she heard you.,1,Harry Potter,harry potter,I think she heard you.,surprise
434,435,18,36,10,Parvati Patil said that she wouldn't come out of the girl's bathroom. She said that she'd been in there all afternoon...crying.,1,Neville Longbottom,neville longbottom,Parvati Patil said that she wouldn't come out of the girl's bathroom. She said that she'd been in there all afternoon...crying.,sadness
435,436,18,36,41,TROLL! IN THE DUNGEON! T-TROOLLL IN THE DUNGEON!!  Thought you ought to know.,1,Quirinus Quirrell,quirinus quirrell,TROLL! IN THE DUNGEON! T-TROOLLL IN THE DUNGEON!!  Thought you ought to know.,surprise
436,437,18,36,4,"SILLLLLEEENNNNCEEEEE!  Everyone will please, not panic. Now, Prefects will lead their houses back to the dormitories. Teachers will follow me to the dungeons.",1,Albus Dumbledore,albus dumbledore,"SILLLLLEEENNNNCEEEEE!  Everyone will please, not panic. Now, Prefects will lead their houses back to the dormitories. Teachers will follow me to the dungeons.",fear
437,438,18,36,134,"Hufflepuff, this way!",1,Girl,girl,"Hufflepuff, this way!",joy
438,439,18,36,138,Stay together!,1,Boy,boy,Stay together!,anger
440,441,18,36,1,How could a troll get in?,1,Harry Potter,harry potter,How could a troll get in?,surprise
442,443,18,36,1,Hermione! She doesn't know!,1,Harry Potter,harry potter,Hermione! She doesn't know!,surprise
444,445,18,34,1,It's going into the Girl's Bathroom!,1,Harry Potter,harry potter,It's going into the Girl's Bathroom!,surprise
445,446,18,34,1,"Hermione, move!",1,Harry Potter,harry potter,"Hermione, move!",anger
447,448,18,34,2,"Hey, pea brain!",1,Ron Weasley,ron weasley,"Hey, pea brain!",joy
448,449,18,34,3,Ahhh! Help!,1,Hermione Granger,hermione granger,Ahhh! Help!,surprise
449,450,18,34,1,"Whooa! Whoa, whoa!",1,Harry Potter,harry potter,"Whooa! Whoa, whoa!",surprise
451,452,18,34,1,"Whoa, whoa whoa!",1,Harry Potter,harry potter,"Whoa, whoa whoa!",surprise
452,453,18,34,1,Do something!,1,Harry Potter,harry potter,Do something!,anger
453,454,18,34,2,What?,1,Ron Weasley,ron weasley,What?,surprise
454,455,18,34,1,Anything! Hurry up!,1,Harry Potter,harry potter,Anything! Hurry up!,joy
456,457,18,34,2,Wingardium Leviosa!  Cool.,1,Ron Weasley,ron weasley,Wingardium Leviosa!  Cool.,joy
457,458,18,34,3,Is it...dead?,1,Hermione Granger,hermione granger,Is it...dead?,surprise
459,460,18,34,7,"Oh! Oh, my goodness! E-Explain yourselves, both of you!",1,Minerva McGonagall,minerva mcgonagall,"Oh! Oh, my goodness! E-Explain yourselves, both of you!",surprise
462,463,18,34,3,"It's my fault, Professor McGonagall.",1,Hermione Granger,hermione granger,"It's my fault, Professor McGonagall.",anger
463,464,18,34,7,Miss Granger?,1,Minerva McGonagall,minerva mcgonagall,Miss Granger?,surprise
464,465,18,34,3,I went looking for the troll. I'd read about them and thought I could handle it. But I was wrong. If Harry and Ron hadn't come and found me...I'd probably be dead.,1,Hermione Granger,hermione granger,I went looking for the troll. I'd read about them and thought I could handle it. But I was wrong. If Harry and Ron hadn't come and found me...I'd probably be dead.,sadness
465,466,18,34,7,"Be that as it may be...it was an extremely foolish thing to do.  I would have expected more rational behavior on your part, Miss Granger. Five points will be taken from Gryffindor for your serious lack of judgment.  As for you two gentlemen I just hope you realize how fortunate you are. Not many students could take on a fully grown mountain troll and live to tell the tale. Five points...will be awarded to each of you.  For sheer dumb luck.",1,Minerva McGonagall,minerva mcgonagall,"Be that as it may be...it was an extremely foolish thing to do.  I would have expected more rational behavior on your part, Miss Granger. Five points will be taken from Gryffindor for your serious lack of judgment.  As for you two gentlemen I just hope you realize how fortunate you are. Not many students could take on a fully grown mountain troll and live to tell the tale. Five points...will be awarded to each of you.  For sheer dumb luck.",sadness
466,467,18,34,41,Perhaps you ought to go...M-might wake up...heh.  Ahh! Hehe....,1,Quirinus Quirrell,quirinus quirrell,Perhaps you ought to go...M-might wake up...heh.  Ahh! Hehe....,sadness
469,470,18,34,1,"Mind you, she didn't need saving if you hadn't insulted her.",1,Harry Potter,harry potter,"Mind you, she didn't need saving if you hadn't insulted her.",anger
473,474,19,36,1,I'm not hungry.,1,Harry Potter,harry potter,I'm not hungry.,sadness
476,477,19,36,3,Blood?,1,Hermione Granger,hermione granger,Blood?,surprise
478,479,19,36,3,But why would anyone go near that dog?,1,Hermione Granger,hermione granger,But why would anyone go near that dog?,surprise
483,484,19,36,1,But I-I never get mail.,1,Harry Potter,harry potter,But I-I never get mail.,sadness
485,486,19,36,1,It's a broomstick!,1,Harry Potter,harry potter,It's a broomstick!,surprise
486,487,19,36,2,"Thats not just any broomstick, Harry.  It's a Nimbus 2000!",1,Ron Weasley,ron weasley,"Thats not just any broomstick, Harry.  It's a Nimbus 2000!",surprise
487,488,19,36,1,But who...?,1,Harry Potter,harry potter,But who...?,surprise
488,489,19,51,46,"Scared, Harry?",1,Oliver Wood,oliver wood,"Scared, Harry?",fear
491,492,19,51,1,What happened?,1,Harry Potter,harry potter,What happened?,surprise
492,493,19,51,46,"Er, I don't really remember. I took a bludger to the head 2 minutes in. Woke up in the hospital a week later.",1,Oliver Wood,oliver wood,"Er, I don't really remember. I took a bludger to the head 2 minutes in. Woke up in the hospital a week later.",surprise
493,494,19,51,52,"Hello, and welcome to Hogwarts' first Quidditch game of the season! Today's game Slytherin versus Gryffindor!!!",1,Lee Jordan,lee jordan,"Hello, and welcome to Hogwarts' first Quidditch game of the season! Today's game Slytherin versus Gryffindor!!!",joy
494,495,19,51,10,Gryffindor!,1,Neville Longbottom,neville longbottom,Gryffindor!,joy
498,499,19,51,52,The Quaffle is released...and the game begins!,1,Lee Jordan,lee jordan,The Quaffle is released...and the game begins!,joy
499,500,19,51,52,Angelina Johnson scores! 10 points for Gryffindor!,1,Lee Jordan,lee jordan,Angelina Johnson scores! 10 points for Gryffindor!,joy
500,501,19,51,1,Yes!  Whoa!,1,Harry Potter,harry potter,Yes!  Whoa!,surprise
501,502,19,51,5,Well done!,1,Rubeus Hagrid,rubeus hagrid,Well done!,joy
503,504,19,51,2,Yay!,1,Ron Weasley,ron weasley,Yay!,joy
504,505,19,51,29,Yay!,1,Seamus Finnigan,seamus finnigan,Yay!,joy
505,506,19,51,1,Yes!,1,Harry Potter,harry potter,Yes!,anger
506,507,19,51,52,Another 10 points to Gryffindor!,1,Lee Jordan,lee jordan,Another 10 points to Gryffindor!,joy
507,508,19,51,165,Yay!,1,Gryffindors,gryffindors,Yay!,joy
508,509,19,51,82,Give me that!,1,Marcus Flint,marcus flint,Give me that!,anger
509,510,19,51,82,Take that side!,1,Marcus Flint,marcus flint,Take that side!,anger
510,511,20,51,1,Whoa! Whooa!,1,Harry Potter,harry potter,Whoa! Whooa!,surprise
511,512,20,51,5,What's going on with Harry's broomstick?,1,Rubeus Hagrid,rubeus hagrid,What's going on with Harry's broomstick?,surprise
512,513,20,51,3,It's Snape! He's jinxing the broom!,1,Hermione Granger,hermione granger,It's Snape! He's jinxing the broom!,anger
513,514,20,51,2,Jinxing the broom? What do we do?,1,Ron Weasley,ron weasley,Jinxing the broom? What do we do?,anger
515,516,20,51,2,"Come on, Hermione!",1,Ron Weasley,ron weasley,"Come on, Hermione!",anger
517,518,20,51,139,Fire! You're on fire!,1,Man,man,Fire! You're on fire!,anger
518,519,20,51,6,What? Oh!,1,Severus Snape,severus snape,What? Oh!,surprise
519,520,20,51,2,Go!,1,Ron Weasley,ron weasley,Go!,anger
520,521,20,51,5,Go go go!,1,Rubeus Hagrid,rubeus hagrid,Go go go!,anger
522,523,20,51,52,He's got the Snitch! Harry Potter receives 150 points for catching the Snitch!,1,Lee Jordan,lee jordan,He's got the Snitch! Harry Potter receives 150 points for catching the Snitch!,surprise
523,524,20,51,50,Gryffindor win!,1,Rolanda Hooch,rolanda hooch,Gryffindor win!,joy
524,525,20,51,12,No!,1,Draco Malfoy,draco malfoy,No!,anger
525,526,20,51,5,Yes!,1,Rubeus Hagrid,rubeus hagrid,Yes!,anger
526,527,20,51,3,Whoo-hoo!,1,Hermione Granger,hermione granger,Whoo-hoo!,surprise
527,528,20,51,164,Go go Gryffindor! Go go Gryffindor! Go go Gryffindor! Go go Gryffindor!,1,Crowd,crowd,Go go Gryffindor! Go go Gryffindor! Go go Gryffindor! Go go Gryffindor!,anger
528,529,21,40,5,Nonsense! Why would Snape put a curse on Harry's broom?,1,Rubeus Hagrid,rubeus hagrid,Nonsense! Why would Snape put a curse on Harry's broom?,anger
529,530,21,40,1,Who knows? Why was he trying to get past that three-headed dog on Halloween?,1,Harry Potter,harry potter,Who knows? Why was he trying to get past that three-headed dog on Halloween?,surprise
530,531,21,40,5,Who told you about Fluffy?,1,Rubeus Hagrid,rubeus hagrid,Who told you about Fluffy?,surprise
531,532,21,40,2,Fluffy?,1,Ron Weasley,ron weasley,Fluffy?,surprise
532,533,21,40,3,That thing has a name?,1,Hermione Granger,hermione granger,That thing has a name?,surprise
534,535,21,40,1,Yes?,1,Harry Potter,harry potter,Yes?,surprise
535,536,21,40,5,"Shouldn't have said that. No more questions! Don't ask any more questions. That's top secret, that is.",1,Rubeus Hagrid,rubeus hagrid,"Shouldn't have said that. No more questions! Don't ask any more questions. That's top secret, that is.",anger
540,541,21,40,5,"Now, you listen to me, all three of you. You're meddling in things that ought not to be meddled in. It's dangerous. What that dog is guarding is strictly between Dumbledore and Nicholas Flamel.",1,Rubeus Hagrid,rubeus hagrid,"Now, you listen to me, all three of you. You're meddling in things that ought not to be meddled in. It's dangerous. What that dog is guarding is strictly between Dumbledore and Nicholas Flamel.",anger
541,542,21,40,1,Nicholas Flamel?,1,Harry Potter,harry potter,Nicholas Flamel?,surprise
543,544,21,40,1,Nicholas Flamel.  Who's Nicholas Flamel?,1,Harry Potter,harry potter,Nicholas Flamel.  Who's Nicholas Flamel?,surprise
544,545,21,40,3,I don't know.,1,Hermione Granger,hermione granger,I don't know.,surprise
545,546,21,39,158,Merry Christmas. Merry Christmas. Ring the Hogwart bell. Merry Christmas. Merry Christmas...,1,Man in a painting,man in a painting,Merry Christmas. Merry Christmas. Ring the Hogwart bell. Merry Christmas. Merry Christmas...,joy
549,550,21,39,2,That's wizard's chess.  I see you've packed.,1,Ron Weasley,ron weasley,That's wizard's chess.  I see you've packed.,surprise
551,552,21,39,2,"Change of plans, my parents decided to go to Romania to visit my brother Charlie. He's studying dragons there.",1,Ron Weasley,ron weasley,"Change of plans, my parents decided to go to Romania to visit my brother Charlie. He's studying dragons there.",sadness
554,555,21,39,3,Not in the restricted section. Happy Christmas.,1,Hermione Granger,hermione granger,Not in the restricted section. Happy Christmas.,joy
556,557,21,39,2,"Harry wake up! Come on Harry, wake up!",1,Ron Weasley,ron weasley,"Harry wake up! Come on Harry, wake up!",anger
557,558,21,39,2,"Happy Christmas, Harry.",1,Ron Weasley,ron weasley,"Happy Christmas, Harry.",joy
558,559,21,39,1,"Happy Christmas, Ron.  What are you wearing?",1,Harry Potter,harry potter,"Happy Christmas, Ron.  What are you wearing?",joy
559,560,21,39,2,Oh. My mum made it.  It looks like you've got one too.,1,Ron Weasley,ron weasley,Oh. My mum made it.  It looks like you've got one too.,surprise
560,561,21,39,1,I-I've got presents?,1,Harry Potter,harry potter,I-I've got presents?,surprise
561,562,21,39,2,Yeah!,1,Ron Weasley,ron weasley,Yeah!,surprise
564,565,21,39,2,What is it?,1,Ron Weasley,ron weasley,What is it?,surprise
567,568,21,39,2,Whoa!,1,Ron Weasley,ron weasley,Whoa!,surprise
568,569,21,39,1,My body's gone!,1,Harry Potter,harry potter,My body's gone!,surprise
570,571,21,39,1,I'm invisible?,1,Harry Potter,harry potter,I'm invisible?,surprise
571,572,21,39,2,They're really rare.  I wonder who gave it to you?,1,Ron Weasley,ron weasley,They're really rare.  I wonder who gave it to you?,surprise
574,575,22,54,35,Who's there?!  I know you're in there. You can't hide.  Who is it? Show yourself!,1,Argus Filch,argus filch,Who's there?!  I know you're in there. You can't hide.  Who is it? Show yourself!,surprise
575,576,22,54,41,Severus...I-I thought...,1,Quirinus Quirrell,quirinus quirrell,Severus...I-I thought...,surprise
576,577,22,54,6,"You don't want me as your enemy, Quirrell.",1,Severus Snape,severus snape,"You don't want me as your enemy, Quirrell.",anger
577,578,22,54,41,W-what do you m-mean?,1,Quirinus Quirrell,quirinus quirrell,W-what do you m-mean?,surprise
580,581,23,65,1,Mum?  Dad?,1,Harry Potter,harry potter,Mum?  Dad?,surprise
581,582,23,65,1,"Ron! You've really got to see this! Ron! You've got to see this!  Ron, Ron, come on. Get out of bed!",1,Harry Potter,harry potter,"Ron! You've really got to see this! Ron! You've got to see this!  Ron, Ron, come on. Get out of bed!",surprise
582,583,23,65,2,Why?,1,Ron Weasley,ron weasley,Why?,surprise
583,584,23,65,1,"There's something you've got to see. Now, come on!",1,Harry Potter,harry potter,"There's something you've got to see. Now, come on!",anger
584,585,23,65,1,"Come on. Come. Come look, it's my parents!",1,Harry Potter,harry potter,"Come on. Come. Come look, it's my parents!",anger
586,587,23,65,1,"Look in properly. Go on. Stand there. There. You see them, don't you? Thats my dad",1,Harry Potter,harry potter,"Look in properly. Go on. Stand there. There. You see them, don't you? Thats my dad",anger
587,588,23,65,2,"That's me! Only, I'm head boy...and I'm holding the Quidditch cup! And bloody hell, I'm Quidditch Captain too! I look good. Harry, do you think this mirror shows the future?",1,Ron Weasley,ron weasley,"That's me! Only, I'm head boy...and I'm holding the Quidditch cup! And bloody hell, I'm Quidditch Captain too! I look good. Harry, do you think this mirror shows the future?",surprise
588,589,23,65,1,How can it? Both my parents are dead.,1,Harry Potter,harry potter,How can it? Both my parents are dead.,surprise
589,590,23,65,19,"Do you like yours, Ron?  Ron?",1,George Weasley,george weasley,"Do you like yours, Ron?  Ron?",surprise
597,598,23,65,4,"Yes...and no. It shows us nothing more or less than the deepest, most desperate desires of our hearts. Now you, who have never known your family, you see them standing beside you. But remember this, Harry. This mirror gives us neither knowledge or truth. Men have wasted away in front of it, even gone mad. That is why tomorrow it will be moved to a new home, and I must ask you not to go looking for it again. It does not do to dwell on dreams, Harry, and forget to live.",1,Albus Dumbledore,albus dumbledore,"Yes...and no. It shows us nothing more or less than the deepest, most desperate desires of our hearts. Now you, who have never known your family, you see them standing beside you. But remember this, Harry. This mirror gives us neither knowledge or truth. Men have wasted away in front of it, even gone mad. That is why tomorrow it will be moved to a new home, and I must ask you not to go looking for it again. It does not do to dwell on dreams, Harry, and forget to live.",sadness
602,603,24,44,2,...I forgot.,1,Ron Weasley,ron weasley,...I forgot.,surprise
606,607,24,44,2,That's insulting! It's as if they don't trust us!  Dumbledore again!,1,Ron Weasley,ron weasley,That's insulting! It's as if they don't trust us!  Dumbledore again!,anger
610,611,24,44,10,How? I can barely stand at all!,1,Neville Longbottom,neville longbottom,How? I can barely stand at all!,surprise
611,612,24,44,29,I'll do the counter-curse!,1,Seamus Finnigan,seamus finnigan,I'll do the counter-curse!,anger
612,613,24,44,10,"No, that's all I need... you to set my bloody kneecaps on fire!",1,Neville Longbottom,neville longbottom,"No, that's all I need... you to set my bloody kneecaps on fire!",anger
614,615,24,44,1,I found him!,1,Harry Potter,harry potter,I found him!,surprise
616,617,24,44,1,Go on.,1,Harry Potter,harry potter,Go on.,anger
617,618,24,44,2,"-for his discovery of the 12 uses of Dragon Blood, and his work on alchemy with his partner Nicolas Flamel!",1,Ron Weasley,ron weasley,"-for his discovery of the 12 uses of Dragon Blood, and his work on alchemy with his partner Nicolas Flamel!",anger
620,621,24,44,10,"Hey, wait, where are you going? What about the counter-curse?!",1,Neville Longbottom,neville longbottom,"Hey, wait, where are you going? What about the counter-curse?!",anger
621,622,24,44,3,I had you looking in the wrong section! How could I be so stupid? I checked this out a few weeks ago for a bit of light reading.,1,Hermione Granger,hermione granger,I had you looking in the wrong section! How could I be so stupid? I checked this out a few weeks ago for a bit of light reading.,surprise
622,623,24,44,2,This is light?,1,Ron Weasley,ron weasley,This is light?,surprise
623,624,24,44,3,"Of course! Here it is!  ""Nicholas Flamel is the only known maker of the Philosopher's Stone!""",1,Hermione Granger,hermione granger,"Of course! Here it is!  ""Nicholas Flamel is the only known maker of the Philosopher's Stone!""",surprise
624,625,24,44,2,The what?,1,Ron Weasley,ron weasley,The what?,surprise
625,626,24,44,1,The what?,1,Harry Potter,harry potter,The what?,surprise
626,627,24,44,3,"Honestly, don't you two read? ""The Philosopher's Stone is a legendary substance with astonishing powers. It will turn any metal into pure gold and produces the Elixir of Life, which will make the drinker immortal.""",1,Hermione Granger,hermione granger,"Honestly, don't you two read? ""The Philosopher's Stone is a legendary substance with astonishing powers. It will turn any metal into pure gold and produces the Elixir of Life, which will make the drinker immortal.""",surprise
629,630,24,44,2,I know what it means!,1,Ron Weasley,ron weasley,I know what it means!,anger
631,632,24,44,3,"""The only stone currently in existence belongs to Mr. Nicholas Flamel, the noted alchemist, who last year celebrated his 665th birthday!"" That's what Fluffy's guarding on the 3rd floor. That's what's under the trapdoor...the Philosopher's Stone!",1,Hermione Granger,hermione granger,"""The only stone currently in existence belongs to Mr. Nicholas Flamel, the noted alchemist, who last year celebrated his 665th birthday!"" That's what Fluffy's guarding on the 3rd floor. That's what's under the trapdoor...the Philosopher's Stone!",surprise
633,634,24,40,5,"Oh, hello. Sorry, don't wish to be rude, but I'm in no fit state to entertain today.",1,Rubeus Hagrid,rubeus hagrid,"Oh, hello. Sorry, don't wish to be rude, but I'm in no fit state to entertain today.",sadness
634,635,24,40,1,We know about the Philosopher's Stone!,1,Harry Potter,harry potter,We know about the Philosopher's Stone!,surprise
635,636,24,40,3,We know about the Philosopher's Stone!,1,Hermione Granger,hermione granger,We know about the Philosopher's Stone!,surprise
636,637,24,40,2,We know about the Philosopher's Stone!,1,Ron Weasley,ron weasley,We know about the Philosopher's Stone!,surprise
640,641,24,40,1,"Hagrid, we know he's after the Stone. We just don't know why.",1,Harry Potter,harry potter,"Hagrid, we know he's after the Stone. We just don't know why.",surprise
641,642,24,40,5,Snape is one of the teachers protecting the Stone! He's not about to steal it!,1,Rubeus Hagrid,rubeus hagrid,Snape is one of the teachers protecting the Stone! He's not about to steal it!,anger
642,643,24,40,1,What?,1,Harry Potter,harry potter,What?,surprise
644,645,24,40,1,Wait a minute.  One of the teachers?,1,Harry Potter,harry potter,Wait a minute.  One of the teachers?,surprise
646,647,24,40,5,"That's right. Waste of bloody time, if you ask me.  Ain't no one gonna get past Fluffy. Hehe, not a soul knows how. Except for me and Dumbledore. I shouldn't have told you that. I shouldn't have told you that.  Oh!  Ooh! Ooh! Ooh! Ooh!",1,Rubeus Hagrid,rubeus hagrid,"That's right. Waste of bloody time, if you ask me.  Ain't no one gonna get past Fluffy. Hehe, not a soul knows how. Except for me and Dumbledore. I shouldn't have told you that. I shouldn't have told you that.  Oh!  Ooh! Ooh! Ooh! Ooh!",surprise
648,649,24,40,5,That? It's a ... its um...,1,Rubeus Hagrid,rubeus hagrid,That? It's a ... its um...,surprise
649,650,24,40,2,"I know what that is! But Hagrid, how did you get one?",1,Ron Weasley,ron weasley,"I know what that is! But Hagrid, how did you get one?",surprise
650,651,24,40,5,"I won it. Off a stranger I met down at a pub. Seemed quite glad to be rid off it, as a matter of fact.",1,Rubeus Hagrid,rubeus hagrid,"I won it. Off a stranger I met down at a pub. Seemed quite glad to be rid off it, as a matter of fact.",joy
651,652,24,40,3,Is that...a dragon?,1,Hermione Granger,hermione granger,Is that...a dragon?,surprise
654,655,24,40,1,Norbert?,1,Harry Potter,harry potter,Norbert?,surprise
656,657,24,40,5,"Ohh!  Oooh, ooh, ooh, well...he'll have to be trained up a bit, of course.  Who's that?",1,Rubeus Hagrid,rubeus hagrid,"Ohh!  Oooh, ooh, ooh, well...he'll have to be trained up a bit, of course.  Who's that?",surprise
664,665,24,40,7,"Nothing, I repeat, nothing gives a student the right to walk about the school at night. Therefore, as punishment for your actions, 50 points will be taken.",1,Minerva McGonagall,minerva mcgonagall,"Nothing, I repeat, nothing gives a student the right to walk about the school at night. Therefore, as punishment for your actions, 50 points will be taken.",anger
665,666,24,40,1,50?!,1,Harry Potter,harry potter,50?!,surprise
670,671,25,35,5,Norbert's gone. Dumbledore sent him off to Romania to live in a colony.,1,Rubeus Hagrid,rubeus hagrid,Norbert's gone. Dumbledore sent him off to Romania to live in a colony.,sadness
672,673,25,35,5,"Yeah, but what if he don't like Romania?  What if the other dragons are mean to him? He's only a baby, after all.",1,Rubeus Hagrid,rubeus hagrid,"Yeah, but what if he don't like Romania?  What if the other dragons are mean to him? He's only a baby, after all.",anger
673,674,25,35,35,"Oh, for Gods sake, pull yourself together, man. You're going into the forest, after all. Got to have your wits about you.",1,Argus Filch,argus filch,"Oh, for Gods sake, pull yourself together, man. You're going into the forest, after all. Got to have your wits about you.",anger
674,675,25,35,12,The forest? I thought that was a joke! We can't go in there. Students aren't allowed. And there are......werewolves!,1,Draco Malfoy,draco malfoy,The forest? I thought that was a joke! We can't go in there. Students aren't allowed. And there are......werewolves!,surprise
677,678,25,35,1,"Hagrid, what's that?",1,Harry Potter,harry potter,"Hagrid, what's that?",surprise
681,682,25,35,12,Okay. Then I get Fang!,1,Draco Malfoy,draco malfoy,Okay. Then I get Fang!,anger
682,683,25,35,5,"Fine. Just so you know, he's a bloody coward.",1,Rubeus Hagrid,rubeus hagrid,"Fine. Just so you know, he's a bloody coward.",anger
684,685,25,35,1,"If I didn't know better, Draco, I'd say you were scared.",1,Harry Potter,harry potter,"If I didn't know better, Draco, I'd say you were scared.",fear
685,686,25,35,12,"Scared, Potter?!  Did you hear that? Come on, Fang. Scared.",1,Draco Malfoy,draco malfoy,"Scared, Potter?!  Did you hear that? Come on, Fang. Scared.",fear
686,687,25,35,1,"What is it, Fang?",1,Harry Potter,harry potter,"What is it, Fang?",surprise
687,688,25,35,12,HELP!!!!!,1,Draco Malfoy,draco malfoy,HELP!!!!!,anger
689,690,25,35,1,But what was that thing you saved me from?,1,Harry Potter,harry potter,But what was that thing you saved me from?,surprise
692,693,25,35,87,Can you think of no one?,1,Firenze,firenze,Can you think of no one?,surprise
694,695,25,35,87,Do you know what is hidden in the school at this very moment?,1,Firenze,firenze,Do you know what is hidden in the school at this very moment?,surprise
696,697,25,35,3,Harry!,1,Hermione Granger,hermione granger,Harry!,surprise
699,700,26,39,3,"You mean You-Know-Who's out there, right now, in the forest?",1,Hermione Granger,hermione granger,"You mean You-Know-Who's out there, right now, in the forest?",surprise
700,701,26,39,1,"But he's weak. He's living off the unicorns. Don't you see? We had it wrong! Snape doesn't want the Stone for himself; he wants the Stone for Voldemort. With the Elixir of Life, Voldemort will be strong again. He'll... he'll come back.",1,Harry Potter,harry potter,"But he's weak. He's living off the unicorns. Don't you see? We had it wrong! Snape doesn't want the Stone for himself; he wants the Stone for Voldemort. With the Elixir of Life, Voldemort will be strong again. He'll... he'll come back.",anger
702,703,26,39,1,"I think if he'd had the chance, he might've tried to kill me tonight.",1,Harry Potter,harry potter,"I think if he'd had the chance, he might've tried to kill me tonight.",fear
703,704,26,39,2,And to think I've been worrying about my Potions final.,1,Ron Weasley,ron weasley,And to think I've been worrying about my Potions final.,fear
704,705,26,39,3,"Hang on a minute.  We're forgetting one thing. Who's the one wizard Voldemort always feared? Dumbledore. As long as Dumbledore's around, Harry, you're safe. As long as Dumbledore's around, you can't be touched.",1,Hermione Granger,hermione granger,"Hang on a minute.  We're forgetting one thing. Who's the one wizard Voldemort always feared? Dumbledore. As long as Dumbledore's around, Harry, you're safe. As long as Dumbledore's around, you can't be touched.",fear
705,706,27,39,3,"I've always heard Hogwarts' end of the year exams were frightful, but I found that rather enjoyable.",1,Hermione Granger,hermione granger,"I've always heard Hogwarts' end of the year exams were frightful, but I found that rather enjoyable.",fear
707,708,27,39,1,My scar. It keeps burning.,1,Harry Potter,harry potter,My scar. It keeps burning.,anger
711,712,27,39,1,I think it's a warning. It means dangers coming. Uhh!  Oh. Of course!,1,Harry Potter,harry potter,I think it's a warning. It means dangers coming. Uhh!  Oh. Of course!,fear
712,713,27,39,3,What is it?,1,Hermione Granger,hermione granger,What is it?,surprise
713,714,27,39,1,"Don't you think it's a bit odd that what Hagrid wants more than anything is a dragon, and a stranger shows up and just happens to have one?  I mean, how many people wander around with dragon eggs in their pockets? Why didn't I see it before? Hagrid, who gave you the dragon egg?  What did he look like?",1,Harry Potter,harry potter,"Don't you think it's a bit odd that what Hagrid wants more than anything is a dragon, and a stranger shows up and just happens to have one?  I mean, how many people wander around with dragon eggs in their pockets? Why didn't I see it before? Hagrid, who gave you the dragon egg?  What did he look like?",surprise
717,718,27,39,1,And did he seem interested in Fluffy?,1,Harry Potter,harry potter,And did he seem interested in Fluffy?,surprise
719,720,27,39,5,I shouldn't have told you that. Where you going?! Wait!,1,Rubeus Hagrid,rubeus hagrid,I shouldn't have told you that. Where you going?! Wait!,surprise
720,721,27,39,1,"We have to see Professor Dumbledore, immediately!",1,Harry Potter,harry potter,"We have to see Professor Dumbledore, immediately!",fear
721,722,27,39,7,I'm afraid Professor Dumbledore is not here. He received an urgent owl from the Ministry of Magic and left immediately for London.,1,Minerva McGonagall,minerva mcgonagall,I'm afraid Professor Dumbledore is not here. He received an urgent owl from the Ministry of Magic and left immediately for London.,fear
722,723,27,39,1,He's gone?! Now? But this is important! It's about...the Philosopher's Stone.,1,Harry Potter,harry potter,He's gone?! Now? But this is important! It's about...the Philosopher's Stone.,surprise
724,725,27,39,1,Someone's going to try and steal it.,1,Harry Potter,harry potter,Someone's going to try and steal it.,anger
727,728,27,39,3,And with Dumbledore gone,1,Hermione Granger,hermione granger,And with Dumbledore gone,sadness
731,732,27,39,3,Now what do we do?,1,Hermione Granger,hermione granger,Now what do we do?,anger
734,735,27,39,2,"Trevor shh! Go, you shouldn't be here!",1,Ron Weasley,ron weasley,"Trevor shh! Go, you shouldn't be here!",anger
735,736,27,39,10,"Neither should you. You're sneaking out again, arent you?",1,Neville Longbottom,neville longbottom,"Neither should you. You're sneaking out again, arent you?",anger
737,738,27,39,10,No! I won't let you!  You'll get Gryffindor in trouble again! I-I'll fight you.,1,Neville Longbottom,neville longbottom,No! I won't let you!  You'll get Gryffindor in trouble again! I-I'll fight you.,fear
738,739,27,39,3,"Neville, I'm really, really sorry about this... Petrificus Totalus.",1,Hermione Granger,hermione granger,"Neville, I'm really, really sorry about this... Petrificus Totalus.",sadness
739,740,27,39,2,"You're a little scary sometimes...you know that? Brilliant, but scary.",1,Ron Weasley,ron weasley,"You're a little scary sometimes...you know that? Brilliant, but scary.",fear
740,741,27,39,1,Let's go.  Sorry.,1,Harry Potter,harry potter,Let's go.  Sorry.,sadness
741,742,27,59,3,Sorry.,1,Hermione Granger,hermione granger,Sorry.,sadness
743,744,27,59,3,Ow! You stood on my foot!,1,Hermione Granger,hermione granger,Ow! You stood on my foot!,surprise
744,745,27,59,2,Sorry.,1,Ron Weasley,ron weasley,Sorry.,sadness
750,751,27,59,2,What?!,1,Ron Weasley,ron weasley,What?!,surprise
751,752,27,59,1,"Come on!  Okay. Push!  I'll go first. Don't follow until I give you a sign.  If something bad happens, get yourselves out...Does it seem a bit...quiet?",1,Harry Potter,harry potter,"Come on!  Okay. Push!  I'll go first. Don't follow until I give you a sign.  If something bad happens, get yourselves out...Does it seem a bit...quiet?",fear
752,753,27,59,3,The harp. It stopped playing.,1,Hermione Granger,hermione granger,The harp. It stopped playing.,sadness
755,756,27,64,2,"Ahh!  Whoa. Lucky this plant-thing is here, really.",1,Ron Weasley,ron weasley,"Ahh!  Whoa. Lucky this plant-thing is here, really.",surprise
756,757,27,64,1,Whoa!  Oh. Ahh!,1,Harry Potter,harry potter,Whoa!  Oh. Ahh!,surprise
758,759,27,64,2,"Kill us faster?! Oh, now I can relax!",1,Ron Weasley,ron weasley,"Kill us faster?! Oh, now I can relax!",joy
759,760,27,64,2,Hermione!!,1,Ron Weasley,ron weasley,Hermione!!,surprise
760,761,27,64,1,Hermione!!,1,Harry Potter,harry potter,Hermione!!,surprise
761,762,27,64,2,Now what are we gonna do?!,1,Ron Weasley,ron weasley,Now what are we gonna do?!,anger
763,764,27,64,1,Hermione! Where are you?!,1,Harry Potter,harry potter,Hermione! Where are you?!,surprise
765,766,27,64,2,Ahh! Harry!,1,Ron Weasley,ron weasley,Ahh! Harry!,surprise
766,767,27,64,2,Harry!,1,Ron Weasley,ron weasley,Harry!,surprise
767,768,27,64,3,Are you okay?,1,Hermione Granger,hermione granger,Are you okay?,anger
769,770,27,64,2,Help!,1,Ron Weasley,ron weasley,Help!,fear
772,773,27,64,2,Help! Help me!,1,Ron Weasley,ron weasley,Help! Help me!,fear
773,774,27,64,3,We've got to do something!,1,Hermione Granger,hermione granger,We've got to do something!,anger
774,775,27,64,1,What?,1,Harry Potter,harry potter,What?,surprise
775,776,27,64,3,Uh! I remember reading something in Herbology.,1,Hermione Granger,hermione granger,Uh! I remember reading something in Herbology.,surprise
776,777,27,64,2,Help!,1,Ron Weasley,ron weasley,Help!,fear
777,778,27,64,3,"Um Devil's Snare, Devil's Scare,  it's deadly fun...but will sulk in the sun! That's it! Devil's Snare hates sunlight!  Lumos Solem!",1,Hermione Granger,hermione granger,"Um Devil's Snare, Devil's Scare,  it's deadly fun...but will sulk in the sun! That's it! Devil's Snare hates sunlight!  Lumos Solem!",fear
778,779,27,64,2,Ahhh!,1,Ron Weasley,ron weasley,Ahhh!,surprise
779,780,27,64,1,"Ron, are you okay?",1,Harry Potter,harry potter,"Ron, are you okay?",anger
782,783,27,64,2,Whew. Lucky we didn't panic!,1,Ron Weasley,ron weasley,Whew. Lucky we didn't panic!,fear
784,785,27,64,3,What is that?,1,Hermione Granger,hermione granger,What is that?,surprise
785,786,27,64,1,I don't know. Sounds like wings.,1,Harry Potter,harry potter,I don't know. Sounds like wings.,surprise
788,789,27,64,3,What's this all about?,1,Hermione Granger,hermione granger,What's this all about?,surprise
789,790,27,64,1,I don't know. Strange.,1,Harry Potter,harry potter,I don't know. Strange.,surprise
790,791,27,64,2,"Alohomora!  Well, it was worth a try.",1,Ron Weasley,ron weasley,"Alohomora!  Well, it was worth a try.",surprise
793,794,27,64,1,There! I see it!  The one with the broken wing!,1,Harry Potter,harry potter,There! I see it!  The one with the broken wing!,surprise
794,795,27,64,3,"What's wrong, Harry?",1,Hermione Granger,hermione granger,"What's wrong, Harry?",anger
796,797,27,64,2,"Oh, go on, Harry! If Snape can catch it on that old broomstick, you can! You're the youngest seeker in a century!",1,Ron Weasley,ron weasley,"Oh, go on, Harry! If Snape can catch it on that old broomstick, you can! You're the youngest seeker in a century!",anger
797,798,27,64,2,This complicates things a bit!,1,Ron Weasley,ron weasley,This complicates things a bit!,joy
804,805,28,64,3,Now what do we do?,1,Hermione Granger,hermione granger,Now what do we do?,anger
806,807,28,64,3,What happens now?,1,Hermione Granger,hermione granger,What happens now?,surprise
808,809,28,64,3,"Ron, you don't suppose this is going to be like...real wizard's chess, do you?",1,Hermione Granger,hermione granger,"Ron, you don't suppose this is going to be like...real wizard's chess, do you?",surprise
809,810,28,64,2,"You there! D-5!  Yes, Hermione, I think this is going to be exactly like wizard's chess!",1,Ron Weasley,ron weasley,"You there! D-5!  Yes, Hermione, I think this is going to be exactly like wizard's chess!",surprise
810,811,29,64,2,"Castle to E-4! Smash! Ron: Pawn to C-3! Smash! Boom! The Queen turns, and smashes a piece! Harry, Ron and Hermione wince. The Queen turns again. Both Ron and Harry study the game.",1,Ron Weasley,ron weasley,"Castle to E-4! Smash! Ron: Pawn to C-3! Smash! Boom! The Queen turns, and smashes a piece! Harry, Ron and Hermione wince. The Queen turns again. Both Ron and Harry study the game.",sadness
813,814,29,64,1,"No, Ron! No!",1,Harry Potter,harry potter,"No, Ron! No!",anger
814,815,29,64,3,What is it?,1,Hermione Granger,hermione granger,What is it?,surprise
815,816,29,64,1,He's going to sacrifice himself!,1,Harry Potter,harry potter,He's going to sacrifice himself!,anger
816,817,29,64,3,"No, Ron, you can't!  There must be another way!",1,Hermione Granger,hermione granger,"No, Ron, you can't!  There must be another way!",fear
817,818,29,64,2,"Do you want to stop Snape or not? Harry, it's you that has to go on. I know it. Not me, not Hermione, you.  Knight...to H-3.",1,Ron Weasley,ron weasley,"Do you want to stop Snape or not? Harry, it's you that has to go on. I know it. Not me, not Hermione, you.  Knight...to H-3.",fear
819,820,29,64,2,Ahhhh!,1,Ron Weasley,ron weasley,Ahhhh!,surprise
820,821,29,64,1,"RON!  NO! Don't move! Dont forget, we're still playing.  Checkmate.  Take care of Ron. Then, go to the owlery. Send a message to Dumbledore. Ron's right...I have to go on.",1,Harry Potter,harry potter,"RON!  NO! Don't move! Dont forget, we're still playing.  Checkmate.  Take care of Ron. Then, go to the owlery. Send a message to Dumbledore. Ron's right...I have to go on.",fear
824,825,30,64,1,"You?  No. I-it can't be. Snape, h-he was the one--",1,Harry Potter,harry potter,"You?  No. I-it can't be. Snape, h-he was the one--",surprise
826,827,30,64,1,"But-but that day, during the Quidditch match, Snape tried to kill me.",1,Harry Potter,harry potter,"But-but that day, during the Quidditch match, Snape tried to kill me.",fear
827,828,30,64,41,"No, dear boy. I tried to kill you.  And trust me, if Snape's cloak hadn't caught fire and broken my eye contact, I would have succeeded, even with Snape muttering his little countercurse.",1,Quirinus Quirrell,quirinus quirrell,"No, dear boy. I tried to kill you.  And trust me, if Snape's cloak hadn't caught fire and broken my eye contact, I would have succeeded, even with Snape muttering his little countercurse.",fear
828,829,30,64,1,Snape was trying to save me?,1,Harry Potter,harry potter,Snape was trying to save me?,anger
829,830,30,64,41,I knew you were a danger to me right from the off. Especially after Halloween.,1,Quirinus Quirrell,quirinus quirrell,I knew you were a danger to me right from the off. Especially after Halloween.,fear
833,834,30,64,41,"Come here, Potter. Now!  Tell me... what do you see?  What is it?  What do you see?",1,Quirinus Quirrell,quirinus quirrell,"Come here, Potter. Now!  Tell me... what do you see?  What is it?  What do you see?",surprise
834,835,30,64,1,I-I'm shaking hands with Dumbledore. I've won the House Cup.,1,Harry Potter,harry potter,I-I'm shaking hands with Dumbledore. I've won the House Cup.,fear
836,837,30,64,41,Tell the truth! What do you see?!,1,Quirinus Quirrell,quirinus quirrell,Tell the truth! What do you see?!,anger
837,838,30,64,9,Let me speak to him.,1,Voldemort,voldemort,Let me speak to him.,fear
843,844,31,64,9,Stop him.  Don't be a fool! Why suffer a horrific death when you can join me and live?!,1,Voldemort,voldemort,Stop him.  Don't be a fool! Why suffer a horrific death when you can join me and live?!,fear
844,845,31,64,1,Never!,1,Harry Potter,harry potter,Never!,anger
846,847,31,64,1,You liar!,1,Harry Potter,harry potter,You liar!,anger
847,848,31,64,9,Kill him!,1,Voldemort,voldemort,Kill him!,anger
848,849,31,64,41,Ahh! Ahh!  What is this magic?,1,Quirinus Quirrell,quirinus quirrell,Ahh! Ahh!  What is this magic?,surprise
849,850,31,64,9,Fool! Get the stone!,1,Voldemort,voldemort,Fool! Get the stone!,anger
850,851,32,43,4,"Good afternoon, Harry. Ah. Tokens from your admirers?",1,Albus Dumbledore,albus dumbledore,"Good afternoon, Harry. Ah. Tokens from your admirers?",joy
855,856,32,43,1,"But, what happened to the Stone?",1,Harry Potter,harry potter,"But, what happened to the Stone?",surprise
857,858,32,43,1,"But Flamel, he'll die, won't he?",1,Harry Potter,harry potter,"But Flamel, he'll die, won't he?",anger
858,859,32,43,4,"He has enough Elixir to set his affairs in order. But yes, he will die.",1,Albus Dumbledore,albus dumbledore,"He has enough Elixir to set his affairs in order. But yes, he will die.",sadness
859,860,32,43,1,"How is it I got the Stone, sir? One minute I was staring in the mirror, and the next...",1,Harry Potter,harry potter,"How is it I got the Stone, sir? One minute I was staring in the mirror, and the next...",surprise
862,863,32,43,4,"Ah, I'm afraid there are ways in which he can return. Harry, do you know why Professor Quirrell couldn't bear to have you touch him?  It was because of your mother. She sacrificed herself for you, and that kind of act leaves a mark.  No, no, this kind of mark cannot be seen. It lives in your very skin.",1,Albus Dumbledore,albus dumbledore,"Ah, I'm afraid there are ways in which he can return. Harry, do you know why Professor Quirrell couldn't bear to have you touch him?  It was because of your mother. She sacrificed herself for you, and that kind of act leaves a mark.  No, no, this kind of mark cannot be seen. It lives in your very skin.",fear
863,864,32,43,1,What is it?,1,Harry Potter,harry potter,What is it?,surprise
864,865,32,43,4,"Love, Harry, love.  Ah. Bertie Bott's Every Flavor Beans. I was most unfortunate in my youth to come across a vomit flavored one, and since then I have lost my liking for them. But I think I could be safe with a nice toffee... Mm. Alas. Earwax.",1,Albus Dumbledore,albus dumbledore,"Love, Harry, love.  Ah. Bertie Bott's Every Flavor Beans. I was most unfortunate in my youth to come across a vomit flavored one, and since then I have lost my liking for them. But I think I could be safe with a nice toffee... Mm. Alas. Earwax.",sadness
866,867,32,43,2,All right? You?,1,Ron Weasley,ron weasley,All right? You?,anger
867,868,32,43,1,All right. Hermione?,1,Harry Potter,harry potter,All right. Hermione?,anger
869,870,33,36,4,"Another year, gone! And now, as I understand it, the house cup needs awarded and the points stand thus. In fourth place: Gryffindor, with 312 points!  In third place: Hufflepuff, with 352 points!  Second: Ravenclaw, with 426 points!  And in first place, with 472 points: Slytherin house!  Yes, well done Slytherin, well done Slytherin. However, recent events must be taken into account and I have a few last minute points to award.  First, to Miss Hermione Granger, for the cool use of intellect while others were in grave peril: fifty points!  Second, to Mr Ronald Weasley, for the best played game of chess that Hogwarts has seen these many years: fifty points!  And third, to mister Harry Potter, for pure love and outstanding courage, I award Gryffindor house: sixty points!",1,Albus Dumbledore,albus dumbledore,"Another year, gone! And now, as I understand it, the house cup needs awarded and the points stand thus. In fourth place: Gryffindor, with 312 points!  In third place: Hufflepuff, with 352 points!  Second: Ravenclaw, with 426 points!  And in first place, with 472 points: Slytherin house!  Yes, well done Slytherin, well done Slytherin. However, recent events must be taken into account and I have a few last minute points to award.  First, to Miss Hermione Granger, for the cool use of intellect while others were in grave peril: fifty points!  Second, to Mr Ronald Weasley, for the best played game of chess that Hogwarts has seen these many years: fifty points!  And third, to mister Harry Potter, for pure love and outstanding courage, I award Gryffindor house: sixty points!",joy
870,871,33,36,3,We're tied with Slytherin!,1,Hermione Granger,hermione granger,We're tied with Slytherin!,surprise
871,872,33,36,4,"And finally: it takes a great deal of bravery to stand up to your enemies, but a great deal more to stand up to your friends. I award ten points to Neville Longbottom!  Assuming that my calculations are correct, I believe that a change of decoration is in order!  Gryffindor wins the House Cup!",1,Albus Dumbledore,albus dumbledore,"And finally: it takes a great deal of bravery to stand up to your enemies, but a great deal more to stand up to your friends. I award ten points to Neville Longbottom!  Assuming that my calculations are correct, I believe that a change of decoration is in order!  Gryffindor wins the House Cup!",joy
872,873,33,36,5,Yes!,1,Rubeus Hagrid,rubeus hagrid,Yes!,anger
873,874,33,36,29,Neville!,1,Seamus Finnigan,seamus finnigan,Neville!,surprise
874,875,33,36,52,Yeah! We won!!,1,Lee Jordan,lee jordan,Yeah! We won!!,joy
875,876,34,36,5,"Come on now, hurry up. You'll be late. Train's leaving. Go on. Go on. Come on. Hurry up.",1,Rubeus Hagrid,rubeus hagrid,"Come on now, hurry up. You'll be late. Train's leaving. Go on. Go on. Come on. Hurry up.",anger
880,881,34,36,5,"Oh. Go on...on with you.  Oh, listen, Harry, if that dolt of a cousin of yours, Dudley, gives you any grief, you could always, um, threaten him with a nice pair of ears to go with that tail of his.",1,Rubeus Hagrid,rubeus hagrid,"Oh. Go on...on with you.  Oh, listen, Harry, if that dolt of a cousin of yours, Dudley, gives you any grief, you could always, um, threaten him with a nice pair of ears to go with that tail of his.",fear
882,883,34,36,5,"I do. But your cousin don't, do he? Eh?  Off you go.",1,Rubeus Hagrid,rubeus hagrid,"I do. But your cousin don't, do he? Eh?  Off you go.",anger
883,884,34,36,3,"Feels strange to be going home, doesn't it?",1,Hermione Granger,hermione granger,"Feels strange to be going home, doesn't it?",fear
884,885,34,36,1,I'm not going home. Not really.,1,Harry Potter,harry potter,I'm not going home. Not really.,surprise
886,887,35,8,21,Harry Potter!,2,Vernon Dursley,vernon dursley,Harry Potter!,surprise
887,888,35,8,1,Now you've done it.,2,Harry Potter,harry potter,Now you've done it.,anger
888,889,35,8,32,He's in there. Vernon,2,Petunia Dursley,petunia dursley,He's in there. Vernon,surprise
889,890,35,8,21,"I'm warning you, if you can't control that bloody bird it'll have to go.",2,Vernon Dursley,vernon dursley,"I'm warning you, if you can't control that bloody bird it'll have to go.",anger
890,891,35,8,1,But she's bored! If I could only let outonly let out for an hour or two.,2,Harry Potter,harry potter,But she's bored! If I could only let outonly let out for an hour or two.,surprise
891,892,35,8,21,"Huh, huh! So you could send secret messages to you freaky little friends. No, sir!",2,Vernon Dursley,vernon dursley,"Huh, huh! So you could send secret messages to you freaky little friends. No, sir!",anger
893,894,35,8,31,Who'd want to be friends with you?,2,Dudley Dursley,dudley dursley,Who'd want to be friends with you?,surprise
897,898,35,8,32,"in the lounge, waiting to welcome them graciously into our home.",2,Petunia Dursley,petunia dursley,"in the lounge, waiting to welcome them graciously into our home.",joy
898,899,35,8,21,"Good! And- and Dudley, you will be?",2,Vernon Dursley,vernon dursley,"Good! And- and Dudley, you will be?",joy
899,900,35,8,31,I'll be waiting to open the door!,2,Dudley Dursley,dudley dursley,I'll be waiting to open the door!,joy
900,901,35,8,21,Excellent! And you?,2,Vernon Dursley,vernon dursley,Excellent! And you?,surprise
901,902,35,8,1,"I'll be in my bedroom, making no noise and pretending that I don't exist.",2,Harry Potter,harry potter,"I'll be in my bedroom, making no noise and pretending that I don't exist.",anger
902,903,35,8,21,"Too right, you will. With any luck, this could well be the day I make the biggest deal of my career. And you will not mess it up!",2,Vernon Dursley,vernon dursley,"Too right, you will. With any luck, this could well be the day I make the biggest deal of my career. And you will not mess it up!",anger
903,904,36,8,21,Mr. and Mrs. Mason! Do come in!,2,Vernon Dursley,vernon dursley,Mr. and Mrs. Mason! Do come in!,anger
904,905,36,8,27,"Ha- ha- ha! Ha, ha! Ho, ho, ho! Ha, ha! Harry Potter! Such an honor it is!",2,Dobby,dobby,"Ha- ha- ha! Ha, ha! Ho, ho, ho! Ha, ha! Harry Potter! Such an honor it is!",joy
905,906,36,8,1,Who are you?,2,Harry Potter,harry potter,Who are you?,surprise
908,909,36,8,27,"Oh, oh yes, sir! Dobby understands! It's just that, Dobby has come to tell you- it is difficult, sir- Dobby wonders where to begin?",2,Dobby,dobby,"Oh, oh yes, sir! Dobby understands! It's just that, Dobby has come to tell you- it is difficult, sir- Dobby wonders where to begin?",surprise
909,910,36,8,1,Why don't you sit down?,2,Harry Potter,harry potter,Why don't you sit down?,anger
910,911,36,8,27,"S-sit down? S-sit- sit down? Oh, oh, ho. Oh, ho, ho Oh, ho, ho. Ohh, ho, hoo",2,Dobby,dobby,"S-sit down? S-sit- sit down? Oh, oh, ho. Oh, ho, ho Oh, ho, ho. Ohh, ho, hoo",fear
911,912,36,8,1,"Dobby, ssh! I'm sorry! I didn't mean to offend you, or anything.",2,Harry Potter,harry potter,"Dobby, ssh! I'm sorry! I didn't mean to offend you, or anything.",sadness
912,913,36,8,27,"Offend Dobby? Dobby has heard of your greatness, sir, but never has he been asked to sit down by a wizard, like an equal.",2,Dobby,dobby,"Offend Dobby? Dobby has heard of your greatness, sir, but never has he been asked to sit down by a wizard, like an equal.",anger
915,916,36,8,1,"Stop, Dobby!",2,Harry Potter,harry potter,"Stop, Dobby!",anger
916,917,36,8,27,Bad Dobby!,2,Dobby,dobby,Bad Dobby!,sadness
918,919,36,8,27,Baaad Dobby!,2,Dobby,dobby,Baaad Dobby!,joy
919,920,36,8,1,"Dobby, please stop!",2,Harry Potter,harry potter,"Dobby, please stop!",anger
921,922,36,8,27,Bad Dobby. Bad Dobby!,2,Dobby,dobby,Bad Dobby. Bad Dobby!,anger
922,923,36,8,1,"Stop! Stop, Dobby. Please be quiet! Are you all right?",2,Harry Potter,harry potter,"Stop! Stop, Dobby. Please be quiet! Are you all right?",anger
923,924,36,8,27,"Dobby had to punish himself, sir. Dobby almost spoke ill of his family, sir.",2,Dobby,dobby,"Dobby had to punish himself, sir. Dobby almost spoke ill of his family, sir.",sadness
924,925,36,8,1,Your family?,2,Harry Potter,harry potter,Your family?,surprise
925,926,36,8,27,"The wizard family Dobby serves, sir. Dobby is bound to serve one family forever. If they ever knew Dobby was hereooh But Dobby had to come. Dobby has to protect Harry Potter- to warn him. Harry Potter must not go back to Hogwarts School of Witchcraft and Wizardry this year! There is a plot, a plot to make most terrible things happen.",2,Dobby,dobby,"The wizard family Dobby serves, sir. Dobby is bound to serve one family forever. If they ever knew Dobby was hereooh But Dobby had to come. Dobby has to protect Harry Potter- to warn him. Harry Potter must not go back to Hogwarts School of Witchcraft and Wizardry this year! There is a plot, a plot to make most terrible things happen.",fear
926,927,36,8,1,What terrible things? Who's plotting them?,2,Harry Potter,harry potter,What terrible things? Who's plotting them?,fear
927,928,36,8,27,Ooo er can't say argh...,2,Dobby,dobby,Ooo er can't say argh...,sadness
928,929,36,8,1,Okâ I- understand. You can't- say.,2,Harry Potter,harry potter,Okâ I- understand. You can't- say.,fear
929,930,36,8,27,"Don't make me talk, I- Errr",2,Dobby,dobby,"Don't make me talk, I- Errr",fear
930,931,36,8,1,"Dobby! Dobby, put the lamp down.",2,Harry Potter,harry potter,"Dobby! Dobby, put the lamp down.",anger
931,932,36,8,27,Bad Dobby.,2,Dobby,dobby,Bad Dobby.,sadness
933,934,36,8,1,Give me the lamp! Dobby stop!,2,Harry Potter,harry potter,Give me the lamp! Dobby stop!,anger
934,935,36,8,27,Let me go!,2,Dobby,dobby,Let me go!,anger
935,936,36,8,1,"Get in there, and keep quiet!",2,Harry Potter,harry potter,"Get in there, and keep quiet!",anger
936,937,36,8,21,What the devil are you doing up here?,2,Vernon Dursley,vernon dursley,What the devil are you doing up here?,anger
937,938,36,8,1,I- I was just-,2,Harry Potter,harry potter,I- I was just-,surprise
938,939,36,8,21,You just ruined the punch line of my Japanese golfer joke!,2,Vernon Dursley,vernon dursley,You just ruined the punch line of my Japanese golfer joke!,anger
939,940,36,8,1,Sorry.,2,Harry Potter,harry potter,Sorry.,sadness
940,941,36,8,21,"One more sound, and you'll wish you'd never been born, boy! And fix that door!",2,Vernon Dursley,vernon dursley,"One more sound, and you'll wish you'd never been born, boy! And fix that door!",anger
941,942,36,8,1,"Yes, sir See why I've got to go back? I don't belong here. I belong in your world, at Hogwarts. It's the only place I've got friends!",2,Harry Potter,harry potter,"Yes, sir See why I've got to go back? I don't belong here. I belong in your world, at Hogwarts. It's the only place I've got friends!",anger
944,945,36,8,27,"Harry Potter mustn't be angry with Dobby. Heh- Dobby hoped, if Harry Potter thought his friends had forgotten him, Harry Potter might not want to go back to school, sir.",2,Dobby,dobby,"Harry Potter mustn't be angry with Dobby. Heh- Dobby hoped, if Harry Potter thought his friends had forgotten him, Harry Potter might not want to go back to school, sir.",anger
945,946,36,8,1,"Give me those, now!",2,Harry Potter,harry potter,"Give me those, now!",anger
946,947,36,8,27,No! Ahh! Ooh,2,Dobby,dobby,No! Ahh! Ooh,surprise
947,948,36,8,1,"Dobby, get back here!",2,Harry Potter,harry potter,"Dobby, get back here!",joy
948,949,36,8,1,"Dobby, please, no!",2,Harry Potter,harry potter,"Dobby, please, no!",fear
949,950,36,8,27,Harry Potter must say he's not going back to school!,2,Dobby,dobby,Harry Potter must say he's not going back to school!,sadness
950,951,36,8,1,I can't. Hogwarts is my home!,2,Harry Potter,harry potter,I can't. Hogwarts is my home!,sadness
952,953,36,8,21,"it spread as far as the eye could see, all over the floor of this vast building, and it was this deep. And one plumber said Look at all that water.â A-and the second plumber said, Yes, and that's just the top of it!â",2,Vernon Dursley,vernon dursley,"it spread as far as the eye could see, all over the floor of this vast building, and it was this deep. And one plumber said Look at all that water.â A-and the second plumber said, Yes, and that's just the top of it!â",surprise
953,954,36,8,21,I'm so sorry! It's my nephew- he's very disturbed. Meeting strangers upsets him. That's why I kept him upstairs!,2,Vernon Dursley,vernon dursley,I'm so sorry! It's my nephew- he's very disturbed. Meeting strangers upsets him. That's why I kept him upstairs!,sadness
954,955,37,8,21,You're never going back to that school. You're never going to see those freaky friends of yours again. Never!,2,Vernon Dursley,vernon dursley,You're never going back to that school. You're never going to see those freaky friends of yours again. Never!,anger
955,956,37,8,1,Ron! Fred. George. What are you all doing here?,2,Harry Potter,harry potter,Ron! Fred. George. What are you all doing here?,surprise
956,957,37,8,2,"Rescuing you, of course. Now, come on. Get your trunk!",2,Ron Weasley,ron weasley,"Rescuing you, of course. Now, come on. Get your trunk!",anger
957,958,37,8,2,You'd better stand back. Let's go!,2,Ron Weasley,ron weasley,You'd better stand back. Let's go!,anger
958,959,37,8,32,Oh!,2,Petunia Dursley,petunia dursley,Oh!,surprise
959,960,37,8,21,"Now, what the hell's he doing? Potter!",2,Vernon Dursley,vernon dursley,"Now, what the hell's he doing? Potter!",anger
960,961,37,8,31,Dad! What's going on?,2,Dudley Dursley,dudley dursley,Dad! What's going on?,surprise
961,962,37,8,19,"Go, go, go, go!",2,George Weasley,george weasley,"Go, go, go, go!",anger
963,964,37,8,2,Come on.,2,Ron Weasley,ron weasley,Come on.,anger
964,965,37,8,14,Come on.,2,Fred Weasley,fred weasley,Come on.,anger
965,966,37,8,2,"Come on, Harry! Hurry up!",2,Ron Weasley,ron weasley,"Come on, Harry! Hurry up!",joy
966,967,37,8,21,"Petunia, he's escaping!",2,Vernon Dursley,vernon dursley,"Petunia, he's escaping!",surprise
967,968,37,8,1,Ahh- ahh!,2,Harry Potter,harry potter,Ahh- ahh!,surprise
968,969,37,8,2,I've got you Harry!,2,Ron Weasley,ron weasley,I've got you Harry!,joy
969,970,37,8,21,Come here!,2,Vernon Dursley,vernon dursley,Come here!,joy
970,971,37,8,1,Let go of me!,2,Harry Potter,harry potter,Let go of me!,anger
972,973,37,8,1,Get off!,2,Harry Potter,harry potter,Get off!,anger
973,974,37,8,2,Drive!,2,Ron Weasley,ron weasley,Drive!,surprise
975,976,37,8,19,Right!,2,George Weasley,george weasley,Right!,anger
976,977,37,8,21,No! No! No! No! Aaaah!,2,Vernon Dursley,vernon dursley,No! No! No! No! Aaaah!,surprise
977,978,37,8,32,Aaah!,2,Petunia Dursley,petunia dursley,Aaah!,joy
978,979,37,8,31,Aaah!,2,Dudley Dursley,dudley dursley,Aaah!,joy
979,980,37,8,31,Dad!,2,Dudley Dursley,dudley dursley,Dad!,surprise
981,982,38,17,14,"Come on. Okay, come on. Shh! Shh! Ok, come on. Shh! Come on.",2,Fred Weasley,fred weasley,"Come on. Okay, come on. Shh! Shh! Ok, come on. Shh! Come on.",anger
983,984,38,17,19,"Yeah, Mum would never know.",2,George Weasley,george weasley,"Yeah, Mum would never know.",surprise
985,986,38,17,1,I think it's brilliant,2,Harry Potter,harry potter,I think it's brilliant,joy
986,987,38,17,26,"Where have you been? Harry, how wonderful to see you dear. Beds empty! No note! Car gone! You could have died! You could have been seen! Of course, I don't blame you, Harry dear.",2,Molly Weasley,molly weasley,"Where have you been? Harry, how wonderful to see you dear. Beds empty! No note! Car gone! You could have died! You could have been seen! Of course, I don't blame you, Harry dear.",surprise
988,989,38,17,26,"Well, you'd best hope that I don't put bars on your window, Ronald Weasley! Come on Harry, time for a spot of breakfast. Here we are Harry. Now tuck in! That's it. There we go.",2,Molly Weasley,molly weasley,"Well, you'd best hope that I don't put bars on your window, Ronald Weasley! Come on Harry, time for a spot of breakfast. Here we are Harry. Now tuck in! That's it. There we go.",anger
991,992,38,17,1,Hello. W-what did I do?,2,Harry Potter,harry potter,Hello. W-what did I do?,surprise
997,998,38,17,26,Morning Arthur!,2,Molly Weasley,molly weasley,Morning Arthur!,joy
998,999,38,17,16,What a night. Nine raids. Nine!,2,Arthur Weasley,arthur weasley,What a night. Nine raids. Nine!,surprise
1001,1002,38,17,16,Well now. Aah! And who are you?,2,Arthur Weasley,arthur weasley,Well now. Aah! And who are you?,surprise
1002,1003,38,17,1,"Oh, sorry sir. I'm Harry, sir, Harry Potter.",2,Harry Potter,harry potter,"Oh, sorry sir. I'm Harry, sir, Harry Potter.",sadness
1003,1004,38,17,16,"Good Lord! Are you really? Well, Ron's told us all about you, of course. When did he get here?",2,Arthur Weasley,arthur weasley,"Good Lord! Are you really? Well, Ron's told us all about you, of course. When did he get here?",surprise
1005,1006,38,17,16,Did you really? How'd it go? Did you-,2,Arthur Weasley,arthur weasley,Did you really? How'd it go? Did you-,surprise
1006,1007,38,17,14,"Oh, it",2,Fred Weasley,fred weasley,"Oh, it",surprise
1007,1008,38,17,19,"Oh, it",2,George Weasley,george weasley,"Oh, it",surprise
1008,1009,38,17,2,"Oh, it",2,Ron Weasley,ron weasley,"Oh, it",surprise
1009,1010,38,17,1,"Oh, it",2,Harry Potter,harry potter,"Oh, it",surprise
1010,1011,38,17,26,Arthur!,2,Molly Weasley,molly weasley,Arthur!,surprise
1016,1017,38,17,37,"Oh look, it's our Hogwarts letters. And they've sent us Harry's as well.",2,Percy Weasley,percy weasley,"Oh look, it's our Hogwarts letters. And they've sent us Harry's as well.",surprise
1023,1024,39,17,1,Floo powder?,2,Harry Potter,harry potter,Floo powder?,surprise
1025,1026,39,17,2,Diagon Alley!,2,Ron Weasley,ron weasley,Diagon Alley!,surprise
1026,1027,39,17,26,"You see? It's quite easy, dear. Don't be afraid. Come on. Come on. In you go. That's it, mind your head. That's right. Now take your Floo powder. That's it, very good. Now, don't forget to speak very, very clearly.",2,Molly Weasley,molly weasley,"You see? It's quite easy, dear. Don't be afraid. Come on. Come on. In you go. That's it, mind your head. That's right. Now take your Floo powder. That's it, very good. Now, don't forget to speak very, very clearly.",fear
1028,1029,39,17,26,"What did he say, dear?",2,Molly Weasley,molly weasley,"What did he say, dear?",surprise
1030,1031,39,17,26,I thought he did.,2,Molly Weasley,molly weasley,I thought he did.,surprise
1031,1032,39,3,126,"Ah, ha-ha-ha-ha",2,Other,other,"Ah, ha-ha-ha-ha",joy
1033,1034,39,3,1,"I'm fine, thank you. I- I was just",2,Harry Potter,harry potter,"I'm fine, thank you. I- I was just",joy
1035,1036,39,3,1,No! Please!,2,Harry Potter,harry potter,No! Please!,fear
1036,1037,39,3,5,Harry?,2,Rubeus Hagrid,rubeus hagrid,Harry?,surprise
1038,1039,39,3,5,What do you think you're doing down 'ere? Come on!,2,Rubeus Hagrid,rubeus hagrid,What do you think you're doing down 'ere? Come on!,anger
1040,1041,39,1,1,"I was lost, I- hang on. What were you doing down there, then?",2,Harry Potter,harry potter,"I was lost, I- hang on. What were you doing down there, then?",surprise
1042,1043,39,1,3,Harry! Hagrid!,2,Hermione Granger,hermione granger,Harry! Hagrid!,surprise
1043,1044,39,1,5,"Hello, Hermione!",2,Rubeus Hagrid,rubeus hagrid,"Hello, Hermione!",joy
1044,1045,39,1,3,"Oh, it's so good to see you!",2,Hermione Granger,hermione granger,"Oh, it's so good to see you!",joy
1045,1046,39,1,1,"Well, it's great to see you, too!",2,Harry Potter,harry potter,"Well, it's great to see you, too!",joy
1046,1047,39,1,3,What did you do to your glasses? Oculus reparo.,2,Hermione Granger,hermione granger,What did you do to your glasses? Oculus reparo.,surprise
1049,1050,39,1,3,Ok! Bye!,2,Hermione Granger,hermione granger,Ok! Bye!,joy
1051,1052,39,1,3,Come on! Everyone's been so worried.,2,Hermione Granger,hermione granger,Come on! Everyone's been so worried.,anger
1053,1054,40,1,26,"Oh, Harry! Thank goodness! We'd hoped you'd only gone one grate too far",2,Molly Weasley,molly weasley,"Oh, Harry! Thank goodness! We'd hoped you'd only gone one grate too far",joy
1055,1056,40,1,26,Ah! Here he is!,2,Molly Weasley,molly weasley,Ah! Here he is!,surprise
1057,1058,40,1,152,"Make way there. Please! Let me by, madam. Thank you. Excuse me, little girl. This is for the Daily Prophet.",2,Snake,snake,"Make way there. Please! Let me by, madam. Thank you. Excuse me, little girl. This is for the Daily Prophet.",anger
1058,1059,40,1,28,It can't be- Harry Potter?,2,Gilderoy Lockhart,gilderoy lockhart,It can't be- Harry Potter?,surprise
1059,1060,40,1,152,"Harry Potter! Excuse me, madam.",2,Snake,snake,"Harry Potter! Excuse me, madam.",anger
1060,1061,40,1,28,"Nice big smile, Harry. Together you and I rate the front page! Ladies and gentlemen, what an extraordinary moment this is. When young Harry stepped into Flourish and Blotts this morning to purchase my autobiography, Magical Me, which, incidentally is currently celebrating its 27th week atop the Daily Prophet bestseller list, he had no idea that he would, in fact, be leaving with my entire collected works, free of charge. Now, ladies?",2,Gilderoy Lockhart,gilderoy lockhart,"Nice big smile, Harry. Together you and I rate the front page! Ladies and gentlemen, what an extraordinary moment this is. When young Harry stepped into Flourish and Blotts this morning to purchase my autobiography, Magical Me, which, incidentally is currently celebrating its 27th week atop the Daily Prophet bestseller list, he had no idea that he would, in fact, be leaving with my entire collected works, free of charge. Now, ladies?",surprise
1062,1063,40,1,12,"I'll bet you loved that, didn't you, Potter? Famous Harry Potter! Can't even go into a bookshop without making the front page.",2,Draco Malfoy,draco malfoy,"I'll bet you loved that, didn't you, Potter? Famous Harry Potter! Can't even go into a bookshop without making the front page.",surprise
1064,1065,40,1,12,"Oh look, Potter. You've got yourself a girlfriend.",2,Draco Malfoy,draco malfoy,"Oh look, Potter. You've got yourself a girlfriend.",surprise
1066,1067,40,1,1,Voldemort killed my parents. He was nothing more than a murderer.,2,Harry Potter,harry potter,Voldemort killed my parents. He was nothing more than a murderer.,anger
1068,1069,40,1,3,Fear of a name only increase fear of the thing itself.,2,Hermione Granger,hermione granger,Fear of a name only increase fear of the thing itself.,fear
1070,1071,40,1,16,"Children, it's mad in here! Let's go outside.",2,Arthur Weasley,arthur weasley,"Children, it's mad in here! Let's go outside.",anger
1076,1077,40,1,12,See you at school.,2,Draco Malfoy,draco malfoy,See you at school.,joy
1077,1078,41,71,16,10:58! Come on! Come on!,2,Arthur Weasley,arthur weasley,10:58! Come on! Come on!,anger
1078,1079,41,71,26,The train will be leaving any moment!,2,Molly Weasley,molly weasley,The train will be leaving any moment!,anger
1079,1080,41,71,16,"Fred, George, Percy you first!",2,Arthur Weasley,arthur weasley,"Fred, George, Percy you first!",surprise
1082,1083,41,71,26,"Come on, Ginny, we'll get you a seat. Hurry!",2,Molly Weasley,molly weasley,"Come on, Ginny, we'll get you a seat. Hurry!",joy
1085,1086,41,71,2,Whao!,2,Ron Weasley,ron weasley,Whao!,surprise
1086,1087,41,71,162,Oy! What do you two think you're doing?,2,Waiter,waiter,Oy! What do you two think you're doing?,surprise
1087,1088,41,71,1,Sorry. Lost- lost control of the trolley. Why can't we get through?,2,Harry Potter,harry potter,Sorry. Lost- lost control of the trolley. Why can't we get through?,sadness
1089,1090,41,71,1,The train leaves at exactly eleven o'clock. We've missed it!,2,Harry Potter,harry potter,The train leaves at exactly eleven o'clock. We've missed it!,surprise
1090,1091,41,71,2,"Harry, if we can't get through, maybe Mum and Dad can't get back!",2,Ron Weasley,ron weasley,"Harry, if we can't get through, maybe Mum and Dad can't get back!",sadness
1092,1093,41,71,2,The car,2,Ron Weasley,ron weasley,The car,surprise
1095,1096,41,42,2,Oh no! The Invisibility Booster must be faulty!,2,Ron Weasley,ron weasley,Oh no! The Invisibility Booster must be faulty!,surprise
1100,1101,41,42,1,Do you hear that?,2,Harry Potter,harry potter,Do you hear that?,surprise
1101,1102,41,42,2,We must be gettin' close.,2,Ron Weasley,ron weasley,We must be gettin' close.,sadness
1102,1103,41,42,1,Hold on,2,Harry Potter,harry potter,Hold on,anger
1103,1104,41,42,1,Aaahhh! Aaahhhh! Aaahhh!,2,Harry Potter,harry potter,Aaahhh! Aaahhhh! Aaahhh!,joy
1104,1105,41,42,2,Aaahhh! Aaahhhh! Aaahhh!,2,Ron Weasley,ron weasley,Aaahhh! Aaahhhh! Aaahhh!,joy
1105,1106,41,42,1,Wha-aahhh!,2,Harry Potter,harry potter,Wha-aahhh!,surprise
1106,1107,41,42,2,Harry! Hold on! Take my hand! Hold on!,2,Ron Weasley,ron weasley,Harry! Hold on! Take my hand! Hold on!,anger
1111,1112,42,67,1,Up! Up!,2,Harry Potter,harry potter,Up! Up!,joy
1112,1113,42,67,2,It's not working! Ahhhh!,2,Ron Weasley,ron weasley,It's not working! Ahhhh!,surprise
1113,1114,42,67,1,Up! Up! Ron! Mind that tree!,2,Harry Potter,harry potter,Up! Up! Ron! Mind that tree!,anger
1114,1115,42,67,2,Stop! Stop! Stop! Huh Aahh!,2,Ron Weasley,ron weasley,Stop! Stop! Stop! Huh Aahh!,anger
1115,1116,42,67,1,Ahh!,2,Harry Potter,harry potter,Ahh!,surprise
1116,1117,42,67,2,Ahh-ha-ha! My wand! Look at my wand!,2,Ron Weasley,ron weasley,Ahh-ha-ha! My wand! Look at my wand!,surprise
1118,1119,42,67,2,What's happening?,2,Ron Weasley,ron weasley,What's happening?,surprise
1119,1120,42,67,1,I don't know.,2,Harry Potter,harry potter,I don't know.,surprise
1121,1122,42,67,1,Ahh! Ahh! Ahh!,2,Harry Potter,harry potter,Ahh! Ahh! Ahh!,surprise
1122,1123,42,67,2,Ahh! Ahh! Ahh!,2,Ron Weasley,ron weasley,Ahh! Ahh! Ahh!,surprise
1123,1124,42,67,2,Ahh! Ahhhh! Ahh!,2,Ron Weasley,ron weasley,Ahh! Ahhhh! Ahh!,surprise
1124,1125,42,67,1,Aaaahhhh!,2,Harry Potter,harry potter,Aaaahhhh!,joy
1125,1126,42,67,2,Aaaahhhh!,2,Ron Weasley,ron weasley,Aaaahhhh!,joy
1126,1127,42,67,1,Come on! Go! Fast!,2,Harry Potter,harry potter,Come on! Go! Fast!,anger
1127,1128,42,67,1,Ahh!,2,Harry Potter,harry potter,Ahh!,surprise
1128,1129,42,67,2,Ahh!,2,Ron Weasley,ron weasley,Ahh!,surprise
1129,1130,42,67,2,"Scabbers, you OK? The car! Dad's gonna kill me.",2,Ron Weasley,ron weasley,"Scabbers, you OK? The car! Dad's gonna kill me.",anger
1130,1131,43,49,1,"See you, Hedwig. So, a house elf shows up in my bedroom, we can't get through the barrier to platform nine and three-quarters, we almost get killed by a tree clearly someone doesn't want me here this year.",2,Harry Potter,harry potter,"See you, Hedwig. So, a house elf shows up in my bedroom, we can't get through the barrier to platform nine and three-quarters, we almost get killed by a tree clearly someone doesn't want me here this year.",fear
1131,1132,43,49,35,"Well, take a good look lads. This night might well be the last you spend in this castle. Hm. Oh, dear, we are in trouble.",2,Argus Filch,argus filch,"Well, take a good look lads. This night might well be the last you spend in this castle. Hm. Oh, dear, we are in trouble.",fear
1140,1141,43,49,7,"What are you talking about, Mr. Weasley?",2,Minerva McGonagall,minerva mcgonagall,"What are you talking about, Mr. Weasley?",surprise
1141,1142,43,49,2,"You're going to expel us, aren't you?",2,Ron Weasley,ron weasley,"You're going to expel us, aren't you?",anger
1142,1143,43,49,7,"Not today, Mr. Weasley. But, I must impress on both of you the seriousness of what you have done. I will be writing to your families tonight, and you will both receive detention.",2,Minerva McGonagall,minerva mcgonagall,"Not today, Mr. Weasley. But, I must impress on both of you the seriousness of what you have done. I will be writing to your families tonight, and you will both receive detention.",sadness
1143,1144,44,38,79,"Morning, everyone! Good morning, everyone!",2,Pomona Sprout,pomona sprout,"Morning, everyone! Good morning, everyone!",joy
1144,1145,44,38,136,"Good morning, Professor Sprout!",2,All,all,"Good morning, Professor Sprout!",joy
1146,1147,44,38,3,"Mandrake, or Mandragora, is used to return those who have been Petrified to their original state. It's also quite dangerous. The Mandrake's cry is fatal to anyone who hears it.",2,Hermione Granger,hermione granger,"Mandrake, or Mandragora, is used to return those who have been Petrified to their original state. It's also quite dangerous. The Mandrake's cry is fatal to anyone who hears it.",fear
1147,1148,44,38,79,"Excellent! Ten points to Gryffindor! Now, as our Mandrakes are still only seedlings their cries won't kill you yet. But they could knock you out for several hours, which is why I have given each of you a pair of earmuffs for auditory protection. So, could you please put them on, right away? Quickly! Flaps tight down, and watch me closely. You grasp your Mandrake firmly, you pull it sharply up out of the pot",2,Pomona Sprout,pomona sprout,"Excellent! Ten points to Gryffindor! Now, as our Mandrakes are still only seedlings their cries won't kill you yet. But they could knock you out for several hours, which is why I have given each of you a pair of earmuffs for auditory protection. So, could you please put them on, right away? Quickly! Flaps tight down, and watch me closely. You grasp your Mandrake firmly, you pull it sharply up out of the pot",anger
1148,1149,44,38,136,Aah! Ooh!,2,All,all,Aah! Ooh!,surprise
1153,1154,44,38,79,"Yes, well, just leave him there. Right! On we go! Plenty of pots to go around. Grasp your Mandrake, and pull it up!",2,Pomona Sprout,pomona sprout,"Yes, well, just leave him there. Right! On we go! Plenty of pots to go around. Grasp your Mandrake, and pull it up!",anger
1154,1155,44,36,126,There's Nearly-Headless-Nick!,2,Other,other,There's Nearly-Headless-Nick!,surprise
1157,1158,44,36,2,"Huhh Say it, I'm doomed.",2,Ron Weasley,ron weasley,"Huhh Say it, I'm doomed.",sadness
1158,1159,44,36,1,You're doomed.,2,Harry Potter,harry potter,You're doomed.,sadness
1159,1160,44,36,106,"Hi, Harry!  I'm Colin Creevy! I'm in Gryffindor, too!",2,Colin Creevey,colin creevey,"Hi, Harry!  I'm Colin Creevy! I'm in Gryffindor, too!",joy
1160,1161,44,36,1,"Oh- Hi, Colin. Nice to meet you.",2,Harry Potter,harry potter,"Oh- Hi, Colin. Nice to meet you.",joy
1161,1162,44,36,75,Ron? Is that your owl?,2,Dean Thomas,dean thomas,Ron? Is that your owl?,surprise
1162,1163,44,36,127,"Ha-ha Ha, ha.",2,Students,students,"Ha-ha Ha, ha.",joy
1163,1164,44,36,2,"Bloody bird's a menace. Oh, no!",2,Ron Weasley,ron weasley,"Bloody bird's a menace. Oh, no!",anger
1164,1165,44,36,29,"Look, everyone! Weasley's got himself a Howler!",2,Seamus Finnigan,seamus finnigan,"Look, everyone! Weasley's got himself a Howler!",anger
1166,1167,44,36,159,"RONALD WEASLEY! HOW DARE YOU STEAL THAT CAR! I AM ABSOLUTLEY DISGUSTED! YOUR FATHER'S NOW FACING AN INQUIRY AT WORK, AND IT'S ENTIRELY YOUR FAULT! IF YOU PUT ANOTHER TOE OUT OF LINE, WE'LL BRING YOU STRAIGHT HOME! Oh, and Ginny, dear, congratulations on making Gryffindor. Your father and I are so proud. Thhhhbt!",2,Photographer,photographer,"RONALD WEASLEY! HOW DARE YOU STEAL THAT CAR! I AM ABSOLUTLEY DISGUSTED! YOUR FATHER'S NOW FACING AN INQUIRY AT WORK, AND IT'S ENTIRELY YOUR FAULT! IF YOU PUT ANOTHER TOE OUT OF LINE, WE'LL BRING YOU STRAIGHT HOME! Oh, and Ginny, dear, congratulations on making Gryffindor. Your father and I are so proud. Thhhhbt!",anger
1169,1170,45,30,28,Freshly caught Cornish pixies!,2,Gilderoy Lockhart,gilderoy lockhart,Freshly caught Cornish pixies!,joy
1171,1172,45,30,28,"Laugh if you will, Mr. Finnigan, but pixies can be devilish tricky little blighters. Let's see what you make of them, ha! Come on now- round them up, round them up, they're only pixies!",2,Gilderoy Lockhart,gilderoy lockhart,"Laugh if you will, Mr. Finnigan, but pixies can be devilish tricky little blighters. Let's see what you make of them, ha! Come on now- round them up, round them up, they're only pixies!",joy
1172,1173,45,30,142,Just stay there!,2,Snatcher,snatcher,Just stay there!,anger
1173,1174,45,30,10,Ah! Aaah! Aaah! Aah- aah!,2,Neville Longbottom,neville longbottom,Ah! Aaah! Aaah! Aah- aah!,joy
1174,1175,45,30,10,"Hey, get me down!",2,Neville Longbottom,neville longbottom,"Hey, get me down!",anger
1175,1176,45,30,3,Get off me!,2,Hermione Granger,hermione granger,Get off me!,anger
1176,1177,45,30,1,Stop! Stop! Hold still!,2,Harry Potter,harry potter,Stop! Stop! Hold still!,anger
1177,1178,45,30,28,Peskipiksi pesternomi!,2,Gilderoy Lockhart,gilderoy lockhart,Peskipiksi pesternomi!,surprise
1179,1180,45,30,142,Yeeee-haw!,2,Snatcher,snatcher,Yeeee-haw!,joy
1180,1181,45,30,142,Wheee!,2,Snatcher,snatcher,Wheee!,joy
1181,1182,45,30,28,I'll ask you three to just nip the rest of them back into their cage!,2,Gilderoy Lockhart,gilderoy lockhart,I'll ask you three to just nip the rest of them back into their cage!,anger
1182,1183,45,30,2,What do we do now?,2,Ron Weasley,ron weasley,What do we do now?,anger
1183,1184,45,30,3,Immobulus!,2,Hermione Granger,hermione granger,Immobulus!,surprise
1184,1185,45,30,10,Why is it always me?,2,Neville Longbottom,neville longbottom,Why is it always me?,surprise
1185,1186,46,45,46,"I spent the summer devising a whole new Quidditch program. We are gonna train earlier, harder, and longer. What- I don't believe it! Where do you think you're goin', Flint?",2,Oliver Wood,oliver wood,"I spent the summer devising a whole new Quidditch program. We are gonna train earlier, harder, and longer. What- I don't believe it! Where do you think you're goin', Flint?",surprise
1187,1188,46,45,46,I booked the pitch for Gryffindor today.,2,Oliver Wood,oliver wood,I booked the pitch for Gryffindor today.,joy
1189,1190,46,45,2,Uh-oh. I smell trouble.,2,Ron Weasley,ron weasley,Uh-oh. I smell trouble.,fear
1190,1191,46,45,46,"I, Professor Severus Snape, do hereby give the Slytherin team permission to practice today, owing to the need to train their new Seeker.â You've got a new Seeker. Who?",2,Oliver Wood,oliver wood,"I, Professor Severus Snape, do hereby give the Slytherin team permission to practice today, owing to the need to train their new Seeker.â You've got a new Seeker. Who?",surprise
1191,1192,46,45,1,Malfoy?,2,Harry Potter,harry potter,Malfoy?,surprise
1193,1194,46,45,2,Those are Nimbus Two Thousand and Ones! How did you get those?,2,Ron Weasley,ron weasley,Those are Nimbus Two Thousand and Ones! How did you get those?,surprise
1194,1195,46,45,82,A gift from Draco's father.,2,Marcus Flint,marcus flint,A gift from Draco's father.,joy
1199,1200,46,45,127,"Ha, ha, ha!",2,Students,students,"Ha, ha, ha!",joy
1200,1201,46,45,12,"Ha, ha!",2,Draco Malfoy,draco malfoy,"Ha, ha!",joy
1201,1202,46,45,3,"You okay, Ron? Say something!",2,Hermione Granger,hermione granger,"You okay, Ron? Say something!",anger
1203,1204,46,45,106,"Wow! Can you turn him around, Harry?",2,Colin Creevey,colin creevey,"Wow! Can you turn him around, Harry?",surprise
1204,1205,46,45,1,"No, Colin! Get out of the way! Let's take him to Hagrid's.",2,Harry Potter,harry potter,"No, Colin! Get out of the way! Let's take him to Hagrid's.",anger
1208,1209,46,40,5,"Wo, this calls for a specialist's equipment. Nothin' to do but wait'll it stops, I'm afraid.",2,Rubeus Hagrid,rubeus hagrid,"Wo, this calls for a specialist's equipment. Nothin' to do but wait'll it stops, I'm afraid.",fear
1209,1210,46,40,1,Ah! Oh Okay.,2,Harry Potter,harry potter,Ah! Oh Okay.,anger
1213,1214,46,40,5,He did not!,2,Rubeus Hagrid,rubeus hagrid,He did not!,anger
1214,1215,46,40,1,What's a Mudblood?,2,Harry Potter,harry potter,What's a Mudblood?,surprise
1220,1221,46,30,28,"Harry, Harry, Harry Can you possibly imagine a better way to serve detention than by helping me to answer my fan mail?",2,Gilderoy Lockhart,gilderoy lockhart,"Harry, Harry, Harry Can you possibly imagine a better way to serve detention than by helping me to answer my fan mail?",surprise
1221,1222,46,30,1,Not really.,2,Harry Potter,harry potter,Not really.,surprise
1223,1224,46,30,86,"Come, come, come to me. Come to me!",2,Serpent of Slitherin,serpent of slitherin,"Come, come, come to me. Come to me!",anger
1224,1225,46,30,1,What?,2,Harry Potter,harry potter,What?,surprise
1225,1226,46,30,28,Sorry?,2,Gilderoy Lockhart,gilderoy lockhart,Sorry?,sadness
1227,1228,46,30,28,Voice?,2,Gilderoy Lockhart,gilderoy lockhart,Voice?,surprise
1228,1229,46,30,1,Didn't you hear it?,2,Harry Potter,harry potter,Didn't you hear it?,surprise
1230,1231,46,30,1,Spooky.,2,Harry Potter,harry potter,Spooky.,fear
1231,1232,47,28,86,Blood. I smell blood. Let me rip you. Let me kill you. Kill! Kill!,2,Serpent of Slitherin,serpent of slitherin,Blood. I smell blood. Let me rip you. Let me kill you. Kill! Kill!,anger
1232,1233,47,28,3,Harry!,2,Hermione Granger,hermione granger,Harry!,surprise
1233,1234,47,28,1,Did you hear it?,2,Harry Potter,harry potter,Did you hear it?,surprise
1234,1235,47,28,2,Hear what?,2,Ron Weasley,ron weasley,Hear what?,surprise
1237,1238,47,28,1,I heard it first in Lockhart's office. And then again just-,2,Harry Potter,harry potter,I heard it first in Lockhart's office. And then again just-,surprise
1240,1241,47,28,2,Kill?,2,Ron Weasley,ron weasley,Kill?,anger
1241,1242,47,28,3,"Harry, wait! Not so fast!",2,Hermione Granger,hermione granger,"Harry, wait! Not so fast!",surprise
1242,1243,47,28,1,Strange. I've never seen spiders act like that.,2,Harry Potter,harry potter,Strange. I've never seen spiders act like that.,surprise
1243,1244,47,28,2,I don't like spiders What's that?,2,Ron Weasley,ron weasley,I don't like spiders What's that?,surprise
1244,1245,47,28,3,The Chamber of Secrets has been opened enemies the heir beware.' It's written in blood.,2,Hermione Granger,hermione granger,The Chamber of Secrets has been opened enemies the heir beware.' It's written in blood.,fear
1246,1247,47,28,127,Ahhh! What's that?,2,Students,students,Ahhh! What's that?,surprise
1247,1248,47,28,85,Oh!,2,Poppy Pomfrey,poppy pomfrey,Oh!,surprise
1248,1249,47,28,12,"'Enemies of the heir beware!' You'll be next, Mudbloods!",2,Draco Malfoy,draco malfoy,"'Enemies of the heir beware!' You'll be next, Mudbloods!",fear
1249,1250,47,28,35,"What's going on 'ere? Go on, make way, make way. Potter-- What are youMrs. Norris? You'vemurdered my cat.",2,Argus Filch,argus filch,"What's going on 'ere? Go on, make way, make way. Potter-- What are youMrs. Norris? You'vemurdered my cat.",anger
1251,1252,47,28,35,I'll kill ya I'll kill ya!,2,Argus Filch,argus filch,I'll kill ya I'll kill ya!,anger
1254,1255,47,28,4,"She's not dead, Argus. She has been Petrified.",2,Albus Dumbledore,albus dumbledore,"She's not dead, Argus. She has been Petrified.",fear
1255,1256,47,28,28,"Ah, thought so. So unlucky I wasn't there. I know exactly the counter curse that could have spared her.",2,Gilderoy Lockhart,gilderoy lockhart,"Ah, thought so. So unlucky I wasn't there. I know exactly the counter curse that could have spared her.",sadness
1256,1257,47,28,4,"But how she has been Petrified, I cannot say",2,Albus Dumbledore,albus dumbledore,"But how she has been Petrified, I cannot say",fear
1260,1261,47,28,6,"If I might, Headmaster? Perhaps Potter and his friends were simply in the wrong place at the wrong time. However, the circumstances are suspicious. I, for one, don't recall seeing Potter at dinner.",2,Severus Snape,severus snape,"If I might, Headmaster? Perhaps Potter and his friends were simply in the wrong place at the wrong time. However, the circumstances are suspicious. I, for one, don't recall seeing Potter at dinner.",fear
1261,1262,47,28,28,"I'm afraid that's my doing, Severus. You see, Harry was helping me answer my fan mail.",2,Gilderoy Lockhart,gilderoy lockhart,"I'm afraid that's my doing, Severus. You see, Harry was helping me answer my fan mail.",fear
1263,1264,47,28,6,"Yes, Miss Granger?",2,Severus Snape,severus snape,"Yes, Miss Granger?",surprise
1265,1266,47,28,4,"Innocent until proven guilty, Severus.",2,Albus Dumbledore,albus dumbledore,"Innocent until proven guilty, Severus.",sadness
1266,1267,47,28,35,My cat has been Petrified. I wanna see some punishment!,2,Argus Filch,argus filch,My cat has been Petrified. I wanna see some punishment!,fear
1267,1268,47,28,4,"We will be able to cure her, Argus. As I understand it, Madame Sprout has a very healthy growth of Mandrakes. When matured, a potion will be made which will revive Mrs. Norris. And in the meantime, I strongly recommend caution to all.",2,Albus Dumbledore,albus dumbledore,"We will be able to cure her, Argus. As I understand it, Madame Sprout has a very healthy growth of Mandrakes. When matured, a potion will be made which will revive Mrs. Norris. And in the meantime, I strongly recommend caution to all.",fear
1268,1269,47,28,3,"It's a bit strange, isn't it?",2,Hermione Granger,hermione granger,"It's a bit strange, isn't it?",surprise
1269,1270,47,28,1,Strange?,2,Harry Potter,harry potter,Strange?,surprise
1270,1271,47,28,3,"You hear this voice, a voice only you can hear, and then Mrs. Norris turns up Petrified. It's just strange.",2,Hermione Granger,hermione granger,"You hear this voice, a voice only you can hear, and then Mrs. Norris turns up Petrified. It's just strange.",fear
1271,1272,47,28,1,"Do you think I should have told them? Dumbledore and the others, I mean?",2,Harry Potter,harry potter,"Do you think I should have told them? Dumbledore and the others, I mean?",surprise
1272,1273,47,28,2,Are you mad?,2,Ron Weasley,ron weasley,Are you mad?,anger
1279,1280,48,61,3,"Professor, I was wondering if you could tell us aboutthe Chamber of Secrets?",2,Hermione Granger,hermione granger,"Professor, I was wondering if you could tell us aboutthe Chamber of Secrets?",surprise
1282,1283,48,61,7,"Salazar Slytherin wished to be more selective about the students admitted to Hogwarts. He believed magical learning should be kept within all-magic families. In other words, pure-bloods.â Unable to sway the others, he decided to leave the school. Now, according to legend, Slytherin had built a hidden chamber in this castle, known as the Chamber of Secrets. Though, shortly before departing, he sealed it until that time when his own true heir returned to the school. The heir alone would be able to open the Chamber and unleash the horror within, and by so doing purge the school of all those who, in Slytherin's view, were unworthy to study magic.",2,Minerva McGonagall,minerva mcgonagall,"Salazar Slytherin wished to be more selective about the students admitted to Hogwarts. He believed magical learning should be kept within all-magic families. In other words, pure-bloods.â Unable to sway the others, he decided to leave the school. Now, according to legend, Slytherin had built a hidden chamber in this castle, known as the Chamber of Secrets. Though, shortly before departing, he sealed it until that time when his own true heir returned to the school. The heir alone would be able to open the Chamber and unleash the horror within, and by so doing purge the school of all those who, in Slytherin's view, were unworthy to study magic.",fear
1287,1288,48,45,2,D'you think it's true? D'you think there really is a Chamber of Secrets?,2,Ron Weasley,ron weasley,D'you think it's true? D'you think there really is a Chamber of Secrets?,surprise
1288,1289,48,45,3,Yes. Couldn't you tell? McGonagall's worried. All the teachers are.,2,Hermione Granger,hermione granger,Yes. Couldn't you tell? McGonagall's worried. All the teachers are.,surprise
1293,1294,48,45,2,"Of course. You heard him! 'You'll be next Mudbloods,'",2,Ron Weasley,ron weasley,"Of course. You heard him! 'You'll be next Mudbloods,'",anger
1294,1295,48,45,3,"I heard him. But Malfoy, the Heir of Slytherin?",2,Hermione Granger,hermione granger,"I heard him. But Malfoy, the Heir of Slytherin?",surprise
1297,1298,48,45,3,"Even they aren't that thick. But there might be another way. Mind you, it would be difficult. Not to mention, we would be breaking about fifty school rules. And, it'll be dangerous. Very dangerous.",2,Hermione Granger,hermione granger,"Even they aren't that thick. But there might be another way. Mind you, it would be difficult. Not to mention, we would be breaking about fifty school rules. And, it'll be dangerous. Very dangerous.",fear
1307,1308,49,52,127,Yeah! Come on Slytherin!,2,Students,students,Yeah! Come on Slytherin!,anger
1308,1309,49,52,52,Another goal for Slytherin! They lead Gryffindor ninety to thirty!,2,Lee Jordan,lee jordan,Another goal for Slytherin! They lead Gryffindor ninety to thirty!,surprise
1309,1310,49,52,82,Yeah! Yeah!,2,Marcus Flint,marcus flint,Yeah! Yeah!,surprise
1311,1312,49,52,46,"Watch yourself, Harry!",2,Oliver Wood,oliver wood,"Watch yourself, Harry!",anger
1312,1313,49,52,1,Wood! Look out!,2,Harry Potter,harry potter,Wood! Look out!,joy
1313,1314,49,52,5,"Blimey! Harry's got himself a rogue Bludger! That's been tampered with, that has!",2,Rubeus Hagrid,rubeus hagrid,"Blimey! Harry's got himself a rogue Bludger! That's been tampered with, that has!",surprise
1314,1315,49,52,2,I'll stop it.,2,Ron Weasley,ron weasley,I'll stop it.,anger
1315,1316,49,52,3,No! Even with a proper wand it's too risky. You could hit Harry!,2,Hermione Granger,hermione granger,No! Even with a proper wand it's too risky. You could hit Harry!,fear
1316,1317,49,52,12,"Training for the ballet, Potter?",2,Draco Malfoy,draco malfoy,"Training for the ballet, Potter?",surprise
1317,1318,49,52,12,"You'll never catch me, Potter!",2,Draco Malfoy,draco malfoy,"You'll never catch me, Potter!",anger
1320,1321,49,52,3,Finite incantatem!,2,Hermione Granger,hermione granger,Finite incantatem!,anger
1322,1323,50,52,3,Are you okay?,2,Hermione Granger,hermione granger,Are you okay?,anger
1323,1324,50,52,1,"No, I think my- I think my arm's broken.",2,Harry Potter,harry potter,"No, I think my- I think my arm's broken.",sadness
1324,1325,50,52,28,"Not to worry, Harry. I will fix that arm of yours straight away.",2,Gilderoy Lockhart,gilderoy lockhart,"Not to worry, Harry. I will fix that arm of yours straight away.",fear
1329,1330,50,52,126,Ohh! Uhh!,2,Other,other,Ohh! Uhh!,surprise
1330,1331,50,52,28,"you can no longer feel any pain, and, heh- very clearly, the bones are not broken.",2,Gilderoy Lockhart,gilderoy lockhart,"you can no longer feel any pain, and, heh- very clearly, the bones are not broken.",sadness
1331,1332,50,52,5,Broken? There's no bones left!,2,Rubeus Hagrid,rubeus hagrid,Broken? There's no bones left!,surprise
1332,1333,50,52,127,Uh-huh-ugh!,2,Students,students,Uh-huh-ugh!,fear
1335,1336,50,43,85,"Oh, Mr. Malfoy, stop making such a fuss, you can go. Out of my way. Out of my way! Should've been brought straight to me. I can mend bones in a heartbeat- but growing them back",2,Poppy Pomfrey,poppy pomfrey,"Oh, Mr. Malfoy, stop making such a fuss, you can go. Out of my way. Out of my way! Should've been brought straight to me. I can mend bones in a heartbeat- but growing them back",anger
1339,1340,50,43,85,"Well, what do you expect? Pumpkin juice?",2,Poppy Pomfrey,poppy pomfrey,"Well, what do you expect? Pumpkin juice?",surprise
1340,1341,50,43,1,Uh!,2,Harry Potter,harry potter,Uh!,surprise
1341,1342,50,43,86,Kill. Kill Time to kill!,2,Serpent of Slitherin,serpent of slitherin,Kill. Kill Time to kill!,anger
1343,1344,50,43,1,Dobby?,2,Harry Potter,harry potter,Dobby?,surprise
1344,1345,50,43,27,Harry Potter should have listened to Dobby! Harry Potter should have gone back home when he missed the train.,2,Dobby,dobby,Harry Potter should have listened to Dobby! Harry Potter should have gone back home when he missed the train.,sadness
1347,1348,50,43,1,You nearly got Ron and me expelled!,2,Harry Potter,harry potter,You nearly got Ron and me expelled!,anger
1349,1350,50,43,1,Your Bludger? You made that Bludger chase after me?,2,Harry Potter,harry potter,Your Bludger? You made that Bludger chase after me?,surprise
1350,1351,50,43,27,"Uhuh Dobby feels most aggrieved, sir. Dobby had to iron his hands.",2,Dobby,dobby,"Uhuh Dobby feels most aggrieved, sir. Dobby had to iron his hands.",anger
1351,1352,50,43,1,"You'd better clear off before my bones come back, Dobby, or I might strangle you!",2,Harry Potter,harry potter,"You'd better clear off before my bones come back, Dobby, or I might strangle you!",anger
1352,1353,50,43,27,Uh-huh-huh Dobby is used to death threats sir. Dobby gets them five times a day at home.,2,Dobby,dobby,Uh-huh-huh Dobby is used to death threats sir. Dobby gets them five times a day at home.,fear
1353,1354,50,43,1,I don't suppose you could tell me why you're trying to kill me?,2,Harry Potter,harry potter,I don't suppose you could tell me why you're trying to kill me?,surprise
1355,1356,50,43,1,Why do you wear that thing Dobby?,2,Harry Potter,harry potter,Why do you wear that thing Dobby?,surprise
1356,1357,50,43,27,"This, sir? It is a mark of the house-elves' enslavement. Dobby can only be freed if his master presents him with clothes. Ah! Listen. Listen! Terrible things are about to happen at Hogwarts. Harry Potter must not stay here, now that history is to repeat itself.",2,Dobby,dobby,"This, sir? It is a mark of the house-elves' enslavement. Dobby can only be freed if his master presents him with clothes. Ah! Listen. Listen! Terrible things are about to happen at Hogwarts. Harry Potter must not stay here, now that history is to repeat itself.",fear
1357,1358,50,43,1,Repeat itself? You mean this has happened before?,2,Harry Potter,harry potter,Repeat itself? You mean this has happened before?,surprise
1358,1359,50,43,27,Ah! I shouldn't have said that! Oh! Ah! Dah! Bad Dobby! Bad!,2,Dobby,dobby,Ah! I shouldn't have said that! Oh! Ah! Dah! Bad Dobby! Bad!,surprise
1359,1360,50,43,1,"Dobby, stop it! Stop it! Stop, Dobby! Tell me, Dobby. When did this happen before? Who's doing it now?",2,Harry Potter,harry potter,"Dobby, stop it! Stop it! Stop, Dobby! Tell me, Dobby. When did this happen before? Who's doing it now?",anger
1362,1363,50,43,85,Put him here. What happened?,2,Poppy Pomfrey,poppy pomfrey,Put him here. What happened?,surprise
1363,1364,50,43,4,There's been another attack.,2,Albus Dumbledore,albus dumbledore,There's been another attack.,fear
1364,1365,50,43,7,"I think- do ya know- I think he's been Petrified, Madame Pomfrey. Look! Perhaps he managed to take a picture of his attacker",2,Minerva McGonagall,minerva mcgonagall,"I think- do ya know- I think he's been Petrified, Madame Pomfrey. Look! Perhaps he managed to take a picture of his attacker",fear
1365,1366,50,43,7,"What can this mean, Albus?",2,Minerva McGonagall,minerva mcgonagall,"What can this mean, Albus?",surprise
1366,1367,50,43,4,It meansthat our students are in great danger.,2,Albus Dumbledore,albus dumbledore,It meansthat our students are in great danger.,fear
1367,1368,50,43,7,What should I tell the staff.,2,Minerva McGonagall,minerva mcgonagall,What should I tell the staff.,fear
1368,1369,50,43,4,"The truth. Tell them Hogwarts is no longer safe. It is as we feared, Minerva. The Chamber of Secrets has indeed been opened again.",2,Albus Dumbledore,albus dumbledore,"The truth. Tell them Hogwarts is no longer safe. It is as we feared, Minerva. The Chamber of Secrets has indeed been opened again.",fear
1369,1370,51,46,3,Again? You mean the Chamber of Secrets has been opened before?,2,Hermione Granger,hermione granger,Again? You mean the Chamber of Secrets has been opened before?,surprise
1370,1371,51,46,2,Of course. Don't you see? Lucius Malfoy must have opened it when he was at school here. And now he's taught Draco how to do it.,2,Ron Weasley,ron weasley,Of course. Don't you see? Lucius Malfoy must have opened it when he was at school here. And now he's taught Draco how to do it.,surprise
1374,1375,51,46,2,Why?,2,Ron Weasley,ron weasley,Why?,surprise
1376,1377,51,46,2,Who?,2,Ron Weasley,ron weasley,Who?,surprise
1379,1380,51,46,39,"I'm Moaning Myrtle! I wouldn't expect you to know me! Who would ever talk about ugly, miserable, moping Moaning Myrtle? Huhaaaah!",2,Moaning Myrtle,moaning myrtle,"I'm Moaning Myrtle! I wouldn't expect you to know me! Who would ever talk about ugly, miserable, moping Moaning Myrtle? Huhaaaah!",sadness
1381,1382,51,36,28,"Gather 'round, gather 'round! Can everybody see me? Can you all hear me? Excellent! In light of the dark events of recent weeks, Professor Dumbledore has granted me permission to start this little Dueling Club to train you all up in case you ever need to defend yourselves, as I myself have done on countless occasions- for full details, see my published works. Let me introduce my assistant, Professor Snape. He has sportingly agreed to help me with a short demonstration. Now, I don't want any of you youngsters to worry- you'll still have your Potions master when I'm through with him, never fear. One, two, three.",2,Gilderoy Lockhart,gilderoy lockhart,"Gather 'round, gather 'round! Can everybody see me? Can you all hear me? Excellent! In light of the dark events of recent weeks, Professor Dumbledore has granted me permission to start this little Dueling Club to train you all up in case you ever need to defend yourselves, as I myself have done on countless occasions- for full details, see my published works. Let me introduce my assistant, Professor Snape. He has sportingly agreed to help me with a short demonstration. Now, I don't want any of you youngsters to worry- you'll still have your Potions master when I'm through with him, never fear. One, two, three.",fear
1382,1383,51,36,6,Expelliarmus!,2,Severus Snape,severus snape,Expelliarmus!,surprise
1383,1384,51,36,28,Whoaah!,2,Gilderoy Lockhart,gilderoy lockhart,Whoaah!,surprise
1386,1387,51,36,28,"An excellent idea to show them that, Professor Snape, but if you don't mind me saying, it was pretty obvious- ah- what you were about to do. And if I had wanted to stop you, it would have been only too easy.",2,Gilderoy Lockhart,gilderoy lockhart,"An excellent idea to show them that, Professor Snape, but if you don't mind me saying, it was pretty obvious- ah- what you were about to do. And if I had wanted to stop you, it would have been only too easy.",fear
1388,1389,51,36,28,"An excellent suggestion, Professor Snape! Ah Let's have a volunteer pair! Um, Potter, Weasley, how about you?",2,Gilderoy Lockhart,gilderoy lockhart,"An excellent suggestion, Professor Snape! Ah Let's have a volunteer pair! Um, Potter, Weasley, how about you?",joy
1393,1394,51,36,12,"Scared, Potter?",2,Draco Malfoy,draco malfoy,"Scared, Potter?",fear
1396,1397,51,36,12,Everte statium!,2,Draco Malfoy,draco malfoy,Everte statium!,surprise
1397,1398,51,36,3,Oh!,2,Hermione Granger,hermione granger,Oh!,surprise
1398,1399,51,36,80,"Ha, ha, ha, ha, ha!",2,Vincent Crabbe,vincent crabbe,"Ha, ha, ha, ha, ha!",joy
1399,1400,51,36,1,Rictusempra!,2,Harry Potter,harry potter,Rictusempra!,surprise
1400,1401,52,36,28,I said disarm only!,2,Gilderoy Lockhart,gilderoy lockhart,I said disarm only!,fear
1401,1402,52,36,12,Serpensortia!,2,Draco Malfoy,draco malfoy,Serpensortia!,surprise
1402,1403,52,36,6,"Don't move, Potter. I'll get rid of it for you.",2,Severus Snape,severus snape,"Don't move, Potter. I'll get rid of it for you.",anger
1407,1408,52,39,2,You're a Parselmouth? Why didn't you tell us?,2,Ron Weasley,ron weasley,You're a Parselmouth? Why didn't you tell us?,surprise
1408,1409,52,39,1,I'm a what?,2,Harry Potter,harry potter,I'm a what?,surprise
1410,1411,52,39,1,"I know. I mean, I accidentally set a python on my cousin Dudley at the zoo once. Uh, once! But, so what? I bet loads of people here can do it.",2,Harry Potter,harry potter,"I know. I mean, I accidentally set a python on my cousin Dudley at the zoo once. Uh, once! But, so what? I bet loads of people here can do it.",anger
1413,1414,52,39,2,"Oh, that's what you said to it!",2,Ron Weasley,ron weasley,"Oh, that's what you said to it!",surprise
1414,1415,52,39,1,You were there! You heard me!,2,Harry Potter,harry potter,You were there! You heard me!,surprise
1416,1417,52,39,1,I spoke a different language? But- I didn't realize I- how can I speak a language without knowing I can?,2,Harry Potter,harry potter,I spoke a different language? But- I didn't realize I- how can I speak a language without knowing I can?,surprise
1418,1419,52,39,2,"Exactly! Now the whole school's gonna think you're his great- greatgreat grandson, or something.",2,Ron Weasley,ron weasley,"Exactly! Now the whole school's gonna think you're his great- greatgreat grandson, or something.",anger
1421,1422,52,28,1,I'll see you back in the common room.,2,Harry Potter,harry potter,I'll see you back in the common room.,joy
1422,1423,52,28,86,BloodI want bloodThey all must die. Kill Kill Kill! Time to kill.,2,Serpent of Slitherin,serpent of slitherin,BloodI want bloodThey all must die. Kill Kill Kill! Time to kill.,anger
1423,1424,53,28,35,"Caught in the act! I'll have you out this time, Potter. Mark my words.",2,Argus Filch,argus filch,"Caught in the act! I'll have you out this time, Potter. Mark my words.",anger
1424,1425,53,28,1,No! Mr. Filch! Y-you- you don't understand!,2,Harry Potter,harry potter,No! Mr. Filch! Y-you- you don't understand!,anger
1425,1426,53,28,7,Oh!,2,Minerva McGonagall,minerva mcgonagall,Oh!,surprise
1426,1427,53,28,1,Professor I swear I didn't!,2,Harry Potter,harry potter,Professor I swear I didn't!,anger
1427,1428,53,28,7,"This is out of my hands, Potter.",2,Minerva McGonagall,minerva mcgonagall,"This is out of my hands, Potter.",anger
1429,1430,53,41,1,Professor Dumbledore?,2,Harry Potter,harry potter,Professor Dumbledore?,surprise
1430,1431,53,41,128,"Bee in your bonnet, Potter?",2,Sorting Hat,sorting hat,"Bee in your bonnet, Potter?",surprise
1431,1432,53,41,1,I I-I was- I was just wondering if you'd put me in the right house.,2,Harry Potter,harry potter,I I-I was- I was just wondering if you'd put me in the right house.,surprise
1433,1434,53,41,1,You're wrong.,2,Harry Potter,harry potter,You're wrong.,anger
1435,1436,53,41,4,Harry?,2,Albus Dumbledore,albus dumbledore,Harry?,surprise
1436,1437,53,41,1,"Professor! Sir, your bird- there was nothing I could do- he- he just caught fire!",2,Harry Potter,harry potter,"Professor! Sir, your bird- there was nothing I could do- he- he just caught fire!",surprise
1437,1438,53,41,4,"Oh, and about time, too. He's been looking dreadful for days. Pity you had to see him on a burning day. Fawkes is a phoenix, Harry. They burst into flame when it is time for them to die, and then they are reborn from the ashes.",2,Albus Dumbledore,albus dumbledore,"Oh, and about time, too. He's been looking dreadful for days. Pity you had to see him on a burning day. Fawkes is a phoenix, Harry. They burst into flame when it is time for them to die, and then they are reborn from the ashes.",fear
1439,1440,53,41,5,"Professor Dumbledore, sir! Wait! Listen! Professor Dumbledore, sir, it wasn't Harry!",2,Rubeus Hagrid,rubeus hagrid,"Professor Dumbledore, sir! Wait! Listen! Professor Dumbledore, sir, it wasn't Harry!",fear
1441,1442,53,41,5,"In fact, I'd be prepared ter swear it in front o' the Ministry of Magic!",2,Rubeus Hagrid,rubeus hagrid,"In fact, I'd be prepared ter swear it in front o' the Ministry of Magic!",anger
1445,1446,53,41,1,"You don't think it was me, Professor?",2,Harry Potter,harry potter,"You don't think it was me, Professor?",surprise
1446,1447,53,41,4,"No, Harry. I do not think it was you But I must ask you, is there something you wish to tell me?",2,Albus Dumbledore,albus dumbledore,"No, Harry. I do not think it was you But I must ask you, is there something you wish to tell me?",surprise
1452,1453,54,46,2,How?,2,Ron Weasley,ron weasley,How?,surprise
1457,1458,54,46,1,"Ron, maybe I should do it?",2,Harry Potter,harry potter,"Ron, maybe I should do it?",anger
1460,1461,54,46,80,It's good right? Ah Cool!,2,Vincent Crabbe,vincent crabbe,It's good right? Ah Cool!,joy
1463,1464,54,46,2,How thick could you get?,2,Ron Weasley,ron weasley,How thick could you get?,surprise
1467,1468,54,46,3,Cheers!,2,Hermione Granger,hermione granger,Cheers!,joy
1468,1469,54,46,2,I think I'm gonna be sick!,2,Ron Weasley,ron weasley,I think I'm gonna be sick!,surprise
1471,1472,54,46,2,Uh Harry?,2,Ron Weasley,ron weasley,Uh Harry?,surprise
1472,1473,54,46,1,Ron!,2,Harry Potter,harry potter,Ron!,surprise
1473,1474,54,46,2,Bloody hell!,2,Ron Weasley,ron weasley,Bloody hell!,anger
1478,1479,54,46,3,I- I don't think I'm going. You go on without me!,2,Hermione Granger,hermione granger,I- I don't think I'm going. You go on without me!,surprise
1479,1480,54,46,1,"Hermione, are you okay?",2,Harry Potter,harry potter,"Hermione, are you okay?",anger
1480,1481,54,46,3,Just go. You're wasting time!,2,Hermione Granger,hermione granger,Just go. You're wasting time!,anger
1481,1482,54,46,1,Come on.,2,Harry Potter,harry potter,Come on.,anger
1484,1485,55,28,37,Excuse me.,2,Percy Weasley,percy weasley,Excuse me.,anger
1485,1486,55,28,2,"What are you doing d- uh, I mean What are you doing down here?",2,Ron Weasley,ron weasley,"What are you doing d- uh, I mean What are you doing down here?",surprise
1488,1489,55,28,1,I'm,2,Harry Potter,harry potter,I'm,surprise
1489,1490,55,28,12,"Crabbe, Goyle! Where have you two been? Pigging out in the Great Hall all this time? Why are you wearing glasses?",2,Draco Malfoy,draco malfoy,"Crabbe, Goyle! Where have you two been? Pigging out in the Great Hall all this time? Why are you wearing glasses?",surprise
1491,1492,55,28,12,Reading?,2,Draco Malfoy,draco malfoy,Reading?,surprise
1492,1493,55,28,1,Uh-huh.,2,Harry Potter,harry potter,Uh-huh.,fear
1493,1494,55,28,12,"I didn't know you could read. And what are you doing down here, Weasley?",2,Draco Malfoy,draco malfoy,"I didn't know you could read. And what are you doing down here, Weasley?",surprise
1496,1497,55,57,2,AhemStomachache.,2,Ron Weasley,ron weasley,AhemStomachache.,sadness
1497,1498,55,57,12,"You know, I'm surprised that the Daily Prophet hasn't done a report on all these attacks. I suppose Dumbledore is trying to hush it all up. Father always said Dumbledore was the worst thing that ever happened to this place.",2,Draco Malfoy,draco malfoy,"You know, I'm surprised that the Daily Prophet hasn't done a report on all these attacks. I suppose Dumbledore is trying to hush it all up. Father always said Dumbledore was the worst thing that ever happened to this place.",surprise
1498,1499,55,57,1,You're wrong!,2,Harry Potter,harry potter,You're wrong!,anger
1500,1501,55,57,1,Harry Potter?,2,Harry Potter,harry potter,Harry Potter?,surprise
1501,1502,55,57,12,"Good one, Goyle. You're absolutely right. Saint Potter. And people actually think that he's the Heir of Slytherin!",2,Draco Malfoy,draco malfoy,"Good one, Goyle. You're absolutely right. Saint Potter. And people actually think that he's the Heir of Slytherin!",surprise
1505,1506,55,57,2,S- scar.,2,Ron Weasley,ron weasley,S- scar.,sadness
1507,1508,55,57,12,Hey! Where are you going?,2,Draco Malfoy,draco malfoy,Hey! Where are you going?,surprise
1508,1509,55,46,2,That was close!,2,Ron Weasley,ron weasley,That was close!,surprise
1509,1510,55,46,1,"Hermione, come out. We've got loads to tell you!",2,Harry Potter,harry potter,"Hermione, come out. We've got loads to tell you!",anger
1510,1511,55,46,3,Go away!,2,Hermione Granger,hermione granger,Go away!,anger
1512,1513,55,46,1,Hermione? A- are you OK?,2,Harry Potter,harry potter,Hermione? A- are you OK?,surprise
1513,1514,55,46,39,Aaah!,2,Moaning Myrtle,moaning myrtle,Aaah!,joy
1515,1516,55,46,39,"Hee, ha, ha!",2,Moaning Myrtle,moaning myrtle,"Hee, ha, ha!",joy
1517,1518,55,46,39,"Ha, ha, ha!",2,Moaning Myrtle,moaning myrtle,"Ha, ha, ha!",joy
1519,1520,56,46,1,"She should be out of hospital in a few days, when she stops coughing up fur balls What's this?",2,Harry Potter,harry potter,"She should be out of hospital in a few days, when she stops coughing up fur balls What's this?",surprise
1522,1523,56,46,39,"Oooh, oooh, ooooh, huhâ huh. Come to throw something else at me?",2,Moaning Myrtle,moaning myrtle,"Oooh, oooh, ooooh, huhâ huh. Come to throw something else at me?",surprise
1523,1524,56,46,1,Why would I throw something at you?,2,Harry Potter,harry potter,Why would I throw something at you?,anger
1524,1525,56,46,39,"Don't ask me! Here I am, minding my own business, and someone thinks it's funny to throw a book at me.",2,Moaning Myrtle,moaning myrtle,"Don't ask me! Here I am, minding my own business, and someone thinks it's funny to throw a book at me.",anger
1525,1526,56,46,2,"But, it can't hurt if someone throws something at you. I mean, it'll just go right through you.",2,Ron Weasley,ron weasley,"But, it can't hurt if someone throws something at you. I mean, it'll just go right through you.",anger
1526,1527,56,46,39,Sure! Let's all throw books at Myrtle because she can't feel it! Ten points if you get through her stomach! Fifty points if it goes through her head!,2,Moaning Myrtle,moaning myrtle,Sure! Let's all throw books at Myrtle because she can't feel it! Ten points if you get through her stomach! Fifty points if it goes through her head!,anger
1527,1528,56,46,1,"But, who threw it at you, anyway?",2,Harry Potter,harry potter,"But, who threw it at you, anyway?",anger
1528,1529,56,46,39,"I don't know, I didn't see them. I was just sitting in the Ubend thinking about death - aah - and it fell through the top of my head. Uhhuh. Whoo-oooh-whoooo",2,Moaning Myrtle,moaning myrtle,"I don't know, I didn't see them. I was just sitting in the Ubend thinking about death - aah - and it fell through the top of my head. Uhhuh. Whoo-oooh-whoooo",surprise
1534,1535,56,39,1,'Can you tell me?',2,Harry Potter,harry potter,'Can you tell me?',fear
1536,1537,57,60,1,Excuse me. Could you tell me what's going on here? Are you Tom Riddle?,2,Harry Potter,harry potter,Excuse me. Could you tell me what's going on here? Are you Tom Riddle?,surprise
1539,1540,57,60,1,Dumbledore?,2,Harry Potter,harry potter,Dumbledore?,surprise
1542,1543,57,60,4,"I'm afraid they are, Tom. They are true.",2,Albus Dumbledore,albus dumbledore,"I'm afraid they are, Tom. They are true.",fear
1544,1545,57,60,4,"I understand Tom, but I'm afraid Headmaster Dippet may have no choice.",2,Albus Dumbledore,albus dumbledore,"I understand Tom, but I'm afraid Headmaster Dippet may have no choice.",fear
1545,1546,57,60,24,Sir- if it all stopped- if the person responsible was caught--,2,Tom Riddle,tom riddle,Sir- if it all stopped- if the person responsible was caught--,anger
1552,1553,57,60,5,You can't! You don't understand.,2,Rubeus Hagrid,rubeus hagrid,You can't! You don't understand.,anger
1554,1555,57,60,5,It wasn't him. Aragog never killed no one! Never!,2,Rubeus Hagrid,rubeus hagrid,It wasn't him. Aragog never killed no one! Never!,anger
1556,1557,57,60,5,No!,2,Rubeus Hagrid,rubeus hagrid,No!,anger
1557,1558,57,60,24,"Stand aside, Hagrid!",2,Tom Riddle,tom riddle,"Stand aside, Hagrid!",anger
1558,1559,57,60,5,No!,2,Rubeus Hagrid,rubeus hagrid,No!,anger
1559,1560,57,60,24,Cistem aperio! Arania exumai!,2,Tom Riddle,tom riddle,Cistem aperio! Arania exumai!,joy
1560,1561,57,60,5,Aragog! Aragog!,2,Rubeus Hagrid,rubeus hagrid,Aragog! Aragog!,surprise
1561,1562,57,60,24,"I can't let you go. They'll have your wand for this, Hagrid. You'll be expelled.",2,Tom Riddle,tom riddle,"I can't let you go. They'll have your wand for this, Hagrid. You'll be expelled.",anger
1562,1563,57,60,1,Hagrid! Haagriid!,2,Harry Potter,harry potter,Hagrid! Haagriid!,joy
1563,1564,57,60,1,Woah!,2,Harry Potter,harry potter,Woah!,surprise
1567,1568,58,45,1,"The monster had killed somebody, Ron. What would any of us have done?",2,Harry Potter,harry potter,"The monster had killed somebody, Ron. What would any of us have done?",anger
1568,1569,58,45,3,Look. Hagrid's our friend. Why don't we just go and ask him about it?,2,Hermione Granger,hermione granger,Look. Hagrid's our friend. Why don't we just go and ask him about it?,anger
1569,1570,58,45,2,"That'll be a cheerful visit! Hello, Hagrid! Tell us, have you been setting anything mad and hairy loose in the castle lately?â",2,Ron Weasley,ron weasley,"That'll be a cheerful visit! Hello, Hagrid! Tell us, have you been setting anything mad and hairy loose in the castle lately?â",joy
1570,1571,58,45,5,"Mad and hairy? You wouldn't be talking about me now, would ya?",2,Rubeus Hagrid,rubeus hagrid,"Mad and hairy? You wouldn't be talking about me now, would ya?",anger
1571,1572,58,45,1,No!,2,Harry Potter,harry potter,No!,anger
1572,1573,58,45,2,No!,2,Ron Weasley,ron weasley,No!,anger
1573,1574,58,45,3,No!,2,Hermione Granger,hermione granger,No!,anger
1574,1575,58,45,1,"W- what's that you've got, Hagrid?",2,Harry Potter,harry potter,"W- what's that you've got, Hagrid?",surprise
1576,1577,58,45,5,"Hello, Neville!",2,Rubeus Hagrid,rubeus hagrid,"Hello, Neville!",joy
1577,1578,58,39,10,"Harry- I don't know who did it, but you'd better come! Come on!",2,Neville Longbottom,neville longbottom,"Harry- I don't know who did it, but you'd better come! Come on!",anger
1582,1583,58,51,14,"And not to mention, they're dead scared that Harry'll Petrify them if they fly anywhere near him.",2,Fred Weasley,fred weasley,"And not to mention, they're dead scared that Harry'll Petrify them if they fly anywhere near him.",fear
1584,1585,58,51,7,This match has been cancelled.,2,Minerva McGonagall,minerva mcgonagall,This match has been cancelled.,sadness
1585,1586,58,51,46,We can't cancel Quidditch.,2,Oliver Wood,oliver wood,We can't cancel Quidditch.,sadness
1587,1588,58,43,7,"I warn you, this could be a wee bit of a shock.",2,Minerva McGonagall,minerva mcgonagall,"I warn you, this could be a wee bit of a shock.",surprise
1588,1589,58,43,2,Hermione!,2,Ron Weasley,ron weasley,Hermione!,surprise
1592,1593,58,43,1,"We've got to talk to Hagrid, Ron. I can't believe it's him, but if he did set the monster loose last time, he'll know how to get inside the Chamber of Secrets, and that's a start.",2,Harry Potter,harry potter,"We've got to talk to Hagrid, Ron. I can't believe it's him, but if he did set the monster loose last time, he'll know how to get inside the Chamber of Secrets, and that's a start.",surprise
1593,1594,58,43,2,But you heard McGonagall! We're not allowed to leave the tower except for class.,2,Ron Weasley,ron weasley,But you heard McGonagall! We're not allowed to leave the tower except for class.,surprise
1595,1596,59,40,5,Who's there? Hello? Hello?,2,Rubeus Hagrid,rubeus hagrid,Who's there? Hello? Hello?,surprise
1596,1597,59,40,1,What's that for?,2,Harry Potter,harry potter,What's that for?,surprise
1597,1598,59,40,5,"Oh, nothing. I- I was expecting, ah It doesn't matter- come on inI just made a pot o' tea.",2,Rubeus Hagrid,rubeus hagrid,"Oh, nothing. I- I was expecting, ah It doesn't matter- come on inI just made a pot o' tea.",surprise
1600,1601,59,40,1,Did you hear about Hermione?,2,Harry Potter,harry potter,Did you hear about Hermione?,surprise
1603,1604,59,40,5,"What you had to understand about that is-  Quick under the cloak. Don't say a word. Be quiet, both o' you Professor Dumbledore, sir!",2,Rubeus Hagrid,rubeus hagrid,"What you had to understand about that is-  Quick under the cloak. Don't say a word. Be quiet, both o' you Professor Dumbledore, sir!",fear
1604,1605,59,40,4,"Good evening, Hagrid. I wonder, could we?",2,Albus Dumbledore,albus dumbledore,"Good evening, Hagrid. I wonder, could we?",surprise
1605,1606,59,40,5,Of course! Come in! Come in.,2,Rubeus Hagrid,rubeus hagrid,Of course! Come in! Come in.,anger
1606,1607,59,40,2,"That's Dad's boss! Cornelius Fudge, Minister of Magic!",2,Ron Weasley,ron weasley,"That's Dad's boss! Cornelius Fudge, Minister of Magic!",anger
1608,1609,59,40,5,"Oh, but I never- you know I never, Professor!",2,Rubeus Hagrid,rubeus hagrid,"Oh, but I never- you know I never, Professor!",surprise
1610,1611,59,40,17,"Albus look, Hagrid's record is against him. I've got to take him.",2,Cornelius Fudge,cornelius fudge,"Albus look, Hagrid's record is against him. I've got to take him.",anger
1612,1613,59,40,17,"I'm afraid we have no choice, Hagrid.",2,Cornelius Fudge,cornelius fudge,"I'm afraid we have no choice, Hagrid.",fear
1614,1615,59,40,5,What're you doin' here? Get outta my house!,2,Rubeus Hagrid,rubeus hagrid,What're you doin' here? Get outta my house!,anger
1615,1616,59,40,23,"Believe me, I take absolutely no pleasure being inside your-- you call this a house? Huh! No. I simply called at the school, and was told the headmaster was here.",2,Lucius Malfoy,lucius malfoy,"Believe me, I take absolutely no pleasure being inside your-- you call this a house? Huh! No. I simply called at the school, and was told the headmaster was here.",surprise
1617,1618,59,40,23,"The other governors and I have decided it's time for you to step aside. This is an order of suspension. You'll find all twelve signatures on it. I'm afraid we feel you've rather lost your touch. Well, what, with all these attacks, there'll be no Muggle-borns left at Hogwarts. I can only imagine what an awful loss that would be to the school.",2,Lucius Malfoy,lucius malfoy,"The other governors and I have decided it's time for you to step aside. This is an order of suspension. You'll find all twelve signatures on it. I'm afraid we feel you've rather lost your touch. Well, what, with all these attacks, there'll be no Muggle-borns left at Hogwarts. I can only imagine what an awful loss that would be to the school.",fear
1618,1619,59,40,5,"Yeh can' take Professor Dumbledore away. Take him away, an' the Muggle-borns won' stand a chance! You mark my words, there'll be killin's next!",2,Rubeus Hagrid,rubeus hagrid,"Yeh can' take Professor Dumbledore away. Take him away, an' the Muggle-borns won' stand a chance! You mark my words, there'll be killin's next!",anger
1619,1620,59,40,23,You think so?,2,Lucius Malfoy,lucius malfoy,You think so?,surprise
1621,1622,59,40,23,Admirable sentiments. Shall we? Fudge!,2,Lucius Malfoy,lucius malfoy,Admirable sentiments. Shall we? Fudge!,anger
1624,1625,59,40,17,Good boy.,2,Cornelius Fudge,cornelius fudge,Good boy.,joy
1625,1626,59,40,2,"Hagrid's right! With Dumbledore gone, there'll be an attack a day!",2,Ron Weasley,ron weasley,"Hagrid's right! With Dumbledore gone, there'll be an attack a day!",fear
1626,1627,59,40,1,"Look! Well, come on. Come on, Fang!",2,Harry Potter,harry potter,"Look! Well, come on. Come on, Fang!",anger
1627,1628,60,35,2,What?!,2,Ron Weasley,ron weasley,What?!,surprise
1629,1630,60,35,2,They're headed to the Dark Forest! Why spiders! Why couldn't it be follow the butterflies?â,2,Ron Weasley,ron weasley,They're headed to the Dark Forest! Why spiders! Why couldn't it be follow the butterflies?â,surprise
1633,1634,60,35,1,Come on!,2,Harry Potter,harry potter,Come on!,anger
1634,1635,60,35,68,Who is it?,2,Aragog,aragog,Who is it?,surprise
1635,1636,60,35,1,Don't panic.,2,Harry Potter,harry potter,Don't panic.,fear
1636,1637,60,35,68,Hagrid? Is that you?,2,Aragog,aragog,Hagrid? Is that you?,surprise
1637,1638,60,35,1,We're friends of Hagrid's. And you? Y- y-you're Aragog aren't you?,2,Harry Potter,harry potter,We're friends of Hagrid's. And you? Y- y-you're Aragog aren't you?,surprise
1639,1640,60,35,1,"He's in trouble. Up at the school, there have been attacks. They think it's Hagrid. They think he opened the Chamber of Secrets, like before.",2,Harry Potter,harry potter,"He's in trouble. Up at the school, there have been attacks. They think it's Hagrid. They think he opened the Chamber of Secrets, like before.",fear
1645,1646,60,35,68,We do not speak of it. It is an ancient creature we spiders fear above all others.,2,Aragog,aragog,We do not speak of it. It is an ancient creature we spiders fear above all others.,fear
1646,1647,60,35,1,But have you seen it?,2,Harry Potter,harry potter,But have you seen it?,surprise
1648,1649,60,35,2,Harry!,2,Ron Weasley,ron weasley,Harry!,surprise
1649,1650,60,35,1,What?,2,Harry Potter,harry potter,What?,surprise
1650,1651,60,35,2,Ahh- hhh,2,Ron Weasley,ron weasley,Ahh- hhh,fear
1653,1654,61,35,2,Can we panic now?,2,Ron Weasley,ron weasley,Can we panic now?,fear
1657,1658,61,35,1,Let's go! Arania exumai! Go!,2,Harry Potter,harry potter,Let's go! Arania exumai! Go!,anger
1658,1659,61,35,1,Whoah!,2,Harry Potter,harry potter,Whoah!,surprise
1659,1660,61,35,2,Whoah!,2,Ron Weasley,ron weasley,Whoah!,surprise
1660,1661,61,35,2,Glad we're out of there! Ah- Aaaah!,2,Ron Weasley,ron weasley,Glad we're out of there! Ah- Aaaah!,joy
1661,1662,61,35,1,Arania exumai!,2,Harry Potter,harry potter,Arania exumai!,surprise
1663,1664,61,35,1,Don't mention it. Get us out of here. Now! Come on! Come on! Move faster!,2,Harry Potter,harry potter,Don't mention it. Get us out of here. Now! Come on! Come on! Move faster!,anger
1666,1667,61,35,1,Go on! Go! Get us in the air.,2,Harry Potter,harry potter,Go on! Go! Get us in the air.,anger
1667,1668,61,35,2,The flying gear's jammed!,2,Ron Weasley,ron weasley,The flying gear's jammed!,anger
1668,1669,61,35,1,Come on! Pull!,2,Harry Potter,harry potter,Come on! Pull!,anger
1669,1670,61,35,2,I'm trying!,2,Ron Weasley,ron weasley,I'm trying!,anger
1670,1671,61,35,2,"Follow the spiders! Follow the spiders! If Hagrid ever gets out of Azkaban, I'll kill him! I mean, what was the point of sending us in there? What have we found out?",2,Ron Weasley,ron weasley,"Follow the spiders! Follow the spiders! If Hagrid ever gets out of Azkaban, I'll kill him! I mean, what was the point of sending us in there? What have we found out?",anger
1672,1673,62,43,1,"Wish you were here Hermione. We need you now, more than ever.",2,Harry Potter,harry potter,"Wish you were here Hermione. We need you now, more than ever.",sadness
1673,1674,62,43,2,What's that?,2,Ron Weasley,ron weasley,What's that?,surprise
1674,1675,62,43,1,"Ron, this is why Hermione was in the Library the day she was attacked. Come on!",2,Harry Potter,harry potter,"Ron, this is why Hermione was in the Library the day she was attacked. Come on!",anger
1675,1676,62,43,1,"'Of the many fearsome beasts that roam our land, none is more deadly than the basilisk. Capable of living for hundreds of years, instant death awaits any who meet this giant serpent's eye. Spiders flee before it.' Ron, this is it. The monster in the Chamber of Secrets is a basilisk. That's why I can hear it speak. It's a snake!",2,Harry Potter,harry potter,"'Of the many fearsome beasts that roam our land, none is more deadly than the basilisk. Capable of living for hundreds of years, instant death awaits any who meet this giant serpent's eye. Spiders flee before it.' Ron, this is it. The monster in the Chamber of Secrets is a basilisk. That's why I can hear it speak. It's a snake!",fear
1676,1677,62,43,2,"But if it kills by looking people in the eye, why is it no one's dead?",2,Ron Weasley,ron weasley,"But if it kills by looking people in the eye, why is it no one's dead?",anger
1682,1683,62,43,2,Pipes? It's using the plumbing!,2,Ron Weasley,ron weasley,Pipes? It's using the plumbing!,surprise
1683,1684,62,43,1,"Remember what Aragog said, about that girl fifty years ago? She died in a bathroom? What if she never left?",2,Harry Potter,harry potter,"Remember what Aragog said, about that girl fifty years ago? She died in a bathroom? What if she never left?",surprise
1686,1687,62,28,7,"As you can see, the Heir of Slytherin has left another message. Our worst fear has been realized. A student has been taken by the monster into the Chamber itself. The students must be sent home. I'm afraid this is the end of Hogwarts.",2,Minerva McGonagall,minerva mcgonagall,"As you can see, the Heir of Slytherin has left another message. Our worst fear has been realized. A student has been taken by the monster into the Chamber itself. The students must be sent home. I'm afraid this is the end of Hogwarts.",fear
1687,1688,62,28,28,So sorry- dozed off- what have I missed?,2,Gilderoy Lockhart,gilderoy lockhart,So sorry- dozed off- what have I missed?,sadness
1689,1690,62,28,28,My m-moment?,2,Gilderoy Lockhart,gilderoy lockhart,My m-moment?,surprise
1690,1691,62,28,6,Weren't you saying just last night that you've known all along where the entrance to the Chamber of Secrets is?,2,Severus Snape,severus snape,Weren't you saying just last night that you've known all along where the entrance to the Chamber of Secrets is?,surprise
1697,1698,63,30,1,"Professor, we have some information for you! Are you going somewhere?",2,Harry Potter,harry potter,"Professor, we have some information for you! Are you going somewhere?",surprise
1698,1699,63,30,28,"Uh, ah- well, yes- um, urgent call- unavoidable- got to go.",2,Gilderoy Lockhart,gilderoy lockhart,"Uh, ah- well, yes- um, urgent call- unavoidable- got to go.",fear
1699,1700,63,30,2,What about my sister?!,2,Ron Weasley,ron weasley,What about my sister?!,anger
1700,1701,63,30,28,"Well, um- as to that, most unfortunate. No one regrets more than I.",2,Gilderoy Lockhart,gilderoy lockhart,"Well, um- as to that, most unfortunate. No one regrets more than I.",sadness
1701,1702,63,30,2,You're the Defense Against the Dark Arts teacher! You can't go now!,2,Ron Weasley,ron weasley,You're the Defense Against the Dark Arts teacher! You can't go now!,anger
1703,1704,63,30,1,You're running away? After all that stuff you did in your books?,2,Harry Potter,harry potter,You're running away? After all that stuff you did in your books?,surprise
1705,1706,63,30,1,You wrote them!,2,Harry Potter,harry potter,You wrote them!,anger
1706,1707,63,30,28,"My dear boy, do use your common sense! My books wouldn't have sold half as well if people didn't think I'd done all those things!",2,Gilderoy Lockhart,gilderoy lockhart,"My dear boy, do use your common sense! My books wouldn't have sold half as well if people didn't think I'd done all those things!",anger
1707,1708,63,30,1,You're a fraud! You've just been taking credit for what other wizards have done!,2,Harry Potter,harry potter,You're a fraud! You've just been taking credit for what other wizards have done!,anger
1710,1711,63,30,1,Don't even think about it.,2,Harry Potter,harry potter,Don't even think about it.,anger
1711,1712,63,46,39,"Oh! Who's there? Oh! Hello, Harry! Ron. What do you want?",2,Moaning Myrtle,moaning myrtle,"Oh! Who's there? Oh! Hello, Harry! Ron. What do you want?",surprise
1712,1713,63,46,1,To ask you how you died.,2,Harry Potter,harry potter,To ask you how you died.,sadness
1713,1714,63,46,39,"Oh! It was dreadful. It happened right here in this very cubicle. I'd hidden because Olive Hornby was teasing me about my glasses. I was crying, and then I heard somebody come in.",2,Moaning Myrtle,moaning myrtle,"Oh! It was dreadful. It happened right here in this very cubicle. I'd hidden because Olive Hornby was teasing me about my glasses. I was crying, and then I heard somebody come in.",fear
1715,1716,63,46,39,"I don't know. I was Distraught! Huhh-huhBut they said something funny, a kind of made up language. And I realized it was a boy speaking, so I unlocked the door to tell him to go away and I died.",2,Moaning Myrtle,moaning myrtle,"I don't know. I was Distraught! Huhh-huhBut they said something funny, a kind of made up language. And I realized it was a boy speaking, so I unlocked the door to tell him to go away and I died.",fear
1716,1717,63,46,1,Just like that? How?,2,Harry Potter,harry potter,Just like that? How?,surprise
1717,1718,63,46,39,"I just remember seeing a pair of great big yellow eyesover there, by that sink. Ohhhhooo",2,Moaning Myrtle,moaning myrtle,"I just remember seeing a pair of great big yellow eyesover there, by that sink. Ohhhhooo",surprise
1719,1720,63,46,2,"Say something. Harry, say something in Parseltongue!",2,Ron Weasley,ron weasley,"Say something. Harry, say something in Parseltongue!",anger
1721,1722,63,46,28,"Excellent, Harry. Haa! Good work! Well then, I'll just be, ah There's no need for me to stay.",2,Gilderoy Lockhart,gilderoy lockhart,"Excellent, Harry. Haa! Good work! Well then, I'll just be, ah There's no need for me to stay.",joy
1722,1723,63,46,1,"Oh, yes there is! You first.",2,Harry Potter,harry potter,"Oh, yes there is! You first.",surprise
1723,1724,63,46,28,"Now, boys what good will it do?",2,Gilderoy Lockhart,gilderoy lockhart,"Now, boys what good will it do?",anger
1729,1730,63,46,1,Aaah!,2,Harry Potter,harry potter,Aaah!,joy
1730,1731,63,46,2,Aaah!,2,Ron Weasley,ron weasley,Aaah!,joy
1733,1734,63,25,2,Go on.,2,Ron Weasley,ron weasley,Go on.,anger
1735,1736,64,25,2,What's this?,2,Ron Weasley,ron weasley,What's this?,surprise
1738,1739,64,25,2,"Bloody hell. Whatever shed this must be sixty feet long-- or more! Heart of a lion, this one.",2,Ron Weasley,ron weasley,"Bloody hell. Whatever shed this must be sixty feet long-- or more! Heart of a lion, this one.",anger
1739,1740,64,25,28,"The adventure ends here, boys. But don't fret. The world will know our story. How I was too late to save the girl. How you two tragically lost your minds at the sight of her mangled body. So, you first, Mr. Potter. Say good-bye to your memories. Obliviate!",2,Gilderoy Lockhart,gilderoy lockhart,"The adventure ends here, boys. But don't fret. The world will know our story. How I was too late to save the girl. How you two tragically lost your minds at the sight of her mangled body. So, you first, Mr. Potter. Say good-bye to your memories. Obliviate!",sadness
1740,1741,64,25,2,Harry! Harry!,2,Ron Weasley,ron weasley,Harry! Harry!,surprise
1741,1742,64,25,1,"Ron! Ron, are you ok?",2,Harry Potter,harry potter,"Ron! Ron, are you ok?",surprise
1742,1743,64,25,2,I'm fine!,2,Ron Weasley,ron weasley,I'm fine!,anger
1743,1744,64,25,28,Uhh Hello. Who are you?,2,Gilderoy Lockhart,gilderoy lockhart,Uhh Hello. Who are you?,surprise
1745,1746,64,25,28,"Really? And uh, who- who am I?",2,Gilderoy Lockhart,gilderoy lockhart,"Really? And uh, who- who am I?",surprise
1746,1747,64,25,2,Lockhart's memory charm backfired. He hasn't got a clue who he is!,2,Ron Weasley,ron weasley,Lockhart's memory charm backfired. He hasn't got a clue who he is!,anger
1748,1749,64,25,2,No!,2,Ron Weasley,ron weasley,No!,anger
1749,1750,64,25,28,Really? Well?,2,Gilderoy Lockhart,gilderoy lockhart,Really? Well?,surprise
1750,1751,64,25,2,What'll do I do now?,2,Ron Weasley,ron weasley,What'll do I do now?,fear
1754,1755,65,25,1,"Ginny Ginny! Oh, Ginny, please don't be dead. Wake up. Wake up! Please, wake up!",2,Harry Potter,harry potter,"Ginny Ginny! Oh, Ginny, please don't be dead. Wake up. Wake up! Please, wake up!",anger
1756,1757,65,25,1,"Tom. Tom Riddle! What do you mean, 'she won't wake?' She's not?",2,Harry Potter,harry potter,"Tom. Tom Riddle! What do you mean, 'she won't wake?' She's not?",surprise
1758,1759,65,25,1,Are you a ghost?,2,Harry Potter,harry potter,Are you a ghost?,surprise
1760,1761,65,25,1,"She's cold as ice. Ginny, please don't be dead. Wake up! You've got to help me, Tom. There's a basilisk.",2,Harry Potter,harry potter,"She's cold as ice. Ginny, please don't be dead. Wake up! You've got to help me, Tom. There's a basilisk.",fear
1764,1765,65,25,1,"Listen, we've got to go! We've got to save her!",2,Harry Potter,harry potter,"Listen, we've got to go! We've got to save her!",anger
1765,1766,65,25,24,"I'm afraid I can't do that, Harry. You see, as poor Ginny grows weaker, I grow stronger. Yes Harry, it was Ginny Weasley who opened the Chamber of Secrets.",2,Tom Riddle,tom riddle,"I'm afraid I can't do that, Harry. You see, as poor Ginny grows weaker, I grow stronger. Yes Harry, it was Ginny Weasley who opened the Chamber of Secrets.",fear
1766,1767,65,25,1,No. She couldn't. She wouldn't!,2,Harry Potter,harry potter,No. She couldn't. She wouldn't!,anger
1767,1768,65,25,24,"It was Ginny who set the basilisk on the Mudbloods and Filch's cat, Ginny who wrote the threatening messages on the walls.",2,Tom Riddle,tom riddle,"It was Ginny who set the basilisk on the Mudbloods and Filch's cat, Ginny who wrote the threatening messages on the walls.",fear
1768,1769,65,25,1,But why?,2,Harry Potter,harry potter,But why?,surprise
1769,1770,65,25,24,"Because I told her to. You'll find that I can be very persuasive. Not that she knew what she was doing. She was, shall we say, in a kind of trance. Still, the power of the diary began to scare her. And she tried to dispose of it in the girl's bathroom. And then, who should find it, but you? The very person I was most anxious to meet.",2,Tom Riddle,tom riddle,"Because I told her to. You'll find that I can be very persuasive. Not that she knew what she was doing. She was, shall we say, in a kind of trance. Still, the power of the diary began to scare her. And she tried to dispose of it in the girl's bathroom. And then, who should find it, but you? The very person I was most anxious to meet.",fear
1770,1771,65,25,1,"But, why did you want to meet me?",2,Harry Potter,harry potter,"But, why did you want to meet me?",surprise
1772,1773,65,25,1,"Hagrid's my friend! And you framed him, didn't you?",2,Harry Potter,harry potter,"Hagrid's my friend! And you framed him, didn't you?",anger
1773,1774,65,25,24,It was my word against Hagrid's. Only Dumbledore seemed to think he was innocent.,2,Tom Riddle,tom riddle,It was my word against Hagrid's. Only Dumbledore seemed to think he was innocent.,fear
1777,1778,65,25,24,"Haven't I told you? Killing Mudbloods doesn't matter to me anymore. For many months now, my new target has been you. How is it that a baby, with no extraordinary magical talent, was able to defeat the greatest wizard of all time? How did you escape with nothing but a scar, while Lord Voldemort's powers were destroyed?",2,Tom Riddle,tom riddle,"Haven't I told you? Killing Mudbloods doesn't matter to me anymore. For many months now, my new target has been you. How is it that a baby, with no extraordinary magical talent, was able to defeat the greatest wizard of all time? How did you escape with nothing but a scar, while Lord Voldemort's powers were destroyed?",surprise
1778,1779,65,25,1,Why do you care how I escaped? Voldemort was after your time.,2,Harry Potter,harry potter,Why do you care how I escaped? Voldemort was after your time.,anger
1780,1781,65,25,1,You! You're the Heir of Slytherin. You're Voldemort.,2,Harry Potter,harry potter,You! You're the Heir of Slytherin. You're Voldemort.,anger
1781,1782,65,25,24,"Surely, you didn't think I was going to keep my filthy Muggle father's name? No. I fashioned myself a new name, a name I knew wizards everywhere would one day fear to speak, when I became the greatest sorcerer in the world.",2,Tom Riddle,tom riddle,"Surely, you didn't think I was going to keep my filthy Muggle father's name? No. I fashioned myself a new name, a name I knew wizards everywhere would one day fear to speak, when I became the greatest sorcerer in the world.",fear
1782,1783,65,25,1,Albus Dumbledore is the greatest sorcerer in the world!,2,Harry Potter,harry potter,Albus Dumbledore is the greatest sorcerer in the world!,surprise
1783,1784,65,25,24,Dumbledore's been driven out of this castle by the mere memory of me!,2,Tom Riddle,tom riddle,Dumbledore's been driven out of this castle by the mere memory of me!,anger
1784,1785,65,25,1,He'll never be gone! Not as long as those who remain are loyal to him! Fawkes?,2,Harry Potter,harry potter,He'll never be gone! Not as long as those who remain are loyal to him! Fawkes?,anger
1786,1787,66,25,24,"Let's match the power of Lord Voldemort, Heir of Salazar Slytherin, against the famous Harry Potter. Sethae- He- This. Parseltongue won't save you now, Potter. It only obeys me!",2,Tom Riddle,tom riddle,"Let's match the power of Lord Voldemort, Heir of Salazar Slytherin, against the famous Harry Potter. Sethae- He- This. Parseltongue won't save you now, Potter. It only obeys me!",anger
1787,1788,66,25,24,"No! Your bird may have blinded the basilisk, but it can still hear you!",2,Tom Riddle,tom riddle,"No! Your bird may have blinded the basilisk, but it can still hear you!",anger
1788,1789,66,25,24,"Yes, Potter, the process is nearly complete. In a few minutes Ginny will be dead, and I will cease to be a memory. Lord Voldemort will return- very much alive!",2,Tom Riddle,tom riddle,"Yes, Potter, the process is nearly complete. In a few minutes Ginny will be dead, and I will cease to be a memory. Lord Voldemort will return- very much alive!",sadness
1789,1790,66,25,1,Ginny-,2,Harry Potter,harry potter,Ginny-,joy
1792,1793,67,25,20,"Harry. It was me- but I swear, I didn't mean to! Riddle made me, and Harry, you're hurt!",2,Ginny Weasley,ginny weasley,"Harry. It was me- but I swear, I didn't mean to! Riddle made me, and Harry, you're hurt!",anger
1793,1794,67,25,1,"Don't worry. Ginny, you need to get yourself out. Follow the Chamber, and you'll find Ron. You were brilliant, Fawkes. I just wasn't quick enough Of course! Phoenix tears have healing powers. Thanks! It's alright, Ginny. It's over. It's just a memory.",2,Harry Potter,harry potter,"Don't worry. Ginny, you need to get yourself out. Follow the Chamber, and you'll find Ron. You were brilliant, Fawkes. I just wasn't quick enough Of course! Phoenix tears have healing powers. Thanks! It's alright, Ginny. It's over. It's just a memory.",fear
1794,1795,67,25,28,Amazing! This is just like magic!,2,Gilderoy Lockhart,gilderoy lockhart,Amazing! This is just like magic!,surprise
1802,1803,68,41,2,"Thanks, sir!",2,Ron Weasley,ron weasley,"Thanks, sir!",joy
1803,1804,68,41,4,"And now, Mr. Weasley, if you would, have an owl deliver these release papers to Azkaban? I believe we- we want our gamekeeper back. Harry first, I want to thank you, Harry. You must have shown me real loyalty down in the Chamber. Nothing but that could have called Fawkes to you. And, um second, I sense that something is troubling you. Am I right, Harry?",2,Albus Dumbledore,albus dumbledore,"And now, Mr. Weasley, if you would, have an owl deliver these release papers to Azkaban? I believe we- we want our gamekeeper back. Harry first, I want to thank you, Harry. You must have shown me real loyalty down in the Chamber. Nothing but that could have called Fawkes to you. And, um second, I sense that something is troubling you. Am I right, Harry?",fear
1804,1805,68,41,1,"It's just You see, sir I- I couldn't help but notice certain things, certain- certain similarities, between Tom Riddle and me.",2,Harry Potter,harry potter,"It's just You see, sir I- I couldn't help but notice certain things, certain- certain similarities, between Tom Riddle and me.",surprise
1805,1806,68,41,4,"I see. Well, you can speak Parseltongue, Harry. Why? Because Lord Voldemort can speak Parseltongue. If I'm not mistaken, Harry, he transferred some of his powers to you the night he gave you that scar.",2,Albus Dumbledore,albus dumbledore,"I see. Well, you can speak Parseltongue, Harry. Why? Because Lord Voldemort can speak Parseltongue. If I'm not mistaken, Harry, he transferred some of his powers to you the night he gave you that scar.",surprise
1807,1808,68,41,4,"Not intentionally, but yes.",2,Albus Dumbledore,albus dumbledore,"Not intentionally, but yes.",anger
1808,1809,68,41,1,So the Sorting Hat was right! I should be in Slytherin.,2,Harry Potter,harry potter,So the Sorting Hat was right! I should be in Slytherin.,surprise
1814,1815,69,41,1,Dobby! So this is your master! The family you serve is the Malfoys,2,Harry Potter,harry potter,Dobby! So this is your master! The family you serve is the Malfoys,anger
1816,1817,69,41,23,"I'll deal with you later. Out of my way, Potter! So, it's true-- you have returned!",2,Lucius Malfoy,lucius malfoy,"I'll deal with you later. Out of my way, Potter! So, it's true-- you have returned!",surprise
1817,1818,69,41,4,"When the governors learned that Arthur Weasley's daughter was taken into the Chamber, they saw fit to summon me back.",2,Albus Dumbledore,albus dumbledore,"When the governors learned that Arthur Weasley's daughter was taken into the Chamber, they saw fit to summon me back.",anger
1818,1819,69,41,23,Ridiculous!,2,Lucius Malfoy,lucius malfoy,Ridiculous!,surprise
1819,1820,69,41,4,"Curiously, Lucius, several of them were under the impression that you would curse their families, if they did not agree to suspend me in the first place.",2,Albus Dumbledore,albus dumbledore,"Curiously, Lucius, several of them were under the impression that you would curse their families, if they did not agree to suspend me in the first place.",anger
1820,1821,69,41,23,How dare you?!,2,Lucius Malfoy,lucius malfoy,How dare you?!,anger
1821,1822,69,41,4,I beg your pardon?,2,Albus Dumbledore,albus dumbledore,I beg your pardon?,anger
1824,1825,69,41,23,And? Who was it?,2,Lucius Malfoy,lucius malfoy,And? Who was it?,surprise
1826,1827,69,41,23,Ah!,2,Lucius Malfoy,lucius malfoy,Ah!,surprise
1828,1829,69,41,23,I see.,2,Lucius Malfoy,lucius malfoy,I see.,surprise
1831,1832,69,41,1,Don't worry. I will be.,2,Harry Potter,harry potter,Don't worry. I will be.,fear
1833,1834,69,41,27,Ahh! Oow!,2,Dobby,dobby,Ahh! Oow!,surprise
1834,1835,69,41,1,"Sir, I wonder if I could have that?",2,Harry Potter,harry potter,"Sir, I wonder if I could have that?",surprise
1835,1836,69,41,1,Mr. Malfoy! Mr. Malfoy! I have something of yours.,2,Harry Potter,harry potter,Mr. Malfoy! Mr. Malfoy! I have something of yours.,anger
1836,1837,69,41,23,Mine? I don't know what you're talking about.,2,Lucius Malfoy,lucius malfoy,Mine? I don't know what you're talking about.,surprise
1838,1839,69,41,23,"You do, do you? Why don't you prove it? Come, Dobby. Dobby!",2,Lucius Malfoy,lucius malfoy,"You do, do you? Why don't you prove it? Come, Dobby. Dobby!",anger
1840,1841,69,41,23,Dobby?,2,Lucius Malfoy,lucius malfoy,Dobby?,surprise
1841,1842,69,41,27,Master has given Dobby a sock!,2,Dobby,dobby,Master has given Dobby a sock!,surprise
1842,1843,69,41,23,What? I didn't give.,2,Lucius Malfoy,lucius malfoy,What? I didn't give.,surprise
1843,1844,69,41,27,Master has presented Dobby with clothes! Dobby is free!,2,Dobby,dobby,Master has presented Dobby with clothes! Dobby is free!,surprise
1844,1845,69,41,23,You've lost me my servant!,2,Lucius Malfoy,lucius malfoy,You've lost me my servant!,anger
1845,1846,69,41,27,You shall not harm Harry Potter!,2,Dobby,dobby,You shall not harm Harry Potter!,anger
1847,1848,69,41,23,"Your parents were meddlesome fools, too. You mark my words, Potter, one day soon you are going to meet the same sticky end!",2,Lucius Malfoy,lucius malfoy,"Your parents were meddlesome fools, too. You mark my words, Potter, one day soon you are going to meet the same sticky end!",anger
1848,1849,69,41,27,Harry Potter freed Dobby! How can Dobby ever repay him?,2,Dobby,dobby,Harry Potter freed Dobby! How can Dobby ever repay him?,anger
1850,1851,69,41,27,"Anything, sir!",2,Dobby,dobby,"Anything, sir!",anger
1851,1852,69,41,1,Never try to save my life again.,2,Harry Potter,harry potter,Never try to save my life again.,fear
1852,1853,70,36,126,"Welcome back, Sir Nicholas!",2,Other,other,"Welcome back, Sir Nicholas!",joy
1853,1854,70,36,47,Thank you!,2,Nearly Headless Nick,nearly headless nick,Thank you!,joy
1854,1855,70,36,126,"Good evening, Sir Nicholas!",2,Other,other,"Good evening, Sir Nicholas!",joy
1855,1856,70,36,47,Good evening!,2,Nearly Headless Nick,nearly headless nick,Good evening!,joy
1856,1857,70,36,126,"Good to see you, Sir Nicholas!",2,Other,other,"Good to see you, Sir Nicholas!",joy
1857,1858,70,36,47,Thank you! Hello! Hermione! Welcome back!,2,Nearly Headless Nick,nearly headless nick,Thank you! Hello! Hermione! Welcome back!,joy
1858,1859,70,36,3,"Thanks, Sir Nicholas!",2,Hermione Granger,hermione granger,"Thanks, Sir Nicholas!",joy
1859,1860,70,36,10,Harry- it's Hermione!,2,Neville Longbottom,neville longbottom,Harry- it's Hermione!,surprise
1861,1862,70,36,3,It's good to be back! Congratulations! I can't believe you solved it!,2,Hermione Granger,hermione granger,It's good to be back! Congratulations! I can't believe you solved it!,joy
1866,1867,70,36,3,"Oh, no!",2,Hermione Granger,hermione granger,"Oh, no!",surprise
1867,1868,70,36,5,"Sorry I'm late! The owl that delivered my release papers got all lost and confused. Some ruddy bird called Errol. And I'd just like to say that aif it hadn't been for you, Harry, and Ron, and Hermione, o' course, I woulduh- I'd still be you-know-where, so I- I'd just like to say 'Thanks.'",2,Rubeus Hagrid,rubeus hagrid,"Sorry I'm late! The owl that delivered my release papers got all lost and confused. Some ruddy bird called Errol. And I'd just like to say that aif it hadn't been for you, Harry, and Ron, and Hermione, o' course, I woulduh- I'd still be you-know-where, so I- I'd just like to say 'Thanks.'",sadness
1869,1870,70,36,5,Oh!,2,Rubeus Hagrid,rubeus hagrid,Oh!,surprise
1870,1871,70,36,127,Yeah! Yeah!,2,Students,students,Yeah! Yeah!,surprise
1871,1872,71,8,1,Lumos Maxima. Lumos Maxima. Lumos Maxima. Lumos Maxima. Lumos Maxima!,3,Harry Potter,harry potter,Lumos Maxima. Lumos Maxima. Lumos Maxima. Lumos Maxima. Lumos Maxima!,surprise
1872,1873,72,8,32,"Harry! Harry! Harry, open the door! Marge! How lovely to see...",3,Petunia Dursley,petunia dursley,"Harry! Harry! Harry, open the door! Marge! How lovely to see...",joy
1874,1875,72,8,21,What is it?,3,Vernon Dursley,vernon dursley,What is it?,surprise
1877,1878,72,8,1,I will if she does.,3,Harry Potter,harry potter,I will if she does.,anger
1878,1879,72,8,60,"Oh, you're still here, are you?",3,Marge Dursley,marge dursley,"Oh, you're still here, are you?",surprise
1880,1881,72,8,60,"Don't say yes in that ungrateful way. Damn good of my brother to keep you. He'd have been straight to an orphanage if he'd been dumped on my doorstep. Is that my Dudders? Is that my little neffy-pooh? Give us a kiss! Come on! Up, up!",3,Marge Dursley,marge dursley,"Don't say yes in that ungrateful way. Damn good of my brother to keep you. He'd have been straight to an orphanage if he'd been dumped on my doorstep. Is that my Dudders? Is that my little neffy-pooh? Give us a kiss! Come on! Up, up!",anger
1881,1882,72,8,21,Take Marge's suitcase upstairs!,3,Vernon Dursley,vernon dursley,Take Marge's suitcase upstairs!,anger
1884,1885,72,8,21,"Can I tempt you, Marge?",3,Vernon Dursley,vernon dursley,"Can I tempt you, Marge?",fear
1888,1889,72,8,1,"Oh, yeah. Yeah. I've been beaten loads of times.",3,Harry Potter,harry potter,"Oh, yeah. Yeah. I've been beaten loads of times.",sadness
1889,1890,72,8,60,"Excellent. I won't have this namby-pamby... wishy-washy nonsense about not beating people who deserve it. You mustn't blame yourself about how this one turned out. It's all to do with blood. Bad blood will out. What is it the boy's father did, Petunia?",3,Marge Dursley,marge dursley,"Excellent. I won't have this namby-pamby... wishy-washy nonsense about not beating people who deserve it. You mustn't blame yourself about how this one turned out. It's all to do with blood. Bad blood will out. What is it the boy's father did, Petunia?",anger
1890,1891,72,8,32,Nothing. He didn't work. He was unemployed.,3,Petunia Dursley,petunia dursley,Nothing. He didn't work. He was unemployed.,sadness
1893,1894,72,8,60,What did you say?,3,Marge Dursley,marge dursley,What did you say?,surprise
1894,1895,72,8,1,My dad wasn't a drunk!,3,Harry Potter,harry potter,My dad wasn't a drunk!,anger
1895,1896,72,8,60,"Oh, don't worry Don't fuss, Petunia. I have a very firm grip.",3,Marge Dursley,marge dursley,"Oh, don't worry Don't fuss, Petunia. I have a very firm grip.",fear
1898,1899,72,8,1,Shut up! Shut up!,3,Harry Potter,harry potter,Shut up! Shut up!,anger
1899,1900,72,8,60,"Mm. Right! Let me tell you... y-y-- Vernon! Vernon! Vernon, do something!",3,Marge Dursley,marge dursley,"Mm. Right! Let me tell you... y-y-- Vernon! Vernon! Vernon, do something!",anger
1900,1901,72,8,21,"Ow! Ripper! Ow! Ripper, get down, boy! Down! Ripper, stop it! Stop! I've got you, Marge! I've got you! Hold on, hold on! Get off!",3,Vernon Dursley,vernon dursley,"Ow! Ripper! Ow! Ripper, get down, boy! Down! Ripper, stop it! Stop! I've got you, Marge! I've got you! Hold on, hold on! Get off!",anger
1901,1902,72,8,60,Don't you dare!,3,Marge Dursley,marge dursley,Don't you dare!,anger
1902,1903,72,8,21,Sorry!,3,Vernon Dursley,vernon dursley,Sorry!,sadness
1903,1904,72,8,32,"Oh, Vernon!",3,Petunia Dursley,petunia dursley,"Oh, Vernon!",surprise
1904,1905,72,8,21,"Oh, God! Marge! Please! Marge! Come back! You bring her back! You bring her back now and you put her right!",3,Vernon Dursley,vernon dursley,"Oh, God! Marge! Please! Marge! Come back! You bring her back! You bring her back now and you put her right!",anger
1905,1906,72,8,1,No! She deserved what she got! Keep away from me.,3,Harry Potter,harry potter,No! She deserved what she got! Keep away from me.,anger
1907,1908,72,8,1,Yeah? Try me.,3,Harry Potter,harry potter,Yeah? Try me.,anger
1908,1909,72,8,21,They won't let you back now. You've nowhere to go.,3,Vernon Dursley,vernon dursley,They won't let you back now. You've nowhere to go.,anger
1911,1912,73,69,1,I fell over.,3,Harry Potter,harry potter,I fell over.,fear
1916,1917,73,69,58,"Well, come on, then. In. No, no, no. I'll get this. You get in. Come on. Come on. Move on, move on, move on.",3,Stanley Shunpike,stanley shunpike,"Well, come on, then. In. No, no, no. I'll get this. You get in. Come on. Come on. Move on, move on, move on.",anger
1917,1918,73,69,58,"Take her away, Ern.",3,Stanley Shunpike,stanley shunpike,"Take her away, Ern.",anger
1919,1920,73,69,58,What did you say your name was again?,3,Stanley Shunpike,stanley shunpike,What did you say your name was again?,surprise
1926,1927,73,69,58,"Muggles? They don't see nothing, do they?",3,Stanley Shunpike,stanley shunpike,"Muggles? They don't see nothing, do they?",anger
1928,1929,73,69,1,Who is that? That man.,3,Harry Potter,harry potter,Who is that? That man.,surprise
1931,1932,73,69,58,"Well, that's the question, isn't it? He's the first one that done it. He was a big supporter of... You-Know-Who. I reckon you've heard of him.",3,Stanley Shunpike,stanley shunpike,"Well, that's the question, isn't it? He's the first one that done it. He was a big supporter of... You-Know-Who. I reckon you've heard of him.",surprise
1933,1934,73,69,133,"Ernie, two double-deckers at 12 o'clock. They're getting closer, Ernie. Ernie, they're right on top of us! Mind your head. Hey, guys? Guys? Why the long faces? Yeah, yeah. Nearly there. Nearly there. The Leaky Cauldron. Next stop, Knockturn Alley.",3,Station guard,station guard,"Ernie, two double-deckers at 12 o'clock. They're getting closer, Ernie. Ernie, they're right on top of us! Mind your head. Hey, guys? Guys? Why the long faces? Yeah, yeah. Nearly there. Nearly there. The Leaky Cauldron. Next stop, Knockturn Alley.",surprise
1935,1936,74,5,58,"Take it away, Ern.",3,Stanley Shunpike,stanley shunpike,"Take it away, Ern.",anger
1936,1937,74,5,133,"Yeah, take it away, Ernie!",3,Station guard,station guard,"Yeah, take it away, Ernie!",anger
1941,1942,74,5,92,: Pea soup?,3,Tom,tom,: Pea soup?,surprise
1943,1944,74,5,17,Yes?,3,Cornelius Fudge,cornelius fudge,Yes?,surprise
1944,1945,74,5,1,I don't understand.,3,Harry Potter,harry potter,I don't understand.,surprise
1945,1946,74,5,17,Understand?,3,Cornelius Fudge,cornelius fudge,Understand?,surprise
1946,1947,74,5,1,I broke the law. Underage wizards can't use magic at home.,3,Harry Potter,harry potter,I broke the law. Underage wizards can't use magic at home.,anger
1947,1948,74,5,17,"Come now, Harry the Ministry doesn't send people to Azkaban... for blowing up their aunts. On the other hand, running away like that, given the state of things... was very, very irresponsible.",3,Cornelius Fudge,cornelius fudge,"Come now, Harry the Ministry doesn't send people to Azkaban... for blowing up their aunts. On the other hand, running away like that, given the state of things... was very, very irresponsible.",anger
1950,1951,74,5,1,"Sirius Black, you mean? But what's he got to do with me?",3,Harry Potter,harry potter,"Sirius Black, you mean? But what's he got to do with me?",anger
1955,1956,75,5,2,"I'm warning you, Hermione. Keep that bloody beast of yours away from Scabbers, or I'll turn it into a tea cozy.",3,Ron Weasley,ron weasley,"I'm warning you, Hermione. Keep that bloody beast of yours away from Scabbers, or I'll turn it into a tea cozy.",anger
1956,1957,75,5,3,"It's a cat, Ronald. What do you expect? It's in his nature.",3,Hermione Granger,hermione granger,"It's a cat, Ronald. What do you expect? It's in his nature.",surprise
1972,1973,75,5,26,"Good to see you, dear.",3,Molly Weasley,molly weasley,"Good to see you, dear.",joy
1973,1974,75,5,1,Good to see you.,3,Harry Potter,harry potter,Good to see you.,joy
1974,1975,75,5,26,You got everything you need?,3,Molly Weasley,molly weasley,You got everything you need?,surprise
1976,1977,75,5,26,Yes? All of your books?,3,Molly Weasley,molly weasley,Yes? All of your books?,surprise
1978,1979,75,5,26,All of your clothes?,3,Molly Weasley,molly weasley,All of your clothes?,surprise
1980,1981,75,5,26,Good boy.,3,Molly Weasley,molly weasley,Good boy.,joy
1984,1985,75,5,16,"Harry, wonder if I might have a word?",3,Arthur Weasley,arthur weasley,"Harry, wonder if I might have a word?",surprise
1989,1990,75,5,1,Yeah. It should be great.,3,Harry Potter,harry potter,Yeah. It should be great.,joy
1990,1991,75,5,16,"Harry, some within the Ministry would strongly discourage me... from divulging what I'm about to reveal to you. But I think that you need to know the facts. You are in danger. Grave danger.",3,Arthur Weasley,arthur weasley,"Harry, some within the Ministry would strongly discourage me... from divulging what I'm about to reveal to you. But I think that you need to know the facts. You are in danger. Grave danger.",fear
1994,1995,75,5,16,"Do you know why? Thirteen years ago, when you stopped...",3,Arthur Weasley,arthur weasley,"Do you know why? Thirteen years ago, when you stopped...",surprise
1997,1998,75,5,1,Sorry.,3,Harry Potter,harry potter,Sorry.,sadness
1999,2000,75,5,1,And kill me.,3,Harry Potter,harry potter,And kill me.,anger
2001,2002,75,5,1,Mr. Weasley... why would I go looking for someone who wants to kill me?,3,Harry Potter,harry potter,Mr. Weasley... why would I go looking for someone who wants to kill me?,anger
2002,2003,76,42,26,"Quick. Quick. Ron, Ron! Oh, for goodness' sake! Don't lose him!",3,Molly Weasley,molly weasley,"Quick. Quick. Ron, Ron! Oh, for goodness' sake! Don't lose him!",anger
2003,2004,76,42,1,I didn't mean to blow her up. I just... I lost control.,3,Harry Potter,harry potter,I didn't mean to blow her up. I just... I lost control.,sadness
2004,2005,76,42,2,Brilliant.,3,Ron Weasley,ron weasley,Brilliant.,joy
2006,2007,76,42,1,I think I was lucky not to be arrested actually.,3,Harry Potter,harry potter,I think I was lucky not to be arrested actually.,joy
2007,2008,76,42,2,I still think it was brilliant.,3,Ron Weasley,ron weasley,I still think it was brilliant.,joy
2009,2010,76,42,2,Who do you think that is?,3,Ron Weasley,ron weasley,Who do you think that is?,surprise
2011,2012,76,42,2,Do you know everything? How is it she knows everything?,3,Ron Weasley,ron weasley,Do you know everything? How is it she knows everything?,surprise
2014,2015,76,42,1,Do you think he's really asleep?,3,Harry Potter,harry potter,Do you think he's really asleep?,surprise
2015,2016,76,42,3,Seems to be. Why?,3,Hermione Granger,hermione granger,Seems to be. Why?,surprise
2020,2021,76,42,2,"Sure. Except no one's ever broken out of Azkaban before... and he's a murderous, raving lunatic.",3,Ron Weasley,ron weasley,"Sure. Except no one's ever broken out of Azkaban before... and he's a murderous, raving lunatic.",anger
2022,2023,76,42,3,Why are we stopping? We can't be there yet.,3,Hermione Granger,hermione granger,Why are we stopping? We can't be there yet.,anger
2023,2024,76,42,2,What's going on?,3,Ron Weasley,ron weasley,What's going on?,surprise
2026,2027,76,42,2,There's something moving out there. I think... someone's coming aboard.,3,Ron Weasley,ron weasley,There's something moving out there. I think... someone's coming aboard.,surprise
2027,2028,76,42,2,Bloody hell! What's happening?,3,Ron Weasley,ron weasley,Bloody hell! What's happening?,anger
2028,2029,76,42,3,"Harry. Harry, are you all right?",3,Hermione Granger,hermione granger,"Harry. Harry, are you all right?",surprise
2031,2032,76,42,1,What was that thing that came?,3,Harry Potter,harry potter,What was that thing that came?,surprise
2033,2034,76,42,1,What happened to me?,3,Harry Potter,harry potter,What happened to me?,surprise
2039,2040,77,36,4,"Welcome! Welcome to another year at Hogwarts! Now, I'd like to say a few words... before we all become too befuddled by our excellent feast. First, I'm pleased to welcome Professor R.J. Lupin... who's kindly consented to fill the post... of Defense Against the Dark Arts teacher. Good luck, Professor.",3,Albus Dumbledore,albus dumbledore,"Welcome! Welcome to another year at Hogwarts! Now, I'd like to say a few words... before we all become too befuddled by our excellent feast. First, I'm pleased to welcome Professor R.J. Lupin... who's kindly consented to fill the post... of Defense Against the Dark Arts teacher. Good luck, Professor.",joy
2041,2042,77,36,12,"Potter. Is it true you fainted? I mean, you actually fainted?",3,Draco Malfoy,draco malfoy,"Potter. Is it true you fainted? I mean, you actually fainted?",surprise
2043,2044,77,36,1,How did he find out?,3,Harry Potter,harry potter,How did he find out?,surprise
2045,2046,77,36,4,"Our Care of Magical Creatures teacher... has decided to retire... in order to spend more time with his remaining limbs. Fortunately, I'm delighted to announce... that his place will be taken by none other... than our own Rubeus Hagrid. Finally, on a more disquieting note... at the request of the Ministry of Magic... Hogwarts will, until further notice, play host to the dementors of Azkaban... until such a time as Sirius Black is captured. The dementors will be stationed at every entrance to the grounds. Now whilst I've been assured... that their presence will not disrupt our day-to-day activities... a word of caution. Dementors are vicious creatures. They'll not distinguish... between the one they hunt and the one who gets in their way. Therefore, I must warn each and every one of you... to give them no reason to harm you. It is not in the nature of a dementor to be forgiving. But you know, happiness can be found... even in the darkest of times... if one only remembers to turn on the light.",3,Albus Dumbledore,albus dumbledore,"Our Care of Magical Creatures teacher... has decided to retire... in order to spend more time with his remaining limbs. Fortunately, I'm delighted to announce... that his place will be taken by none other... than our own Rubeus Hagrid. Finally, on a more disquieting note... at the request of the Ministry of Magic... Hogwarts will, until further notice, play host to the dementors of Azkaban... until such a time as Sirius Black is captured. The dementors will be stationed at every entrance to the grounds. Now whilst I've been assured... that their presence will not disrupt our day-to-day activities... a word of caution. Dementors are vicious creatures. They'll not distinguish... between the one they hunt and the one who gets in their way. Therefore, I must warn each and every one of you... to give them no reason to harm you. It is not in the nature of a dementor to be forgiving. But you know, happiness can be found... even in the darkest of times... if one only remembers to turn on the light.",sadness
2047,2048,77,39,141,"No, no, no. Wait, wait. Watch this. Oh, amazing! Just with my voice.",3,The Fat Lady,the fat lady,"No, no, no. Wait, wait. Watch this. Oh, amazing! Just with my voice.",surprise
2061,2062,78,32,3,Me? I've been here all this time.,3,Hermione Granger,hermione granger,Me? I've been here all this time.,surprise
2062,2063,78,32,38,"You, boy... Is your grandmother quite well?",3,Sybill Trelawney,sybill trelawney,"You, boy... Is your grandmother quite well?",surprise
2067,2068,78,32,2,"Oh, yeah. Um... Well, Harry's got sort of a wonky cross. That's trials and suffering. And that there could be the sun and that's happiness. So... you're gonna suffer, but you're gonna be... happy about it.",3,Ron Weasley,ron weasley,"Oh, yeah. Um... Well, Harry's got sort of a wonky cross. That's trials and suffering. And that there could be the sun and that's happiness. So... you're gonna suffer, but you're gonna be... happy about it.",joy
2068,2069,78,32,38,"Give me the cup. Oh, my dear boy. My dear... you have the Grim.",3,Sybill Trelawney,sybill trelawney,"Give me the cup. Oh, my dear boy. My dear... you have the Grim.",surprise
2070,2071,78,40,2,You don't think that Grim thing's got anything to do with Sirius Black?,3,Ron Weasley,ron weasley,You don't think that Grim thing's got anything to do with Sirius Black?,surprise
2075,2076,78,40,3,Don't be silly Ron. How could anyone be in two classes at once? Broaden your minds. Use your Inner Eye to see the future!.,3,Hermione Granger,hermione granger,Don't be silly Ron. How could anyone be in two classes at once? Broaden your minds. Use your Inner Eye to see the future!.,anger
2077,2078,79,40,12,Exactly how do we do that?,3,Draco Malfoy,draco malfoy,Exactly how do we do that?,surprise
2081,2082,79,40,3,I think they're funny.,3,Hermione Granger,hermione granger,I think they're funny.,joy
2082,2083,79,40,12,"Oh, yeah. Terribly funny. Really Witty. God, this place has gone to the dogs. Wait until Father hears Dumbledore's got this oaf teaching classes.",3,Draco Malfoy,draco malfoy,"Oh, yeah. Terribly funny. Really Witty. God, this place has gone to the dogs. Wait until Father hears Dumbledore's got this oaf teaching classes.",surprise
2083,2084,79,40,1,"Shut up, Malfoy.",3,Harry Potter,harry potter,"Shut up, Malfoy.",anger
2084,2085,79,40,12,D-Dementor! Dementor!,3,Draco Malfoy,draco malfoy,D-Dementor! Dementor!,joy
2085,2086,79,40,3,Just ignore him.,3,Hermione Granger,hermione granger,Just ignore him.,anger
2088,2089,79,40,5,Isn't he beautiful? Say hello to Buckbeak.,3,Rubeus Hagrid,rubeus hagrid,Isn't he beautiful? Say hello to Buckbeak.,surprise
2089,2090,79,40,2,"Hagrid, exactly what is that?",3,Ron Weasley,ron weasley,"Hagrid, exactly what is that?",surprise
2091,2092,79,40,1,What?,3,Harry Potter,harry potter,What?,surprise
2092,2093,79,40,5,Come on.,3,Rubeus Hagrid,rubeus hagrid,Come on.,anger
2093,2094,79,40,1,"Hey, hey, hey!",3,Harry Potter,harry potter,"Hey, hey, hey!",joy
2097,2098,79,40,5,"Well done, well done. How am I doing me first day?",3,Rubeus Hagrid,rubeus hagrid,"Well done, well done. How am I doing me first day?",joy
2100,2101,79,40,5,"Malfoy, no... No! Buckbeak! Whoa, whoa, whoa... Whoa! Buckbeak! Away, you silly creature!",3,Rubeus Hagrid,rubeus hagrid,"Malfoy, no... No! Buckbeak! Whoa, whoa, whoa... Whoa! Buckbeak! Away, you silly creature!",surprise
2101,2102,79,40,12,It's killed me! It's killed me!,3,Draco Malfoy,draco malfoy,It's killed me! It's killed me!,anger
2102,2103,79,40,5,Calm down! It's just a scratch!,3,Rubeus Hagrid,rubeus hagrid,Calm down! It's just a scratch!,anger
2103,2104,79,40,3,Hagrid! He has to be taken to the hospital.,3,Hermione Granger,hermione granger,Hagrid! He has to be taken to the hospital.,sadness
2104,2105,79,40,5,I'm the teacher. I'll do it.,3,Rubeus Hagrid,rubeus hagrid,I'm the teacher. I'll do it.,anger
2105,2106,79,40,12,Oh You're gonna regret this.,3,Draco Malfoy,draco malfoy,Oh You're gonna regret this.,sadness
2106,2107,79,40,5,Class dismissed!,3,Rubeus Hagrid,rubeus hagrid,Class dismissed!,anger
2107,2108,79,40,12,You and your bloody chicken!,3,Draco Malfoy,draco malfoy,You and your bloody chicken!,anger
2108,2109,80,36,91,"Does it hurt terribly, Draco?",3,Pansy Parkinson,pansy parkinson,"Does it hurt terribly, Draco?",sadness
2110,2111,80,36,2,"Listen to the idiot. He's really laying it on thick, isn't he?",3,Ron Weasley,ron weasley,"Listen to the idiot. He's really laying it on thick, isn't he?",anger
2112,2113,80,36,3,Yeah but I heard Draco's father's furious. We haven't heard the end of this.,3,Hermione Granger,hermione granger,Yeah but I heard Draco's father's furious. We haven't heard the end of this.,anger
2113,2114,80,36,29,He's been sighted! He's been sighted!,3,Seamus Finnigan,seamus finnigan,He's been sighted! He's been sighted!,surprise
2114,2115,80,36,2,Who?,3,Ron Weasley,ron weasley,Who?,surprise
2115,2116,80,36,29,Sirius Black!,3,Seamus Finnigan,seamus finnigan,Sirius Black!,surprise
2117,2118,80,36,126,"You don't think he'd come to Hogwarts, do you? With dementors at every entrance?",3,Other,other,"You don't think he'd come to Hogwarts, do you? With dementors at every entrance?",surprise
2126,2127,80,30,11,"So terrifying, yes, yes, yes... Luckily, a very simple charm exists to repel a boggart. Let's practice it now. Without wands, please. After me. Riddikulus!",3,Remus Lupin,remus lupin,"So terrifying, yes, yes, yes... Luckily, a very simple charm exists to repel a boggart. Let's practice it now. Without wands, please. After me. Riddikulus!",fear
2127,2128,80,30,136,Riddikulus!,3,All,all,Riddikulus!,surprise
2129,2130,80,30,136,Riddikulus!,3,All,all,Riddikulus!,surprise
2131,2132,80,30,11,"Very good. So much for the easy part. You see, the incantation alone is not enough. What really finishes a boggart is laughter. You need to force it to assume a shape you find truly amusing. Let me explain. Uh... Neville, would you join me, please? Come on, don't be shy. Come on. Come on. Hello. Neville, what frightens you most of all?",3,Remus Lupin,remus lupin,"Very good. So much for the easy part. You see, the incantation alone is not enough. What really finishes a boggart is laughter. You need to force it to assume a shape you find truly amusing. Let me explain. Uh... Neville, would you join me, please? Come on, don't be shy. Come on. Come on. Hello. Neville, what frightens you most of all?",fear
2133,2134,80,30,11,Sorry?,3,Remus Lupin,remus lupin,Sorry?,sadness
2135,2136,80,30,11,"Professor Snape. Yes, frightens all. And I believe you live with your grandmother.",3,Remus Lupin,remus lupin,"Professor Snape. Yes, frightens all. And I believe you live with your grandmother.",fear
2140,2141,80,30,10,Riddikulus!,3,Neville Longbottom,neville longbottom,Riddikulus!,surprise
2141,2142,80,30,11,"Wonderful, Neville, wonderful! Incredible! Okay... to the back, Neville. Everyone, form a line! Form a line! I want everyone to picture the thing they fear the very most... and turn it into something funny. Next! Ron! Concentrate. Face your fear. Be brave! Wand at the ready, Ron, wand at the ready.",3,Remus Lupin,remus lupin,"Wonderful, Neville, wonderful! Incredible! Okay... to the back, Neville. Everyone, form a line! Form a line! I want everyone to picture the thing they fear the very most... and turn it into something funny. Next! Ron! Concentrate. Face your fear. Be brave! Wand at the ready, Ron, wand at the ready.",fear
2142,2143,80,30,2,Riddikulus!,3,Ron Weasley,ron weasley,Riddikulus!,surprise
2143,2144,80,30,11,"Yes! You see? Very good, very good! Marvelous! Absolutely, very, very enjoyable! Parvati! Next! Show us what you see. Keep your nerve. Steady.",3,Remus Lupin,remus lupin,"Yes! You see? Very good, very good! Marvelous! Absolutely, very, very enjoyable! Parvati! Next! Show us what you see. Keep your nerve. Steady.",joy
2144,2145,80,30,78,Riddikulus!,3,Parvati Patil,parvati patil,Riddikulus!,surprise
2145,2146,80,30,11,"And next! Step up, step up! Wonderful, wonderful! Here! Riddikulus! Right. Sorry about that. That's enough for today. Collect your books from the back. That's the end of the lesson. Thank you! Sorry! Sorry, you can have too much of a good thing.",3,Remus Lupin,remus lupin,"And next! Step up, step up! Wonderful, wonderful! Here! Riddikulus! Right. Sorry about that. That's enough for today. Collect your books from the back. That's the end of the lesson. Thank you! Sorry! Sorry, you can have too much of a good thing.",joy
2149,2150,81,27,7,"I can't. Only a parent or a guardian can sign. Since I am neither, it would be inappropriate. I'm sorry, Potter. That's my final word.",3,Minerva McGonagall,minerva mcgonagall,"I can't. Only a parent or a guardian can sign. Since I am neither, it would be inappropriate. I'm sorry, Potter. That's my final word.",sadness
2150,2151,81,27,1,"Forget about it, guys. See you later.",3,Harry Potter,harry potter,"Forget about it, guys. See you later.",anger
2152,2153,81,29,11,"You want to know why I stopped you facing that boggart, yes? I would've thought it'd be obvious. I assumed it would take the shape of Lord Voldemort.",3,Remus Lupin,remus lupin,"You want to know why I stopped you facing that boggart, yes? I would've thought it'd be obvious. I assumed it would take the shape of Lord Voldemort.",surprise
2153,2154,81,29,1,I did think of Voldemort at first. But then I remembered that night on the train... and the dementor.,3,Harry Potter,harry potter,I did think of Voldemort at first. But then I remembered that night on the train... and the dementor.,fear
2154,2155,81,29,11,I'm very impressed. That suggests what you fear the most is fear itself. This is very wise.,3,Remus Lupin,remus lupin,I'm very impressed. That suggests what you fear the most is fear itself. This is very wise.,surprise
2155,2156,81,29,1,Before I fainted... I heard something. A woman... screaming.,3,Harry Potter,harry potter,Before I fainted... I heard something. A woman... screaming.,fear
2157,2158,81,29,1,I think it was my mother... the night she was murdered.,3,Harry Potter,harry potter,I think it was my mother... the night she was murdered.,fear
2160,2161,82,39,1,The most haunted building in Britain. Yeah I know. What's going on?,3,Harry Potter,harry potter,The most haunted building in Britain. Yeah I know. What's going on?,fear
2162,2163,82,39,10,Hey!.,3,Neville Longbottom,neville longbottom,Hey!.,joy
2163,2164,82,39,2,"Oh, you're there.",3,Ron Weasley,ron weasley,"Oh, you're there.",surprise
2164,2165,82,39,37,"Let me through, please. Excuse me! I'm Head Boy! Get back, all of you. No one is to enter this dormitory until it's been searched.",3,Percy Weasley,percy weasley,"Let me through, please. Excuse me! I'm Head Boy! Get back, all of you. No one is to enter this dormitory until it's been searched.",fear
2165,2166,82,39,20,The Fat Lady! She's gone!,3,Ginny Weasley,ginny weasley,The Fat Lady! She's gone!,surprise
2166,2167,82,39,2,Serves her right. She was a terrible singer.,3,Ron Weasley,ron weasley,Serves her right. She was a terrible singer.,fear
2171,2172,82,39,4,"Come on, move.",3,Albus Dumbledore,albus dumbledore,"Come on, move.",anger
2172,2173,82,39,37,You heard. Move!,3,Percy Weasley,percy weasley,You heard. Move!,anger
2175,2176,82,39,37,Mind where you're going! Slow down! You listen! I'm Head Boy! Come back here!,3,Percy Weasley,percy weasley,Mind where you're going! Slow down! You listen! I'm Head Boy! Come back here!,anger
2176,2177,82,39,4,Keep moving!,3,Albus Dumbledore,albus dumbledore,Keep moving!,anger
2177,2178,82,39,4,"Dear lady, who did this to you?",3,Albus Dumbledore,albus dumbledore,"Dear lady, who did this to you?",surprise
2181,2182,82,36,4,"Ah, thank you.",3,Albus Dumbledore,albus dumbledore,"Ah, thank you.",joy
2183,2184,82,36,4,Very good.,3,Albus Dumbledore,albus dumbledore,Very good.,joy
2185,2186,82,36,4,I didn't really expect him to linger.,3,Albus Dumbledore,albus dumbledore,I didn't really expect him to linger.,surprise
2186,2187,82,36,6,"Remarkable feat, don't you think? To enter Hogwarts Castle on one's own... completely undetected?",3,Severus Snape,severus snape,"Remarkable feat, don't you think? To enter Hogwarts Castle on one's own... completely undetected?",surprise
2187,2188,82,36,4,"Quite remarkable, yes.",3,Albus Dumbledore,albus dumbledore,"Quite remarkable, yes.",surprise
2190,2191,82,36,6,You may recall... prior to the start of term I expressed concerns... about your appointment of Professor...,3,Severus Snape,severus snape,You may recall... prior to the start of term I expressed concerns... about your appointment of Professor...,fear
2191,2192,82,36,4,Not a single professor inside this castle would help Sirius Black enter it. I'm quite convinced the castle is safe... and I'm more than willing to send the students back to their houses.,3,Albus Dumbledore,albus dumbledore,Not a single professor inside this castle would help Sirius Black enter it. I'm quite convinced the castle is safe... and I'm more than willing to send the students back to their houses.,joy
2192,2193,82,36,6,What about Potter? Should he be warned?,3,Severus Snape,severus snape,What about Potter? Should he be warned?,fear
2196,2197,83,30,6,"That's not really your concern, is it, Potter? Suffice it to say your professor finds himself incapable of teaching... at the present time. Turn to page 394.",3,Severus Snape,severus snape,"That's not really your concern, is it, Potter? Suffice it to say your professor finds himself incapable of teaching... at the present time. Turn to page 394.",fear
2200,2201,83,30,2,When did she come in? Did you see her come in?,3,Ron Weasley,ron weasley,When did she come in? Did you see her come in?,surprise
2201,2202,83,30,6,"Now, which one of you can tell me the difference... between an Animagus and a werewolf? No one? How disappointing.",3,Severus Snape,severus snape,"Now, which one of you can tell me the difference... between an Animagus and a werewolf? No one? How disappointing.",surprise
2203,2204,83,30,6,"Thank you, Mr. Malfoy. That's the second time... you've spoken out of turn, Miss Granger. Are you incapable of restraining yourself... or do you take pride in being an insufferable know-it-all?",3,Severus Snape,severus snape,"Thank you, Mr. Malfoy. That's the second time... you've spoken out of turn, Miss Granger. Are you incapable of restraining yourself... or do you take pride in being an insufferable know-it-all?",anger
2208,2209,84,51,3,"Go, Harry! Go, Harry!",3,Hermione Granger,hermione granger,"Go, Harry! Go, Harry!",anger
2209,2210,84,51,4,Arresto momentum!,3,Albus Dumbledore,albus dumbledore,Arresto momentum!,surprise
2211,2212,84,43,14,Peaky? What do you expect? He fell over 100 feet.,3,Fred Weasley,fred weasley,Peaky? What do you expect? He fell over 100 feet.,surprise
2214,2215,84,43,3,How are you feeling?,3,Hermione Granger,hermione granger,How are you feeling?,sadness
2215,2216,84,43,1,"Oh, brilliant.",3,Harry Potter,harry potter,"Oh, brilliant.",joy
2216,2217,84,43,14,"You gave us a right good scare there, mate.",3,Fred Weasley,fred weasley,"You gave us a right good scare there, mate.",fear
2217,2218,84,43,1,What happened?,3,Harry Potter,harry potter,What happened?,surprise
2219,2220,84,43,1,Really? I meant the match. Who won?,3,Harry Potter,harry potter,Really? I meant the match. Who won?,surprise
2220,2221,84,43,3,"Umm... no one blames you, Harry. The dementors aren't supposed to come inside the grounds. Dumbledore's furious. As soon as he saved you, he sent them off.",3,Hermione Granger,hermione granger,"Umm... no one blames you, Harry. The dementors aren't supposed to come inside the grounds. Dumbledore's furious. As soon as he saved you, he sent them off.",anger
2222,2223,84,37,11,I'm sorry to hear about your broomstick. Is there no chance of fixing it?,3,Remus Lupin,remus lupin,I'm sorry to hear about your broomstick. Is there no chance of fixing it?,sadness
2223,2224,84,37,1,"No. Professor, why do the dementors affect me so? I mean, more than everyone else?",3,Harry Potter,harry potter,"No. Professor, why do the dementors affect me so? I mean, more than everyone else?",surprise
2225,2226,84,37,1,"I'm scared, professor.",3,Harry Potter,harry potter,"I'm scared, professor.",fear
2226,2227,84,37,11,Well I'd consider you a fool if you weren't.,3,Remus Lupin,remus lupin,Well I'd consider you a fool if you weren't.,anger
2230,2231,84,37,11,"I don't pretend to be an expert, Harry. But as the dementors seem to have developed a particular interest in you... perhaps I should teach you. But after the holidays. For now, I need to rest.",3,Remus Lupin,remus lupin,"I don't pretend to be an expert, Harry. But as the dementors seem to have developed a particular interest in you... perhaps I should teach you. But after the holidays. For now, I need to rest.",sadness
2232,2233,85,27,1,"Guys, let me go.",3,Harry Potter,harry potter,"Guys, let me go.",anger
2235,2236,85,27,1,I'm trying to get to Hogsmeade.,3,Harry Potter,harry potter,I'm trying to get to Hogsmeade.,sadness
2238,2239,85,27,14,Oh. Bless him.,3,Fred Weasley,fred weasley,Oh. Bless him.,joy
2239,2240,85,27,1,"Let me go! Come on, guys. Don't...",3,Harry Potter,harry potter,"Let me go! Come on, guys. Don't...",anger
2243,2244,85,27,1,What are you doing?!,3,Harry Potter,harry potter,What are you doing?!,anger
2248,2249,85,27,19,I solemnly swear that I am up to no good.,3,George Weasley,george weasley,I solemnly swear that I am up to no good.,fear
2258,2259,85,27,1,Everyone?,3,Harry Potter,harry potter,Everyone?,surprise
2264,2265,85,27,1,Brilliant! Where did you get it?,3,Harry Potter,harry potter,Brilliant! Where did you get it?,surprise
2276,2277,86,19,3,It's meant to be the most haunted building in Britain. Did I mention that?,3,Hermione Granger,hermione granger,It's meant to be the most haunted building in Britain. Did I mention that?,fear
2279,2280,86,19,2,To the Shrieking Shack?,3,Ron Weasley,ron weasley,To the Shrieking Shack?,surprise
2281,2282,86,19,12,"Well, well. Look who's here. You two shopping for your new dream home? Bit grand for you, isn't it, Weasle-Bee? Don't your family sleep in uh... one room?",3,Draco Malfoy,draco malfoy,"Well, well. Look who's here. You two shopping for your new dream home? Bit grand for you, isn't it, Weasle-Bee? Don't your family sleep in uh... one room?",surprise
2282,2283,86,19,2,"Shut your mouth, Malfoy.",3,Ron Weasley,ron weasley,"Shut your mouth, Malfoy.",anger
2284,2285,86,19,3,Hope you don't mean yourself!,3,Hermione Granger,hermione granger,Hope you don't mean yourself!,anger
2285,2286,86,19,12,How dare you talk to me! You filthy little mudblood! Who is that? Don't stand there! Do something!,3,Draco Malfoy,draco malfoy,How dare you talk to me! You filthy little mudblood! Who is that? Don't stand there! Do something!,anger
2286,2287,86,19,80,What?,3,Vincent Crabbe,vincent crabbe,What?,surprise
2287,2288,86,19,2,"What's up, Malfoy? Lost your skis?",3,Ron Weasley,ron weasley,"What's up, Malfoy? Lost your skis?",surprise
2288,2289,86,19,12,Get out of the way! Move!,3,Draco Malfoy,draco malfoy,Get out of the way! Move!,anger
2289,2290,86,19,80,Malfoy! Wait! Wait!,3,Vincent Crabbe,vincent crabbe,Malfoy! Wait! Wait!,surprise
2290,2291,86,19,3,Harry!,3,Hermione Granger,hermione granger,Harry!,surprise
2293,2294,87,22,3,But Harry isn't going to keep it. He's going to turn it over to Professor McGonagall. Aren't you?,3,Hermione Granger,hermione granger,But Harry isn't going to keep it. He's going to turn it over to Professor McGonagall. Aren't you?,anger
2296,2297,87,22,2,That's not true!,3,Ron Weasley,ron weasley,That's not true!,anger
2297,2298,87,22,17,Professor McGonagall!,3,Cornelius Fudge,cornelius fudge,Professor McGonagall!,surprise
2298,2299,87,22,7,Cornelius!,3,Minerva McGonagall,minerva mcgonagall,Cornelius!,surprise
2301,2302,87,22,5,Sorry about that.,3,Rubeus Hagrid,rubeus hagrid,Sorry about that.,sadness
2303,2304,87,22,66,It'd be a lot better if the Ministry wasn't sending dementors... into my pub every other night!,3,Rosmerta,rosmerta,It'd be a lot better if the Ministry wasn't sending dementors... into my pub every other night!,anger
2304,2305,87,22,17,We have... We have a killer on the loose!,3,Cornelius Fudge,cornelius fudge,We have... We have a killer on the loose!,anger
2305,2306,87,22,66,Sirius Black in Hogsmeade! And what would bring him here?,3,Rosmerta,rosmerta,Sirius Black in Hogsmeade! And what would bring him here?,surprise
2307,2308,87,22,66,Harry Potter?,3,Rosmerta,rosmerta,Harry Potter?,surprise
2309,2310,87,22,3,Harry!,3,Hermione Granger,hermione granger,Harry!,surprise
2310,2311,87,22,133,No underage wizards allowed in today! Shut the damn door!,3,Station guard,station guard,No underage wizards allowed in today! Shut the damn door!,anger
2313,2314,87,22,133,Thick heads?! How dare they! Who are they calling thick heads? Young whippersnappers!,3,Station guard,station guard,Thick heads?! How dare they! Who are they calling thick heads? Young whippersnappers!,anger
2314,2315,87,22,66,Nobody's going to come to a pub where they're gonna get scared out of their wits. Why?,3,Rosmerta,rosmerta,Nobody's going to come to a pub where they're gonna get scared out of their wits. Why?,surprise
2317,2318,87,22,7,"Well. Now years ago, when Harry Potter's parents realized they were marked for death... You remember? They went into hiding. Few knew where they were. One who did was Sirius Black. And he told You-Know-Who!",3,Minerva McGonagall,minerva mcgonagall,"Well. Now years ago, when Harry Potter's parents realized they were marked for death... You remember? They went into hiding. Few knew where they were. One who did was Sirius Black. And he told You-Know-Who!",surprise
2318,2319,87,22,17,"Not only did Black lead You-Know-Who to the Potters that night, but he also killed one of their friends, Peter Pettigrew!",3,Cornelius Fudge,cornelius fudge,"Not only did Black lead You-Know-Who to the Potters that night, but he also killed one of their friends, Peter Pettigrew!",anger
2319,2320,87,22,66,Peter Pettigrew?,3,Rosmerta,rosmerta,Peter Pettigrew?,surprise
2323,2324,87,22,17,Black was vicious. He didn't kill Pettigrew. He destroyed him! A finger. That's all that was left. A finger. Nothing else.,3,Cornelius Fudge,cornelius fudge,Black was vicious. He didn't kill Pettigrew. He destroyed him! A finger. That's all that was left. A finger. Nothing else.,anger
2327,2328,87,22,66,I don't believe it.,3,Rosmerta,rosmerta,I don't believe it.,surprise
2331,2332,87,22,3,"Ron, look! Sorry, sorry. Excuse me, excuse me, sorry. Harry, what happened?",3,Hermione Granger,hermione granger,"Ron, look! Sorry, sorry. Excuse me, excuse me, sorry. Harry, what happened?",anger
2332,2333,87,22,1,"He was their friend... and he betrayed them. He was their friend! I hope he finds me. Because when he does, I'm gonna be ready! When he does, I'm gonna kill him!",3,Harry Potter,harry potter,"He was their friend... and he betrayed them. He was their friend! I hope he finds me. Because when he does, I'm gonna be ready! When he does, I'm gonna kill him!",anger
2333,2334,88,30,11,"Harry. There you are. You came. Are you sure about this, Harry? You know this is very advanced magic well beyond the Ordinary Wizarding Level.",3,Remus Lupin,remus lupin,"Harry. There you are. You came. Are you sure about this, Harry? You know this is very advanced magic well beyond the Ordinary Wizarding Level.",surprise
2343,2344,88,30,1,The first time I rode a broom.,3,Harry Potter,harry potter,The first time I rode a broom.,fear
2345,2346,88,30,1,"There's another. It's not... happy, exactly. Well, it is. It's the happiest I've ever felt... but it's complicated.",3,Harry Potter,harry potter,"There's another. It's not... happy, exactly. Well, it is. It's the happiest I've ever felt... but it's complicated.",sadness
2347,2348,88,30,1,Just do it. Expecto Patronum! Expecto Patronum!,3,Harry Potter,harry potter,Just do it. Expecto Patronum! Expecto Patronum!,anger
2348,2349,88,30,11,"Yes! Well done, Harry. Well done!",3,Remus Lupin,remus lupin,"Yes! Well done, Harry. Well done!",joy
2352,2353,88,37,3,Beautiful day.,3,Hermione Granger,hermione granger,Beautiful day.,joy
2353,2354,88,37,2,Gorgeous.,3,Ron Weasley,ron weasley,Gorgeous.,joy
2354,2355,88,37,2,Unless of course you've been ripped to pieces!,3,Ron Weasley,ron weasley,Unless of course you've been ripped to pieces!,anger
2355,2356,88,37,1,Ripped to pieces? What are you talking about?,3,Harry Potter,harry potter,Ripped to pieces? What are you talking about?,surprise
2357,2358,88,37,2,I haven't lost anything! Your cat killed him!,3,Ron Weasley,ron weasley,I haven't lost anything! Your cat killed him!,anger
2359,2360,88,37,2,"Harry, you've seen the way that bloodthirsty beast of hers... is always lurking about. And Scabbers is gone.",3,Ron Weasley,ron weasley,"Harry, you've seen the way that bloodthirsty beast of hers... is always lurking about. And Scabbers is gone.",anger
2360,2361,88,37,3,"Well, maybe you should take better care of your pets!",3,Hermione Granger,hermione granger,"Well, maybe you should take better care of your pets!",anger
2361,2362,88,37,2,Your cat killed him!,3,Ron Weasley,ron weasley,Your cat killed him!,anger
2365,2366,88,37,3,"How did it go, Hagrid? The hearing?",3,Hermione Granger,hermione granger,"How did it go, Hagrid? The hearing?",surprise
2367,2368,88,37,3,And then?,3,Hermione Granger,hermione granger,And then?,surprise
2369,2370,88,37,1,They're not sacking you!,3,Harry Potter,harry potter,They're not sacking you!,anger
2370,2371,88,37,5,"No, I'm not sacked. Buckbeak's been sentenced to death!",3,Rubeus Hagrid,rubeus hagrid,"No, I'm not sacked. Buckbeak's been sentenced to death!",anger
2374,2375,89,28,66,Peter Pettigrew?,3,Rosmerta,rosmerta,Peter Pettigrew?,surprise
2376,2377,89,28,17,"Black was vicious. He didn't kill Pettigrew, he destroyed him!",3,Cornelius Fudge,cornelius fudge,"Black was vicious. He didn't kill Pettigrew, he destroyed him!",anger
2377,2378,89,28,137,Put that light out!,3,Maid,maid,Put that light out!,anger
2378,2379,89,28,1,Sorry.,3,Harry Potter,harry potter,Sorry.,sadness
2380,2381,89,28,137,We're trying to sleep here!,3,Maid,maid,We're trying to sleep here!,anger
2383,2384,89,28,6,Potter. What are you doing wandering the corridors at night?,3,Severus Snape,severus snape,Potter. What are you doing wandering the corridors at night?,fear
2384,2385,89,28,1,I was sleepwalking.,3,Harry Potter,harry potter,I was sleepwalking.,fear
2387,2388,89,28,6,Turn out your pockets. Turn out your pockets! What's this?,3,Severus Snape,severus snape,Turn out your pockets. Turn out your pockets! What's this?,anger
2389,2390,89,28,6,Really? Open it. Reveal your secrets. Read it.,3,Severus Snape,severus snape,Really? Open it. Reveal your secrets. Read it.,surprise
2391,2392,89,28,6,Go on.,3,Severus Snape,severus snape,Go on.,anger
2393,2394,89,28,6,"Why, you insolent little...",3,Severus Snape,severus snape,"Why, you insolent little...",anger
2394,2395,89,28,11,Professor!,3,Remus Lupin,remus lupin,Professor!,surprise
2399,2400,89,28,137,Are you deaf? Put that light out!,3,Maid,maid,Are you deaf? Put that light out!,anger
2400,2401,89,30,11,"Come in. I haven't the faintest idea how this map came to be in your possession... but quite frankly, I am astounded that you didn't hand it in. Did it never occur to you that this, in the hands of Sirius Black... is a map to you?",3,Remus Lupin,remus lupin,"Come in. I haven't the faintest idea how this map came to be in your possession... but quite frankly, I am astounded that you didn't hand it in. Did it never occur to you that this, in the hands of Sirius Black... is a map to you?",surprise
2402,2403,89,30,11,"Your father never set much store by the rules either. But he and your mother gave their lives to save yours. Gambling their sacrifice by wandering around the castle unprotected... with a killer on the loose seems to me a poor way to repay them! Now, I will not cover up for you again, Harry. Do you hear me?",3,Remus Lupin,remus lupin,"Your father never set much store by the rules either. But he and your mother gave their lives to save yours. Gambling their sacrifice by wandering around the castle unprotected... with a killer on the loose seems to me a poor way to repay them! Now, I will not cover up for you again, Harry. Do you hear me?",anger
2406,2407,89,30,11,"Oh, really? And who might that be?",3,Remus Lupin,remus lupin,"Oh, really? And who might that be?",surprise
2412,2413,90,32,38,"My dear, from the first moment you stepped foot in my class... I sensed that you did not possess the proper spirit... for the noble art of Divination. No, you see, there. You may be young in years, but the heart that beats beneath your bosom is as shriveled as an old maid's, your soul as dry as the pages of the books... to which you so desperately cleave. Have I said something?",3,Sybill Trelawney,sybill trelawney,"My dear, from the first moment you stepped foot in my class... I sensed that you did not possess the proper spirit... for the noble art of Divination. No, you see, there. You may be young in years, but the heart that beats beneath your bosom is as shriveled as an old maid's, your soul as dry as the pages of the books... to which you so desperately cleave. Have I said something?",sadness
2414,2415,90,32,1,Hang on. We better take this back.,3,Harry Potter,harry potter,Hang on. We better take this back.,anger
2415,2416,90,32,2,I'm not going back.,3,Ron Weasley,ron weasley,I'm not going back.,sadness
2416,2417,90,32,1,Fine. See you later.,3,Harry Potter,harry potter,Fine. See you later.,anger
2417,2418,90,32,2,See you.,3,Ron Weasley,ron weasley,See you.,joy
2421,2422,90,32,1,Sorry?,3,Harry Potter,harry potter,Sorry?,sadness
2422,2423,90,32,38,"Tonight, he who betrayed his friends, whose heart rots with murder... shall break free. Innocent blood shall be spilt... and servant and master shall be reunited once more. I'm so sorry, dear boy. Did you say something?",3,Sybill Trelawney,sybill trelawney,"Tonight, he who betrayed his friends, whose heart rots with murder... shall break free. Innocent blood shall be spilt... and servant and master shall be reunited once more. I'm so sorry, dear boy. Did you say something?",sadness
2424,2425,91,40,3,I can't believe they're going to kill Buckbeak. It's just too horrible.,3,Hermione Granger,hermione granger,I can't believe they're going to kill Buckbeak. It's just too horrible.,fear
2431,2432,91,40,3,That felt good.,3,Hermione Granger,hermione granger,That felt good.,joy
2432,2433,91,40,2,"Not good, brilliant!",3,Ron Weasley,ron weasley,"Not good, brilliant!",sadness
2434,2435,91,40,1,Why don't we just set him free?,3,Harry Potter,harry potter,Why don't we just set him free?,anger
2437,2438,91,40,5,"You'll do no such thing! Think I want you seeing something like that? No. You just drink your tea and be off. Oh. Before you do, Ron...",3,Rubeus Hagrid,rubeus hagrid,"You'll do no such thing! Think I want you seeing something like that? No. You just drink your tea and be off. Oh. Before you do, Ron...",anger
2438,2439,91,40,2,Scabbers! You're alive!,3,Ron Weasley,ron weasley,Scabbers! You're alive!,surprise
2442,2443,91,40,3,I meant me!,3,Hermione Granger,hermione granger,I meant me!,surprise
2443,2444,91,40,5,Blimey! What was that?,3,Rubeus Hagrid,rubeus hagrid,Blimey! What was that?,surprise
2446,2447,91,40,17,Very interesting.,3,Cornelius Fudge,cornelius fudge,Very interesting.,surprise
2448,2449,91,40,5,"It's late. It's nearly dark. You shouldn't be here. Someone sees you outside the castle at this time of night, you'll be in trouble. Big trouble. Particularly you, Harry. With you in a moment! Quick. Quick!",3,Rubeus Hagrid,rubeus hagrid,"It's late. It's nearly dark. You shouldn't be here. Someone sees you outside the castle at this time of night, you'll be in trouble. Big trouble. Particularly you, Harry. With you in a moment! Quick. Quick!",fear
2450,2451,91,40,5,"Go on, go on!",3,Rubeus Hagrid,rubeus hagrid,"Go on, go on!",anger
2452,2453,91,40,17,On the slope.,3,Cornelius Fudge,cornelius fudge,On the slope.,fear
2453,2454,91,40,4,"On the slope... Ah, Hagrid.",3,Albus Dumbledore,albus dumbledore,"On the slope... Ah, Hagrid.",fear
2458,2459,91,40,4,I'd like to have a cup of tea.,3,Albus Dumbledore,albus dumbledore,I'd like to have a cup of tea.,joy
2460,2461,91,40,5,"Dear, dear...",3,Rubeus Hagrid,rubeus hagrid,"Dear, dear...",sadness
2461,2462,91,40,4,"Now, now, Hagrid. Now, come on. All right. It'll be all right.",3,Albus Dumbledore,albus dumbledore,"Now, now, Hagrid. Now, come on. All right. It'll be all right.",anger
2463,2464,91,40,1,What?,3,Harry Potter,harry potter,What?,surprise
2465,2466,91,40,2,Let's go!,3,Ron Weasley,ron weasley,Let's go!,anger
2466,2467,91,40,5,Buckbeak didn't mean no harm.,3,Rubeus Hagrid,rubeus hagrid,Buckbeak didn't mean no harm.,anger
2468,2469,92,40,2,He bit me! Scabbers!,3,Ron Weasley,ron weasley,He bit me! Scabbers!,anger
2469,2470,92,40,3,Ron. Ron! Ron!,3,Hermione Granger,hermione granger,Ron. Ron! Ron!,surprise
2470,2471,92,40,2,"Scabbers, come back!",3,Ron Weasley,ron weasley,"Scabbers, come back!",anger
2471,2472,92,67,1,Wait!,3,Harry Potter,harry potter,Wait!,surprise
2472,2473,92,67,2,"Scabbers, you bit me!",3,Ron Weasley,ron weasley,"Scabbers, you bit me!",anger
2473,2474,92,67,3,"Harry, you do realize what tree this is?",3,Hermione Granger,hermione granger,"Harry, you do realize what tree this is?",surprise
2474,2475,92,67,1,"That's not good. Ron, run!",3,Harry Potter,harry potter,"That's not good. Ron, run!",anger
2475,2476,92,67,2,"Harry, Hermione, run! It's the Grim! Harry!",3,Ron Weasley,ron weasley,"Harry, Hermione, run! It's the Grim! Harry!",anger
2476,2477,92,67,3,"Ron! Ron, wait! Harry!",3,Hermione Granger,hermione granger,"Ron! Ron, wait! Harry!",surprise
2477,2478,92,67,2,Help!,3,Ron Weasley,ron weasley,Help!,fear
2478,2479,92,67,1,Ron! Ron! Ron! Ron! Come on! Move!,3,Harry Potter,harry potter,Ron! Ron! Ron! Ron! Come on! Move!,joy
2480,2481,92,67,3,Harry!,3,Hermione Granger,hermione granger,Harry!,surprise
2481,2482,92,67,3,"Oh, I'm sorry.",3,Hermione Granger,hermione granger,"Oh, I'm sorry.",sadness
2482,2483,92,67,1,Don't worry.,3,Harry Potter,harry potter,Don't worry.,fear
2485,2486,92,20,3,"We're in the Shrieking Shack, aren't we?",3,Hermione Granger,hermione granger,"We're in the Shrieking Shack, aren't we?",surprise
2486,2487,93,20,1,Come on. Ron.,3,Harry Potter,harry potter,Come on. Ron.,anger
2487,2488,93,20,3,Ron. You're okay. The dog. Where is it?,3,Hermione Granger,hermione granger,Ron. You're okay. The dog. Where is it?,anger
2489,2490,93,20,3,"If you want to kill Harry, you'll have to kill us too!",3,Hermione Granger,hermione granger,"If you want to kill Harry, you'll have to kill us too!",anger
2490,2491,93,20,18,No. Only one will die tonight.,3,Sirius Black,sirius black,No. Only one will die tonight.,sadness
2491,2492,93,20,1,Then it'll be you!,3,Harry Potter,harry potter,Then it'll be you!,anger
2492,2493,93,20,18,"Are you going to kill me, Harry?",3,Sirius Black,sirius black,"Are you going to kill me, Harry?",anger
2498,2499,93,20,18,Let's kill him!,3,Sirius Black,sirius black,Let's kill him!,anger
2499,2500,93,20,3,"No! I trusted you! And all this time, you've been his friend. He's a werewolf! That's why he's been missing classes.",3,Hermione Granger,hermione granger,"No! I trusted you! And all this time, you've been his friend. He's a werewolf! That's why he's been missing classes.",anger
2502,2503,93,20,11,"Well, well, well, Hermione. You really are the brightest witch of your age, I've ever met.",3,Remus Lupin,remus lupin,"Well, well, well, Hermione. You really are the brightest witch of your age, I've ever met.",joy
2503,2504,93,20,18,"Enough talk, Remus! Come on, let's kill him!",3,Sirius Black,sirius black,"Enough talk, Remus! Come on, let's kill him!",anger
2504,2505,93,20,11,Wait!,3,Remus Lupin,remus lupin,Wait!,surprise
2505,2506,93,20,18,I did my waiting! Twelve years of it! In Azkaban!,3,Sirius Black,sirius black,I did my waiting! Twelve years of it! In Azkaban!,surprise
2506,2507,93,20,11,Very well. Kill him. But wait one more minute. Harry has the right to know why.,3,Remus Lupin,remus lupin,Very well. Kill him. But wait one more minute. Harry has the right to know why.,anger
2507,2508,93,20,1,I know why. You betrayed my parents. You're the reason they're dead!,3,Harry Potter,harry potter,I know why. You betrayed my parents. You're the reason they're dead!,anger
2508,2509,93,20,11,"No, Harry it wasn't him. Somebody did betray your parents... but it was somebody who, until quite recently, I believed to be dead!",3,Remus Lupin,remus lupin,"No, Harry it wasn't him. Somebody did betray your parents... but it was somebody who, until quite recently, I believed to be dead!",anger
2509,2510,93,20,1,"Who was it, then?",3,Harry Potter,harry potter,"Who was it, then?",surprise
2510,2511,94,20,18,"Peter Pettigrew! And he's in this room! Right now! Come out, come out, Peter! Come out, come out and play!",3,Sirius Black,sirius black,"Peter Pettigrew! And he's in this room! Right now! Come out, come out, Peter! Come out, come out and play!",anger
2515,2516,94,20,6,Give me a reason. I beg you!,3,Severus Snape,severus snape,Give me a reason. I beg you!,anger
2516,2517,94,20,11,Severus don't be a fool.,3,Remus Lupin,remus lupin,Severus don't be a fool.,anger
2519,2520,94,20,18,Be quiet yourself Remus!,3,Sirius Black,sirius black,Be quiet yourself Remus!,anger
2521,2522,94,20,18,Why don't you run along and play with your chemistry set!,3,Sirius Black,sirius black,Why don't you run along and play with your chemistry set!,anger
2522,2523,94,20,6,"I could do it, you know. But why deny the dementors? They're so longing to see you. Do I detect a flicker of fear? Oh, yes. A Dementor's Kiss. One can only imagine what that must be like. It's said to be nearly unbearable to witness, but I'll do my best.",3,Severus Snape,severus snape,"I could do it, you know. But why deny the dementors? They're so longing to see you. Do I detect a flicker of fear? Oh, yes. A Dementor's Kiss. One can only imagine what that must be like. It's said to be nearly unbearable to witness, but I'll do my best.",fear
2525,2526,94,20,1,Expelliarmus!,3,Harry Potter,harry potter,Expelliarmus!,surprise
2526,2527,94,20,2,Harry! What did you just do?,3,Ron Weasley,ron weasley,Harry! What did you just do?,surprise
2527,2528,94,20,3,You attacked a teacher!,3,Hermione Granger,hermione granger,You attacked a teacher!,anger
2529,2530,94,20,11,He was at school with us. We thought he was our friend!,3,Remus Lupin,remus lupin,He was at school with us. We thought he was our friend!,anger
2530,2531,94,20,1,No. Pettigrew's dead. You killed him!,3,Harry Potter,harry potter,No. Pettigrew's dead. You killed him!,anger
2531,2532,94,20,11,"No, he didn't. I thought so too, until you mentioned seeing Pettigrew on the map!",3,Remus Lupin,remus lupin,"No, he didn't. I thought so too, until you mentioned seeing Pettigrew on the map!",surprise
2533,2534,94,20,18,The map never lies! Pettigrew's alive! And he's right there!,3,Sirius Black,sirius black,The map never lies! Pettigrew's alive! And he's right there!,surprise
2534,2535,94,20,2,Me?! He's mental!,3,Ron Weasley,ron weasley,Me?! He's mental!,surprise
2535,2536,94,20,18,Not you! Your rat!,3,Sirius Black,sirius black,Not you! Your rat!,anger
2537,2538,94,20,18,"Twelve years? Curiously long life for a common garden rat! He's missing a toe, isn't he?",3,Sirius Black,sirius black,"Twelve years? Curiously long life for a common garden rat! He's missing a toe, isn't he?",surprise
2538,2539,94,20,2,So what?,3,Ron Weasley,ron weasley,So what?,surprise
2541,2542,94,20,1,"Show me. Give it to him, Ron.",3,Harry Potter,harry potter,"Show me. Give it to him, Ron.",anger
2542,2543,94,20,2,What are you trying to do to him? Scabbers! Leave him alone! Get off him! What are you doing?,3,Ron Weasley,ron weasley,What are you trying to do to him? Scabbers! Leave him alone! Get off him! What are you doing?,anger
2543,2544,94,20,44,Remus? Sirius. My old friends! Harry! Look at you! You look so much like your father! Like James! We were the best of friends...,3,Peter Pettigrew,peter pettigrew,Remus? Sirius. My old friends! Harry! Look at you! You look so much like your father! Like James! We were the best of friends...,surprise
2544,2545,94,20,18,How dare you speak to Harry! How dare you talk about James in front of him!,3,Sirius Black,sirius black,How dare you speak to Harry! How dare you talk about James in front of him!,anger
2545,2546,94,20,11,"You sold James and Lily to Voldemort, didn't you?",3,Remus Lupin,remus lupin,"You sold James and Lily to Voldemort, didn't you?",anger
2546,2547,94,20,44,"I didn't mean to! The Dark Lord. You have no idea the weapons he possesses! Ask yourself, Sirius! What would you have done? What would you have done?",3,Peter Pettigrew,peter pettigrew,"I didn't mean to! The Dark Lord. You have no idea the weapons he possesses! Ask yourself, Sirius! What would you have done? What would you have done?",anger
2547,2548,94,20,18,"I would have died! I would have died, rather than betray my friends!",3,Sirius Black,sirius black,"I would have died! I would have died, rather than betray my friends!",sadness
2548,2549,94,20,44,"Harry, James wouldn't have wanted me killed! Your dad... Your dad would have spared me! He would show me mercy!",3,Peter Pettigrew,peter pettigrew,"Harry, James wouldn't have wanted me killed! Your dad... Your dad would have spared me! He would show me mercy!",anger
2549,2550,94,20,11,"You should've realized, Peter, that if Voldemort didn't kill you, then we would! Together!",3,Remus Lupin,remus lupin,"You should've realized, Peter, that if Voldemort didn't kill you, then we would! Together!",anger
2550,2551,94,20,1,No!,3,Harry Potter,harry potter,No!,anger
2553,2554,94,20,44,"Bless you, boy! Bless you!",3,Peter Pettigrew,peter pettigrew,"Bless you, boy! Bless you!",joy
2554,2555,94,20,1,"Get off! I said we'd take you to the castle. After that, the dementors can have you.",3,Harry Potter,harry potter,"Get off! I said we'd take you to the castle. After that, the dementors can have you.",anger
2555,2556,95,67,18,Sorry about the bite. I reckon that twinges a bit.,3,Sirius Black,sirius black,Sorry about the bite. I reckon that twinges a bit.,sadness
2556,2557,95,67,2,A bit? A bit? You almost tore my leg off!,3,Ron Weasley,ron weasley,A bit? A bit? You almost tore my leg off!,surprise
2562,2563,95,67,1,You okay?,3,Harry Potter,harry potter,You okay?,anger
2564,2565,95,67,3,That looks really painful.,3,Hermione Granger,hermione granger,That looks really painful.,sadness
2565,2566,95,67,2,So painful. They might chop it.,3,Ron Weasley,ron weasley,So painful. They might chop it.,sadness
2567,2568,95,67,2,It's too late. It's ruined. It'll have to be chopped off.,3,Ron Weasley,ron weasley,It's too late. It's ruined. It'll have to be chopped off.,sadness
2570,2571,95,67,44,"Turn me into a maggot! Turn me into a flobberworm! Anything but the dementors! Ron! Haven't I been a good friend? A good pet? You won't let them give me to the dementors, will you? I was your rat! Sweet girl! Clever girl! Surely you won't let them...",3,Peter Pettigrew,peter pettigrew,"Turn me into a maggot! Turn me into a flobberworm! Anything but the dementors! Ron! Haven't I been a good friend? A good pet? You won't let them give me to the dementors, will you? I was your rat! Sweet girl! Clever girl! Surely you won't let them...",anger
2571,2572,95,67,11,Get away from her!,3,Remus Lupin,remus lupin,Get away from her!,anger
2575,2576,95,67,1,What? Come and live with you?,3,Harry Potter,harry potter,What? Come and live with you?,surprise
2577,2578,95,67,3,Harry!,3,Hermione Granger,hermione granger,Harry!,surprise
2578,2579,95,67,18,"Remus, my old friend! Have you taken your potion tonight? You know the man you truly are, Remus! This heart is where you truly live! This heart here! This flesh is only flesh!",3,Sirius Black,sirius black,"Remus, my old friend! Have you taken your potion tonight? You know the man you truly are, Remus! This heart is where you truly live! This heart here! This flesh is only flesh!",surprise
2579,2580,95,67,1,Expelliarmus!,3,Harry Potter,harry potter,Expelliarmus!,surprise
2580,2581,95,67,3,Harry!,3,Hermione Granger,hermione granger,Harry!,surprise
2581,2582,95,67,18,Remus! Remus! Run! Run!,3,Sirius Black,sirius black,Remus! Remus! Run! Run!,joy
2582,2583,95,67,1,Come on.,3,Harry Potter,harry potter,Come on.,anger
2585,2586,95,67,3,Professor? Professor Lupin?,3,Hermione Granger,hermione granger,Professor? Professor Lupin?,surprise
2586,2587,95,67,2,Nice doggy. Nice doggy!,3,Ron Weasley,ron weasley,Nice doggy. Nice doggy!,joy
2587,2588,95,67,6,"There you are, Potter!",3,Severus Snape,severus snape,"There you are, Potter!",surprise
2588,2589,95,67,1,Sirius!,3,Harry Potter,harry potter,Sirius!,surprise
2589,2590,95,67,6,"Come back here, Potter!",3,Severus Snape,severus snape,"Come back here, Potter!",joy
2590,2591,96,37,1,Sirius! No. Sirius! Expecto Patronum!,3,Harry Potter,harry potter,Sirius! No. Sirius! Expecto Patronum!,surprise
2591,2592,96,37,3,Harry?,3,Hermione Granger,hermione granger,Harry?,surprise
2593,2594,97,43,3,What?,3,Hermione Granger,hermione granger,What?,surprise
2596,2597,97,43,1,You mean they're gonna kill him?,3,Harry Potter,harry potter,You mean they're gonna kill him?,anger
2600,2601,97,43,4,Scabbers?,3,Albus Dumbledore,albus dumbledore,Scabbers?,surprise
2603,2604,97,43,4,"I do, Miss Granger. But the word of three 13-year-old wizards will convince few others. A child's voice, however honest and true... is meaningless to those who have forgotten how to listen. Mysterious thing, time. Powerful... and when meddled with, dangerous. Sirius Black is in the topmost cell of the Dark Tower. You know the laws, Miss Granger. You must not be seen. And you would do well, I feel, to return before this last chime. If not, the consequences are too ghastly to discuss. If you succeed tonight... more than one innocent life may be spared. Three turns should do it, I think. Oh, and by the way. When in doubt, I find retracing my steps to be a wise place to begin. Good luck.",3,Albus Dumbledore,albus dumbledore,"I do, Miss Granger. But the word of three 13-year-old wizards will convince few others. A child's voice, however honest and true... is meaningless to those who have forgotten how to listen. Mysterious thing, time. Powerful... and when meddled with, dangerous. Sirius Black is in the topmost cell of the Dark Tower. You know the laws, Miss Granger. You must not be seen. And you would do well, I feel, to return before this last chime. If not, the consequences are too ghastly to discuss. If you succeed tonight... more than one innocent life may be spared. Three turns should do it, I think. Oh, and by the way. When in doubt, I find retracing my steps to be a wise place to begin. Good luck.",fear
2604,2605,97,43,2,What the bloody hell was that all about?,3,Ron Weasley,ron weasley,What the bloody hell was that all about?,anger
2605,2606,97,43,3,"Sorry, Ron, but seeing as you can't walk...",3,Hermione Granger,hermione granger,"Sorry, Ron, but seeing as you can't walk...",sadness
2606,2607,98,43,1,What just happened? Where's Ron?,3,Harry Potter,harry potter,What just happened? Where's Ron?,surprise
2608,2609,98,43,1,I don't know. Going to Hagrid's?,3,Harry Potter,harry potter,I don't know. Going to Hagrid's?,surprise
2609,2610,98,43,3,Come on. And we can't be seen.,3,Hermione Granger,hermione granger,Come on. And we can't be seen.,anger
2610,2611,98,40,1,"Hermione! Hermione! Hermione, wait. Hermione, will you please tell me what it is we're doing?",3,Harry Potter,harry potter,"Hermione! Hermione! Hermione, wait. Hermione, will you please tell me what it is we're doing?",anger
2616,2617,98,40,1,You mean we've gone back in time?,3,Harry Potter,harry potter,You mean we've gone back in time?,surprise
2618,2619,98,40,1,Good punch.,3,Harry Potter,harry potter,Good punch.,anger
2621,2622,98,40,12,"Not a word to anyone, understood? I'm gonna get that jumped-up mudblood! Mark my words.",3,Draco Malfoy,draco malfoy,"Not a word to anyone, understood? I'm gonna get that jumped-up mudblood! Mark my words.",anger
2622,2623,98,40,3,That felt good.,3,Hermione Granger,hermione granger,That felt good.,joy
2623,2624,98,40,2,"Not good, brilliant.",3,Ron Weasley,ron weasley,"Not good, brilliant.",sadness
2625,2626,99,40,1,Look. Buckbeak's still alive.,3,Harry Potter,harry potter,Look. Buckbeak's still alive.,surprise
2629,2630,99,40,2,"Scabbers, you're alive!",3,Ron Weasley,ron weasley,"Scabbers, you're alive!",surprise
2633,2634,99,40,1,He betrayed my parents. You don't expect me to sit here.,3,Harry Potter,harry potter,He betrayed my parents. You don't expect me to sit here.,anger
2634,2635,99,40,3,"Yes, and you must! Harry, you're in Hagrid's hut now. If you just go bursting in, you'll think you've gone mad. Awful things happen to wizards who meddle with time. We can't be seen.",3,Hermione Granger,hermione granger,"Yes, and you must! Harry, you're in Hagrid's hut now. If you just go bursting in, you'll think you've gone mad. Awful things happen to wizards who meddle with time. We can't be seen.",fear
2635,2636,99,40,3,Fudge is coming. And we aren't leaving? Why aren't we leaving?,3,Hermione Granger,hermione granger,Fudge is coming. And we aren't leaving? Why aren't we leaving?,anger
2636,2637,99,40,1,Are you mad?,3,Harry Potter,harry potter,Are you mad?,anger
2638,2639,99,40,1,Ow! That hurt!,3,Harry Potter,harry potter,Ow! That hurt!,surprise
2639,2640,99,40,3,Sorry. We're coming out the back door. Go!,3,Hermione Granger,hermione granger,Sorry. We're coming out the back door. Go!,sadness
2641,2642,99,40,1,What?,3,Harry Potter,harry potter,What?,surprise
2644,2645,99,40,3,"Okay, go, Harry. Go!",3,Hermione Granger,hermione granger,"Okay, go, Harry. Go!",anger
2645,2646,99,40,1,Get away. Get off.,3,Harry Potter,harry potter,Get away. Get off.,anger
2649,2650,99,40,3,Keep trying. Come on. Quickly. Buckbeak. Okay? Quickly. Hurry up. Okay?,3,Hermione Granger,hermione granger,Keep trying. Come on. Quickly. Buckbeak. Okay? Quickly. Hurry up. Okay?,fear
2655,2656,99,40,4,Look beyond the rocks.,3,Albus Dumbledore,albus dumbledore,Look beyond the rocks.,fear
2656,2657,99,40,17,What am I supposed to see?,3,Cornelius Fudge,cornelius fudge,What am I supposed to see?,surprise
2659,2660,99,40,4,"And all the strawberries, you see?.",3,Albus Dumbledore,albus dumbledore,"And all the strawberries, you see?.",surprise
2668,2669,99,40,17,"But where is it? I saw the beast, just now. Not a moment ago!",3,Cornelius Fudge,cornelius fudge,"But where is it? I saw the beast, just now. Not a moment ago!",surprise
2669,2670,99,40,4,How extraordinary.,3,Albus Dumbledore,albus dumbledore,How extraordinary.,surprise
2672,2673,99,40,17,Hagrid?,3,Cornelius Fudge,cornelius fudge,Hagrid?,surprise
2674,2675,99,40,4,I don't think the minister's suggesting you had anything to do with this. How could you? You've been with us all the time.,3,Albus Dumbledore,albus dumbledore,I don't think the minister's suggesting you had anything to do with this. How could you? You've been with us all the time.,surprise
2678,2679,99,40,1,"Come on. This way. This way, now. Now what?",3,Harry Potter,harry potter,"Come on. This way. This way, now. Now what?",anger
2680,2681,99,67,1,How?,3,Harry Potter,harry potter,How?,surprise
2682,2683,99,67,11,Immobulus!,3,Remus Lupin,remus lupin,Immobulus!,surprise
2687,2688,100,67,1,Yeah. Hermione?,3,Harry Potter,harry potter,Yeah. Hermione?,surprise
2688,2689,100,67,3,Yeah?,3,Hermione Granger,hermione granger,Yeah?,surprise
2694,2695,100,67,1,You see Sirius talking to me there? He's asking me to come live with him.,3,Harry Potter,harry potter,You see Sirius talking to me there? He's asking me to come live with him.,surprise
2695,2696,100,67,3,That's great.,3,Hermione Granger,hermione granger,That's great.,joy
2697,2698,100,67,3,Harry! Run!,3,Hermione Granger,hermione granger,Harry! Run!,joy
2698,2699,100,67,1,Let's go! What are you doing?,3,Harry Potter,harry potter,Let's go! What are you doing?,anger
2699,2700,100,67,3,Saving your life!,3,Hermione Granger,hermione granger,Saving your life!,anger
2700,2701,100,67,1,Thanks. Great! Now he's coming for us.,3,Harry Potter,harry potter,Thanks. Great! Now he's coming for us.,joy
2701,2702,100,67,3,"Yeah, I didn't think about that. Run!",3,Hermione Granger,hermione granger,"Yeah, I didn't think about that. Run!",surprise
2702,2703,100,67,3,That was so scary.,3,Hermione Granger,hermione granger,That was so scary.,fear
2703,2704,100,67,1,Poor Professor Lupin's having a really tough night. Sirius! Come on!,3,Harry Potter,harry potter,Poor Professor Lupin's having a really tough night. Sirius! Come on!,sadness
2705,2706,100,37,1,Don't worry. My dad will come. He'll conjure the Patronus. Any minute now! Right there! You'll see!,3,Harry Potter,harry potter,Don't worry. My dad will come. He'll conjure the Patronus. Any minute now! Right there! You'll see!,fear
2706,2707,100,37,3,"Harry, listen to me. No one's coming.",3,Hermione Granger,hermione granger,"Harry, listen to me. No one's coming.",fear
2707,2708,100,37,1,"Don't worry, he will! He will come! Sirius.",3,Harry Potter,harry potter,"Don't worry, he will! He will come! Sirius.",fear
2708,2709,100,37,3,You're dying... both of you. Harry!,3,Hermione Granger,hermione granger,You're dying... both of you. Harry!,anger
2709,2710,100,37,1,Expecto Patronum!,3,Harry Potter,harry potter,Expecto Patronum!,surprise
2710,2711,100,37,1,"You were right, Hermione. It wasn't my dad I saw earlier. It was me! I saw myself conjuring the Patronus before. I knew I could do it this time because... well, I had already done it. Does that make sense?",3,Harry Potter,harry potter,"You were right, Hermione. It wasn't my dad I saw earlier. It was me! I saw myself conjuring the Patronus before. I knew I could do it this time because... well, I had already done it. Does that make sense?",surprise
2712,2713,100,37,3,But I don't like flying...!,3,Hermione Granger,hermione granger,But I don't like flying...!,anger
2713,2714,100,37,3,Bombarda!,3,Hermione Granger,hermione granger,Bombarda!,surprise
2714,2715,100,37,18,I'll be forever grateful for this... to both of you.,3,Sirius Black,sirius black,I'll be forever grateful for this... to both of you.,joy
2715,2716,100,37,1,I want to go with you.,3,Harry Potter,harry potter,I want to go with you.,joy
2721,2722,100,37,3,We have to go.,3,Hermione Granger,hermione granger,We have to go.,sadness
2722,2723,101,43,4,Well?,3,Albus Dumbledore,albus dumbledore,Well?,surprise
2724,2725,101,43,4,Did what? Good night.,3,Albus Dumbledore,albus dumbledore,Did what? Good night.,joy
2725,2726,101,43,2,How did you get there? I was talking to you there. And now you're there.,3,Ron Weasley,ron weasley,How did you get there? I was talking to you there. And now you're there.,surprise
2726,2727,101,43,3,"What's he talking about, Harry?",3,Hermione Granger,hermione granger,"What's he talking about, Harry?",surprise
2727,2728,102,43,1,"I don't know. Honestly, Ron. How can somebody be in two places at once?",3,Harry Potter,harry potter,"I don't know. Honestly, Ron. How can somebody be in two places at once?",surprise
2729,2730,102,30,1,You've been sacked.,3,Harry Potter,harry potter,You've been sacked.,anger
2730,2731,102,30,11,"No. No. I resigned, actually.",3,Remus Lupin,remus lupin,"No. No. I resigned, actually.",sadness
2731,2732,102,30,1,Resigned? Why?,3,Harry Potter,harry potter,Resigned? Why?,surprise
2735,2736,102,30,11,"Why do you look so miserable, Harry?",3,Remus Lupin,remus lupin,"Why do you look so miserable, Harry?",sadness
2738,2739,103,36,2,"Stand back, I said! Or I'll take it upstairs if you don't settle.",3,Ron Weasley,ron weasley,"Stand back, I said! Or I'll take it upstairs if you don't settle.",anger
2739,2740,103,36,10,Harry. Wherever did you get it?,3,Neville Longbottom,neville longbottom,Harry. Wherever did you get it?,surprise
2741,2742,103,36,1,What are you talking about?,3,Harry Potter,harry potter,What are you talking about?,surprise
2745,2746,103,36,127,It's a Firebolt. It's the fastest broom in the world.,3,Students,students,It's a Firebolt. It's the fastest broom in the world.,surprise
2749,2750,103,36,10,"Go on, Harry!",3,Neville Longbottom,neville longbottom,"Go on, Harry!",anger
2751,2752,103,36,3,"How fast is it, Harry?",3,Hermione Granger,hermione granger,"How fast is it, Harry?",surprise
2752,2753,104,14,156,Bloody kids.,4,Centaur,centaur,Bloody kids.,anger
2753,2754,104,14,44,Oh no no no my Lord Voldemort. I only meant... perhaps if we were to do it without the boy..,4,Peter Pettigrew,peter pettigrew,Oh no no no my Lord Voldemort. I only meant... perhaps if we were to do it without the boy..,surprise
2759,2760,105,17,3,Harry!,4,Hermione Granger,hermione granger,Harry!,surprise
2761,2762,105,17,1,Hermione. Bad dream. When did you get here?,4,Harry Potter,harry potter,Hermione. Bad dream. When did you get here?,sadness
2762,2763,105,17,3,Just now. You?,4,Hermione Granger,hermione granger,Just now. You?,surprise
2764,2765,105,17,3,Wake up. Wake up Ronald!,4,Hermione Granger,hermione granger,Wake up. Wake up Ronald!,anger
2765,2766,105,17,2,Bloody hell.,4,Ron Weasley,ron weasley,Bloody hell.,anger
2766,2767,105,17,3,"Honestly. Get dressed, and don't go back to sleep. Come on Ron! Your mother says breakfast's ready.",4,Hermione Granger,hermione granger,"Honestly. Get dressed, and don't go back to sleep. Come on Ron! Your mother says breakfast's ready.",anger
2767,2768,105,17,1,Where are we actually going?,4,Harry Potter,harry potter,Where are we actually going?,surprise
2768,2769,105,17,2,Don't know. Hey Dad! Where are we going?,4,Ron Weasley,ron weasley,Don't know. Hey Dad! Where are we going?,joy
2769,2770,105,17,16,"Haven't the foggiest, keep up!",4,Arthur Weasley,arthur weasley,"Haven't the foggiest, keep up!",anger
2770,2771,105,17,67,Arthur! It's about time son.,4,Amos Diggory,amos diggory,Arthur! It's about time son.,anger
2771,2772,105,17,16,"Sorry Amos. Some of us had a bit of a sleepy start. This is Amos Diggory everyone, he works with me at the ministry. And this strapping young lad must be Cedric, am I right?",4,Arthur Weasley,arthur weasley,"Sorry Amos. Some of us had a bit of a sleepy start. This is Amos Diggory everyone, he works with me at the ministry. And this strapping young lad must be Cedric, am I right?",sadness
2775,2776,105,17,67,Great great pleasure.,4,Amos Diggory,amos diggory,Great great pleasure.,joy
2776,2777,105,17,1,Pleasure to meet you too sir.,4,Harry Potter,harry potter,Pleasure to meet you too sir.,joy
2779,2780,105,17,1,Why are they all standing around that manky old boot?,4,Harry Potter,harry potter,Why are they all standing around that manky old boot?,surprise
2783,2784,105,17,1,What's a 'portkey'?,4,Harry Potter,harry potter,What's a 'portkey'?,surprise
2785,2786,105,17,16,Harry!,4,Arthur Weasley,arthur weasley,Harry!,surprise
2786,2787,105,17,67,Three!,4,Amos Diggory,amos diggory,Three!,surprise
2787,2788,105,17,16,Let go kids!,4,Arthur Weasley,arthur weasley,Let go kids!,anger
2788,2789,105,17,3,What??,4,Hermione Granger,hermione granger,What??,surprise
2789,2790,105,17,16,Let! Go!,4,Arthur Weasley,arthur weasley,Let! Go!,anger
2792,2793,105,72,16,"Well kids, welcome to the Quidditch World Cup!",4,Arthur Weasley,arthur weasley,"Well kids, welcome to the Quidditch World Cup!",joy
2795,2796,105,72,16,Home sweet home.,4,Arthur Weasley,arthur weasley,Home sweet home.,joy
2802,2803,105,72,1,I love magic.,4,Harry Potter,harry potter,I love magic.,joy
2803,2804,106,72,2,"Blimey Dad, how far up are we?",4,Ron Weasley,ron weasley,"Blimey Dad, how far up are we?",surprise
2808,2809,106,72,19,Come on!,4,George Weasley,george weasley,Come on!,anger
2809,2810,106,72,14,It's the Irish!,4,Fred Weasley,fred weasley,It's the Irish!,surprise
2814,2815,106,72,19,Yes!,4,George Weasley,george weasley,Yes!,anger
2815,2816,106,72,17,Good evening! It gives me great pleasure to welcome each and every one of you to the final of the 422nd Quidditch World Cup. Let the match begin!,4,Cornelius Fudge,cornelius fudge,Good evening! It gives me great pleasure to welcome each and every one of you to the final of the 422nd Quidditch World Cup. Let the match begin!,joy
2817,2818,107,72,20,Think you're in love Ron?,4,Ginny Weasley,ginny weasley,Think you're in love Ron?,surprise
2818,2819,107,72,14,Viktor I love you! Viktor I do!,4,Fred Weasley,fred weasley,Viktor I love you! Viktor I do!,joy
2819,2820,107,72,19,Viktor I love you! Viktor I do!,4,George Weasley,george weasley,Viktor I love you! Viktor I do!,joy
2820,2821,107,72,14,When we're apart my heart beats only for youuu!,4,Fred Weasley,fred weasley,When we're apart my heart beats only for youuu!,sadness
2821,2822,107,72,19,When we're apart my heart beats only for youuu!,4,George Weasley,george weasley,When we're apart my heart beats only for youuu!,sadness
2822,2823,107,72,1,When we're apart my heart beats only for youuu!,4,Harry Potter,harry potter,When we're apart my heart beats only for youuu!,sadness
2824,2825,107,72,16,Stop! Stop it. It's not the irish. We've gotta get out of here. Now.,4,Arthur Weasley,arthur weasley,Stop! Stop it. It's not the irish. We've gotta get out of here. Now.,anger
2826,2827,107,72,2,Been looking for you for ages. Thought we lost you.,4,Ron Weasley,ron weasley,Been looking for you for ages. Thought we lost you.,sadness
2827,2828,107,72,1,What is that?,4,Harry Potter,harry potter,What is that?,surprise
2828,2829,107,72,16,Stop! That's my son.,4,Arthur Weasley,arthur weasley,Stop! That's my son.,anger
2831,2832,107,72,16,You can't possibly..,4,Arthur Weasley,arthur weasley,You can't possibly..,surprise
2832,2833,107,72,33,Do not lie! You have been discovered at the scene of the crime!,4,Barty Crouch Sr.,barty crouch sr.,Do not lie! You have been discovered at the scene of the crime!,anger
2833,2834,107,72,1,Crime?,4,Harry Potter,harry potter,Crime?,fear
2835,2836,107,72,1,What crime?,4,Harry Potter,harry potter,What crime?,anger
2841,2842,107,72,16,"Harry, who?",4,Arthur Weasley,arthur weasley,"Harry, who?",surprise
2846,2847,107,42,2,"On second thought, just the drewbals.",4,Ron Weasley,ron weasley,"On second thought, just the drewbals.",surprise
2853,2854,107,42,3,"This is horrible, how can the ministry not know who conjured it. Isn't there any security or?",4,Hermione Granger,hermione granger,"This is horrible, how can the ministry not know who conjured it. Isn't there any security or?",fear
2854,2855,107,42,2,"Loads according to Dad, that's what worried them so much. Happened right under their noses.",4,Ron Weasley,ron weasley,"Loads according to Dad, that's what worried them so much. Happened right under their noses.",fear
2855,2856,107,42,3,"It's hurting again isn't it, your scar.",4,Hermione Granger,hermione granger,"It's hurting again isn't it, your scar.",sadness
2860,2861,108,36,4,"Now we're all settled in and sorted, I'd like to make an announcement. This castle will not only be your home this year but home to some very special guests as well. You see Hogwarts has been choosen...",4,Albus Dumbledore,albus dumbledore,"Now we're all settled in and sorted, I'd like to make an announcement. This castle will not only be your home this year but home to some very special guests as well. You see Hogwarts has been choosen...",joy
2863,2864,108,36,4,"And now our friends from the north, please greet the proud sons of Durmstrang and the high master Igor Karkaroff.",4,Albus Dumbledore,albus dumbledore,"And now our friends from the north, please greet the proud sons of Durmstrang and the high master Igor Karkaroff.",joy
2864,2865,108,36,2,"Blimey it's him, Viktor Krum!",4,Ron Weasley,ron weasley,"Blimey it's him, Viktor Krum!",surprise
2865,2866,108,36,49,Albus!,4,Igor Karkaroff,igor karkaroff,Albus!,surprise
2868,2869,108,36,4,"Not to worry Madame Maxime, our gamekeeper Hagrid's more than capable of seeing to them.",4,Albus Dumbledore,albus dumbledore,"Not to worry Madame Maxime, our gamekeeper Hagrid's more than capable of seeing to them.",fear
2870,2871,108,36,59,You idiot!,4,Filius Flitwick,filius flitwick,You idiot!,anger
2871,2872,108,36,4,"Your attention please! I would like to say a few words. Eternal glory, that is what awaits the student who wins the tri-wizard tournament. But to do this that student must survive three tasks. Three extremely dangerous tasks.",4,Albus Dumbledore,albus dumbledore,"Your attention please! I would like to say a few words. Eternal glory, that is what awaits the student who wins the tri-wizard tournament. But to do this that student must survive three tasks. Three extremely dangerous tasks.",anger
2874,2875,108,36,2,"Bloody hell, it's Mad-Eye Moody.",4,Ron Weasley,ron weasley,"Bloody hell, it's Mad-Eye Moody.",anger
2875,2876,108,36,3,Alastor Moody? The aura.,4,Hermione Granger,hermione granger,Alastor Moody? The aura.,surprise
2877,2878,108,36,4,"My dear old friend, thanks for coming.",4,Albus Dumbledore,albus dumbledore,"My dear old friend, thanks for coming.",joy
2878,2879,108,36,13,That stupid roof.,4,Alastor Moody,alastor moody,That stupid roof.,anger
2883,2884,108,36,4,Silence!,4,Albus Dumbledore,albus dumbledore,Silence!,anger
2888,2889,109,30,13,And they are so named?,4,Alastor Moody,alastor moody,And they are so named?,surprise
2891,2892,109,30,29,"Aw no way, the old codger can see out the back of his head.",4,Seamus Finnigan,seamus finnigan,"Aw no way, the old codger can see out the back of his head.",surprise
2894,2895,109,30,13,Give us a curse.,4,Alastor Moody,alastor moody,Give us a curse.,anger
2896,2897,109,30,13,"Ahhh yes, your father would know all about that. Gave the ministry quite a bit of grief a few years ago. Perhaps this will show you why.",4,Alastor Moody,alastor moody,"Ahhh yes, your father would know all about that. Gave the ministry quite a bit of grief a few years ago. Perhaps this will show you why.",sadness
2899,2900,109,30,13,But if she bites... she's lethal!,4,Alastor Moody,alastor moody,But if she bites... she's lethal!,fear
2900,2901,109,30,13,What are you laughing at?,4,Alastor Moody,alastor moody,What are you laughing at?,surprise
2901,2902,109,30,13,Talented isn't she? What shall I have her do next? Jump out the window? Drown herself?,4,Alastor Moody,alastor moody,Talented isn't she? What shall I have her do next? Jump out the window? Drown herself?,anger
2906,2907,109,30,3,"Stop it! Can't you see it's bothering him, stop it!",4,Hermione Granger,hermione granger,"Stop it! Can't you see it's bothering him, stop it!",anger
2907,2908,109,30,13,Perhaps you could give us the last unforgivable curse Miss Granger.,4,Alastor Moody,alastor moody,Perhaps you could give us the last unforgivable curse Miss Granger.,anger
2909,2910,109,30,2,"Brilliant isn't he! Completely demented of course. Terrifying to be in the same room with, he's really BEEN there you know.",4,Ron Weasley,ron weasley,"Brilliant isn't he! Completely demented of course. Terrifying to be in the same room with, he's really BEEN there you know.",fear
2911,2912,109,30,3,Neville?,4,Hermione Granger,hermione granger,Neville?,surprise
2918,2919,109,36,3,It's not going to work.,4,Hermione Granger,hermione granger,It's not going to work.,sadness
2919,2920,109,36,14,Oh yeah? And why's that Granger.,4,Fred Weasley,fred weasley,Oh yeah? And why's that Granger.,surprise
2920,2921,109,36,3,You see this? This is an age line. Dumbledore drew it himself.,4,Hermione Granger,hermione granger,You see this? This is an age line. Dumbledore drew it himself.,surprise
2921,2922,109,36,14,So?,4,Fred Weasley,fred weasley,So?,surprise
2922,2923,109,36,3,So a genius like Dumbledore couldn't possibly be fooled by something pathetically dimwitted such as an age potion.,4,Hermione Granger,hermione granger,So a genius like Dumbledore couldn't possibly be fooled by something pathetically dimwitted such as an age potion.,surprise
2923,2924,109,36,19,That's why it's so brilliant.,4,George Weasley,george weasley,That's why it's so brilliant.,joy
2928,2929,110,36,4,The Durmstrang champion is ... Viktor Krum!,4,Albus Dumbledore,albus dumbledore,The Durmstrang champion is ... Viktor Krum!,surprise
2929,2930,110,36,4,The champion from Beauxbatons... Fleur Delacour,4,Albus Dumbledore,albus dumbledore,The champion from Beauxbatons... Fleur Delacour,surprise
2931,2932,110,36,4,"Excellent! we now have our three champions! But in the end only one will go down in history. Only one will hoist this chalice of champions, this vessel of victory the tri-wizard cup!",4,Albus Dumbledore,albus dumbledore,"Excellent! we now have our three champions! But in the end only one will go down in history. Only one will hoist this chalice of champions, this vessel of victory the tri-wizard cup!",joy
2932,2933,110,36,4,Harry Potter. Harry Potter?,4,Albus Dumbledore,albus dumbledore,Harry Potter. Harry Potter?,surprise
2934,2935,110,36,4,Harry Potter!,4,Albus Dumbledore,albus dumbledore,Harry Potter!,surprise
2937,2938,110,63,4,Harry! Did you put your name in the goblet of fire?,4,Albus Dumbledore,albus dumbledore,Harry! Did you put your name in the goblet of fire?,surprise
2941,2942,110,63,4,You're absolutely sure?,4,Albus Dumbledore,albus dumbledore,You're absolutely sure?,surprise
2951,2952,111,41,7,Put an end to it. Don't let Potter compete.,4,Minerva McGonagall,minerva mcgonagall,Put an end to it. Don't let Potter compete.,anger
2954,2955,111,41,6,"Master I too find it difficult to believe this mere coincidence, if we are to truly discover the meaning of these events perhaps we should for the time being let them unfold.",4,Severus Snape,severus snape,"Master I too find it difficult to believe this mere coincidence, if we are to truly discover the meaning of these events perhaps we should for the time being let them unfold.",surprise
2955,2956,111,41,7,Do nothing?? Offer him up as bait? Potter is a boy not a piece of meat.,4,Minerva McGonagall,minerva mcgonagall,Do nothing?? Offer him up as bait? Potter is a boy not a piece of meat.,anger
2958,2959,111,41,4,"Don't let him know though, he must be anxious enough as it is... knowing what lies ahead. Then again, we all are.",4,Albus Dumbledore,albus dumbledore,"Don't let him know though, he must be anxious enough as it is... knowing what lies ahead. Then again, we all are.",fear
2959,2960,111,39,2,How did you do it?,4,Ron Weasley,ron weasley,How did you do it?,surprise
2962,2963,111,39,2,You know bloody well what.,4,Ron Weasley,ron weasley,You know bloody well what.,anger
2963,2964,111,39,1,I didn't ask for this to happen Ron. Okay? You're being stupid.,4,Harry Potter,harry potter,I didn't ask for this to happen Ron. Okay? You're being stupid.,anger
2964,2965,111,39,2,"Yeah that's me, Ron Weasley... Harry Potter's stupid friend.",4,Ron Weasley,ron weasley,"Yeah that's me, Ron Weasley... Harry Potter's stupid friend.",anger
2965,2966,111,39,1,"I didn't put my name in that cup. I don't want eternal glory I just wanna be.. Look, I don't know what happened tonight and I don't know why, it just did ok.",4,Harry Potter,harry potter,"I didn't put my name in that cup. I don't want eternal glory I just wanna be.. Look, I don't know what happened tonight and I don't know why, it just did ok.",sadness
2966,2967,111,39,2,Piss off.,4,Ron Weasley,ron weasley,Piss off.,anger
2967,2968,112,63,57,What a charismatic quartet. Hello!,4,Rita Skeeter,rita skeeter,What a charismatic quartet. Hello!,surprise
2974,2975,112,63,1,I'm fourteen.,4,Harry Potter,harry potter,I'm fourteen.,fear
2975,2976,112,63,57,...about to compete against three students. Not only vastly more emotionally mature than yourself but have mastered spells that you wouldn't attempt in your dizziest daydreams. Concerned?,4,Rita Skeeter,rita skeeter,...about to compete against three students. Not only vastly more emotionally mature than yourself but have mastered spells that you wouldn't attempt in your dizziest daydreams. Concerned?,fear
2979,2980,112,63,57,The story's legend. Do you think it was the trauma of your past that made you so keen to enter such a dangerous tournament.,4,Rita Skeeter,rita skeeter,The story's legend. Do you think it was the trauma of your past that made you so keen to enter such a dangerous tournament.,fear
2982,2983,112,63,1,"Hey, my eyes aren't glistening with the ghosts of my past.",4,Harry Potter,harry potter,"Hey, my eyes aren't glistening with the ghosts of my past.",joy
2983,2984,113,39,18,Harry. I couldn't risk sending Edward. It was since the world cup and the ministry's been intercepting more and more owls and she's too easily recognised. We need to talk Harry. Face to face. Meet me in the Griffindore common room at one o clock this Saturday night and make sure you're alone. P.S....,4,Sirius Black,sirius black,Harry. I couldn't risk sending Edward. It was since the world cup and the ministry's been intercepting more and more owls and she's too easily recognised. We need to talk Harry. Face to face. Meet me in the Griffindore common room at one o clock this Saturday night and make sure you're alone. P.S....,fear
2985,2986,113,39,1,Sirius?,4,Harry Potter,harry potter,Sirius?,surprise
2986,2987,113,39,57,"Harry Potter aged 12, suspect entrant in the tri-wizard tournament. His eyes swimming with the ghosts of his...",4,Rita Skeeter,rita skeeter,"Harry Potter aged 12, suspect entrant in the tri-wizard tournament. His eyes swimming with the ghosts of his...",fear
2987,2988,113,39,1,Sirius?! How...,4,Harry Potter,harry potter,Sirius?! How...,surprise
2989,2990,113,39,1,No!,4,Harry Potter,harry potter,No!,anger
2992,2993,113,39,18,You didn't hear a name?,4,Sirius Black,sirius black,You didn't hear a name?,surprise
2994,2995,113,39,18,What was that?,4,Sirius Black,sirius black,What was that?,surprise
2995,2996,113,39,1,"He wanted... me. I dunno why, but he was gonna use this man to get to me. I mean it was only a dream right?",4,Harry Potter,harry potter,"He wanted... me. I dunno why, but he was gonna use this man to get to me. I mean it was only a dream right?",anger
2997,2998,113,39,1,What are you saying?,4,Harry Potter,harry potter,What are you saying?,surprise
3001,3002,113,39,1,I'm not ready for this Sirius.,4,Harry Potter,harry potter,I'm not ready for this Sirius.,sadness
3003,3004,113,39,1,Someone's coming!,4,Harry Potter,harry potter,Someone's coming!,anger
3005,3006,113,39,2,Who you talking to?,4,Ron Weasley,ron weasley,Who you talking to?,surprise
3006,3007,113,39,1,Who says I was talking to anyone.,4,Harry Potter,harry potter,Who says I was talking to anyone.,surprise
3007,3008,113,39,2,I heard voices.,4,Ron Weasley,ron weasley,I heard voices.,fear
3010,3011,114,37,10,Amazing. Amazing.,4,Neville Longbottom,neville longbottom,Amazing. Amazing.,surprise
3011,3012,114,37,1,Neville! You're doing it again!,4,Harry Potter,harry potter,Neville! You're doing it again!,anger
3012,3013,114,37,10,"Oh, right sorry.",4,Neville Longbottom,neville longbottom,"Oh, right sorry.",sadness
3013,3014,114,37,1,Magical water plants of the highland Lochs?,4,Harry Potter,harry potter,Magical water plants of the highland Lochs?,surprise
3017,3018,114,37,1,Is that right? Well.... what?,4,Harry Potter,harry potter,Is that right? Well.... what?,surprise
3021,3022,114,37,3,I'm NOT an owl!,4,Hermione Granger,hermione granger,I'm NOT an owl!,surprise
3027,3028,114,35,69,Hagrid?,4,Olympe Maxime,olympe maxime,Hagrid?,surprise
3030,3031,114,35,69,"Oh Hagrid. I thought you weren't coming, I thought perhaps... you had... forgotten me.",4,Olympe Maxime,olympe maxime,"Oh Hagrid. I thought you weren't coming, I thought perhaps... you had... forgotten me.",surprise
3033,3034,114,35,5,You'll be glad you came. Trust me.,4,Rubeus Hagrid,rubeus hagrid,You'll be glad you came. Trust me.,joy
3034,3035,114,35,69,"Ahh, c'est magnifique!",4,Olympe Maxime,olympe maxime,"Ahh, c'est magnifique!",surprise
3036,3037,114,35,1,Dragons? That's the first task? You're joking.,4,Harry Potter,harry potter,Dragons? That's the first task? You're joking.,surprise
3039,3040,114,35,1,Ron was here?,4,Harry Potter,harry potter,Ron was here?,surprise
3045,3046,115,45,1,Excuse me..,4,Harry Potter,harry potter,Excuse me..,anger
3046,3047,115,45,1,Can I have a word?,4,Harry Potter,harry potter,Can I have a word?,surprise
3049,3050,115,45,36,"Are you serious? And Fleur and Krum, do they...?",4,Cedric Diggory,cedric diggory,"Are you serious? And Fleur and Krum, do they...?",surprise
3052,3053,115,45,1,Don't worry about it.,4,Harry Potter,harry potter,Don't worry about it.,fear
3054,3055,115,45,2,You think so?,4,Ron Weasley,ron weasley,You think so?,surprise
3057,3058,115,45,1,Yeah. Stay away from me.,4,Harry Potter,harry potter,Yeah. Stay away from me.,fear
3058,3059,115,45,2,Fine.,4,Ron Weasley,ron weasley,Fine.,anger
3062,3063,115,45,7,Professor Moody what are you doing?,4,Minerva McGonagall,minerva mcgonagall,Professor Moody what are you doing?,surprise
3064,3065,115,45,7,Is that a student?,4,Minerva McGonagall,minerva mcgonagall,Is that a student?,surprise
3066,3067,115,45,12,My father will hear about this!,4,Draco Malfoy,draco malfoy,My father will hear about this!,anger
3067,3068,115,45,13,Is that a threat!,4,Alastor Moody,alastor moody,Is that a threat!,anger
3072,3073,115,45,13,come with me.,4,Alastor Moody,alastor moody,come with me.,fear
3074,3075,115,30,13,Wouldn't even bother telling you what's in ther. You wouldn't believe it if I did. Now... what are you going to do about your dragon?,4,Alastor Moody,alastor moody,Wouldn't even bother telling you what's in ther. You wouldn't believe it if I did. Now... what are you going to do about your dragon?,anger
3081,3082,116,51,3,Pssst! Harry? Is that you?,4,Hermione Granger,hermione granger,Pssst! Harry? Is that you?,surprise
3084,3085,116,51,1,Battle a dragon.,4,Harry Potter,harry potter,Battle a dragon.,anger
3085,3086,116,51,57,Young love! Ohh how.. stirring. If everything goes unfortunately today you might make the front page.,4,Rita Skeeter,rita skeeter,Young love! Ohh how.. stirring. If everything goes unfortunately today you might make the front page.,surprise
3089,3090,116,51,4,What are you doing here Miss Granger?,4,Albus Dumbledore,albus dumbledore,What are you doing here Miss Granger?,surprise
3090,3091,116,51,3,Oh um.. Sorry I'll just go.,4,Hermione Granger,hermione granger,Oh um.. Sorry I'll just go.,sadness
3094,3095,116,51,33,The chinese fireball. Oooooh.,4,Barty Crouch Sr.,barty crouch sr.,The chinese fireball. Oooooh.,surprise
3097,3098,116,51,33,What's that boy?,4,Barty Crouch Sr.,barty crouch sr.,What's that boy?,surprise
3102,3103,116,51,3,Your wand harry! Your wand!,4,Hermione Granger,hermione granger,Your wand harry! Your wand!,anger
3104,3105,116,39,14,Lose a leg.,4,Fred Weasley,fred weasley,Lose a leg.,sadness
3107,3108,116,39,29,"Go on Harry, what's the clue?",4,Seamus Finnigan,seamus finnigan,"Go on Harry, what's the clue?",anger
3108,3109,116,39,1,Who wants me to open it? You want me to open it?,4,Harry Potter,harry potter,Who wants me to open it? You want me to open it?,surprise
3109,3110,116,39,1,What the bloody hell was that?,4,Harry Potter,harry potter,What the bloody hell was that?,anger
3111,3112,116,39,2,I reckon you'd have to be barking mad to put your own name in the goblet of fire.,4,Ron Weasley,ron weasley,I reckon you'd have to be barking mad to put your own name in the goblet of fire.,anger
3112,3113,116,39,1,Caught on have you. Took you long enough.,4,Harry Potter,harry potter,Caught on have you. Took you long enough.,anger
3114,3115,116,39,1,Brilliant. That makes me feel loads better.,4,Harry Potter,harry potter,Brilliant. That makes me feel loads better.,joy
3116,3117,116,39,1,Hagrid warned me about the dragons.,4,Harry Potter,harry potter,Hagrid warned me about the dragons.,fear
3118,3119,116,39,1,Who could possibly figure that out? That's completely mental.,4,Harry Potter,harry potter,Who could possibly figure that out? That's completely mental.,surprise
3119,3120,116,39,2,Yeah it is isn't it. Suppose I was a bit distraught.,4,Ron Weasley,ron weasley,Yeah it is isn't it. Suppose I was a bit distraught.,fear
3121,3122,116,36,3,Look at this! I can't believe it she's done it again. Miss Granger a plain but ambitious girl seems to be developing a taste for famous wizards. Her latest prey sources report is none other than the Bulgarian bon-bon Viktor Krum. No word yet on how Harry Potter's taking this latest emotional blow.,4,Hermione Granger,hermione granger,Look at this! I can't believe it she's done it again. Miss Granger a plain but ambitious girl seems to be developing a taste for famous wizards. Her latest prey sources report is none other than the Bulgarian bon-bon Viktor Krum. No word yet on how Harry Potter's taking this latest emotional blow.,surprise
3125,3126,116,36,2,I told him I'd get him Harry's autograph. Oh look mum's sent me something. Mum sent me a dress??,4,Ron Weasley,ron weasley,I told him I'd get him Harry's autograph. Oh look mum's sent me something. Mum sent me a dress??,surprise
3128,3129,116,36,20,I'm not wearing that it's ghastly.,4,Ginny Weasley,ginny weasley,I'm not wearing that it's ghastly.,fear
3129,3130,116,36,2,What are you on about?,4,Ron Weasley,ron weasley,What are you on about?,surprise
3131,3132,116,36,2,Dress robes? for what?,4,Ron Weasley,ron weasley,Dress robes? for what?,surprise
3132,3133,117,61,7,"The yule ball has been a tradition of the tri-wizard tournament since its inception. On Christmas eve night we and our guests gather in the great hall for well mannered frivolity. As representitives of the host school I expect each and every one of you to put your best foot forward, and I mean this literally because the yule ball is first and foremost... a dance.",4,Minerva McGonagall,minerva mcgonagall,"The yule ball has been a tradition of the tri-wizard tournament since its inception. On Christmas eve night we and our guests gather in the great hall for well mannered frivolity. As representitives of the host school I expect each and every one of you to put your best foot forward, and I mean this literally because the yule ball is first and foremost... a dance.",joy
3136,3137,117,61,2,Something's about to burst out of Hilary but I don't think it's a swan.,4,Ron Weasley,ron weasley,Something's about to burst out of Hilary but I don't think it's a swan.,anger
3138,3139,117,61,7,"Now, place your right hand on my waist.",4,Minerva McGonagall,minerva mcgonagall,"Now, place your right hand on my waist.",anger
3141,3142,117,61,7,Now bend your arm. Mr Filch...,4,Minerva McGonagall,minerva mcgonagall,Now bend your arm. Mr Filch...,anger
3143,3144,117,61,1,Oi! Never gonna let him forget this are you?,4,Harry Potter,harry potter,Oi! Never gonna let him forget this are you?,surprise
3148,3149,118,36,1,Why do they always have to travel in packs? How are you supposed to get one alone to ask them...,4,Harry Potter,harry potter,Why do they always have to travel in packs? How are you supposed to get one alone to ask them...,surprise
3151,3152,118,36,5,"I take after my mum. Though I didn't know her very well, she left when I was about three. No, not the maternal sort her, broke my dad's heart though. You know he was a tiny little fellow my dad, I could pick him up with one hand by the age of six and put him up in the dresser.",4,Rubeus Hagrid,rubeus hagrid,"I take after my mum. Though I didn't know her very well, she left when I was about three. No, not the maternal sort her, broke my dad's heart though. You know he was a tiny little fellow my dad, I could pick him up with one hand by the age of six and put him up in the dresser.",sadness
3152,3153,118,36,5,"And then he died when I was still in school. So I had to make me own way as it were. But enough of me, what about you!",4,Rubeus Hagrid,rubeus hagrid,"And then he died when I was still in school. So I had to make me own way as it were. But enough of me, what about you!",surprise
3153,3154,118,36,2,This is mad. At this rate we'll be the only ones in our year without dates.,4,Ron Weasley,ron weasley,This is mad. At this rate we'll be the only ones in our year without dates.,anger
3154,3155,118,36,2,"Well, us and Neville!",4,Ron Weasley,ron weasley,"Well, us and Neville!",anger
3157,3158,118,36,2,Now I'm really depressed.,4,Ron Weasley,ron weasley,Now I'm really depressed.,sadness
3160,3161,118,36,2,Come on. It's one thing for a bloke to show up alone. For a girl it's just sad.,4,Ron Weasley,ron weasley,Come on. It's one thing for a bloke to show up alone. For a girl it's just sad.,sadness
3162,3163,118,36,2,Bloody hell.,4,Ron Weasley,ron weasley,Bloody hell.,anger
3163,3164,118,36,2,"Look. We've just got to grit our teeth and do it. Tonight when we get back to the common room, we'll both have partners. Agreed?",4,Ron Weasley,ron weasley,"Look. We've just got to grit our teeth and do it. Tonight when we get back to the common room, we'll both have partners. Agreed?",anger
3165,3166,118,47,55,Harry!,4,Cho Chang,cho chang,Harry!,surprise
3166,3167,118,47,1,Cho!,4,Harry Potter,harry potter,Cho!,anger
3169,3170,118,47,55,Yes?,4,Cho Chang,cho chang,Yes?,surprise
3170,3171,118,47,1,Um.  I just wondered if maybe you wanted to go to the ball with me?,4,Harry Potter,harry potter,Um.  I just wondered if maybe you wanted to go to the ball with me?,surprise
3171,3172,118,47,55,Sorry? I didn't catch that.,4,Cho Chang,cho chang,Sorry? I didn't catch that.,surprise
3172,3173,118,47,1,Um. I was just wondering if maybe you wanted to go to the ball with me.,4,Harry Potter,harry potter,Um. I was just wondering if maybe you wanted to go to the ball with me.,surprise
3173,3174,118,47,55,Oh. Um. Harry I'm sorry but someone's already asked me. And well I've said I'll go with him.,4,Cho Chang,cho chang,Oh. Um. Harry I'm sorry but someone's already asked me. And well I've said I'll go with him.,sadness
3174,3175,118,47,1,Ok. Great. Fine. No problem. Good.,4,Harry Potter,harry potter,Ok. Great. Fine. No problem. Good.,joy
3175,3176,118,47,55,Harry I really am sorry.,4,Cho Chang,cho chang,Harry I really am sorry.,sadness
3176,3177,118,39,1,What happened to you?,4,Harry Potter,harry potter,What happened to you?,surprise
3178,3179,118,39,3,What?,4,Hermione Granger,hermione granger,What?,surprise
3179,3180,118,39,1,What did she say?,4,Harry Potter,harry potter,What did she say?,surprise
3181,3182,118,39,3,She said yes??,4,Hermione Granger,hermione granger,She said yes??,surprise
3182,3183,118,39,1,Don't be silly.,4,Harry Potter,harry potter,Don't be silly.,anger
3184,3185,118,39,131,"Actually he sort of screamed at her, it was a bit frightening.",4,Gang thug,gang thug,"Actually he sort of screamed at her, it was a bit frightening.",fear
3185,3186,118,39,1,What did you do then?,4,Harry Potter,harry potter,What did you do then?,surprise
3186,3187,118,39,2,What else? I ran for it. I'm not cut out for this Harry. I don't know what got into me.,4,Ron Weasley,ron weasley,What else? I ran for it. I'm not cut out for this Harry. I don't know what got into me.,surprise
3189,3190,118,39,1,Hey!,4,Harry Potter,harry potter,Hey!,joy
3190,3191,119,36,2,Bloody hell.,4,Ron Weasley,ron weasley,Bloody hell.,anger
3192,3193,119,36,1,My dress robes.,4,Harry Potter,harry potter,My dress robes.,joy
3195,3196,119,36,2,Traditional?? They're ancient! I look like my great aunt Tessie.,4,Ron Weasley,ron weasley,Traditional?? They're ancient! I look like my great aunt Tessie.,surprise
3196,3197,119,36,2,I smell like my great aunt Tessie. Murder me Harry.,4,Ron Weasley,ron weasley,I smell like my great aunt Tessie. Murder me Harry.,fear
3198,3199,119,36,2,"Poor kid, bet she's alone in her room crying her eyes out.",4,Ron Weasley,ron weasley,"Poor kid, bet she's alone in her room crying her eyes out.",sadness
3199,3200,119,36,1,Who?,4,Harry Potter,harry potter,Who?,surprise
3200,3201,119,36,2,"Hermione of course. Come on Harry, why'd you think she wouldn't tell us who she's coming with?",4,Ron Weasley,ron weasley,"Hermione of course. Come on Harry, why'd you think she wouldn't tell us who she's coming with?",surprise
3201,3202,119,36,1,Because we'd take the mickey out of her if she did.,4,Harry Potter,harry potter,Because we'd take the mickey out of her if she did.,anger
3203,3204,119,36,78,Hello boys. Don't you look...,4,Parvati Patil,parvati patil,Hello boys. Don't you look...,anger
3212,3213,119,36,101,Is that Hermione Granger? With Viktor Krum??,4,Padma Patil,padma patil,Is that Hermione Granger? With Viktor Krum??,surprise
3214,3215,119,36,78,Harry. Take my waist.,4,Parvati Patil,parvati patil,Harry. Take my waist.,anger
3215,3216,119,36,1,What?,4,Harry Potter,harry potter,What?,surprise
3218,3219,119,36,2,"No, we'd NOT care to join you and Viktor.",4,Ron Weasley,ron weasley,"No, we'd NOT care to join you and Viktor.",anger
3219,3220,119,36,3,What's got your wand in a knot?,4,Hermione Granger,hermione granger,What's got your wand in a knot?,surprise
3226,3227,119,36,3,How dare you! Besides I can take care of myself.,4,Hermione Granger,hermione granger,How dare you! Besides I can take care of myself.,anger
3228,3229,119,36,3,What? What? That's what you think?,4,Hermione Granger,hermione granger,What? What? That's what you think?,surprise
3231,3232,119,36,2,Go on.,4,Ron Weasley,ron weasley,Go on.,anger
3234,3235,119,36,3,Where have you been? Nevermind! Off to bed both of you.,4,Hermione Granger,hermione granger,Where have you been? Nevermind! Off to bed both of you.,anger
3235,3236,119,36,2,They get scary when they get older.,4,Ron Weasley,ron weasley,They get scary when they get older.,fear
3236,3237,119,36,3,Ron you spoil everything!,4,Hermione Granger,hermione granger,Ron you spoil everything!,joy
3238,3239,119,39,9,"Ah yes, the time is close now. Harry! At last! Step aside Wormtail so I can give our guest a proper greeting!",4,Voldemort,voldemort,"Ah yes, the time is close now. Harry! At last! Step aside Wormtail so I can give our guest a proper greeting!",joy
3239,3240,119,39,10,You alright Harry? I just got in. Me!,4,Neville Longbottom,neville longbottom,You alright Harry? I just got in. Me!,anger
3241,3242,120,29,1,Really? I had no idea. I suppose Viktor's already figured it out.,4,Harry Potter,harry potter,Really? I had no idea. I suppose Viktor's already figured it out.,surprise
3243,3244,120,29,1,What's that supposed to mean?,4,Harry Potter,harry potter,What's that supposed to mean?,surprise
3244,3245,120,29,3,"I mean these tasks are supposed to test you, in the most brutal way they're almost cruel. And um, I'm scared for you. You got by the dragon mostly on nerve, I'm not sure it's going to be enough this time.",4,Hermione Granger,hermione granger,"I mean these tasks are supposed to test you, in the most brutal way they're almost cruel. And um, I'm scared for you. You got by the dragon mostly on nerve, I'm not sure it's going to be enough this time.",fear
3245,3246,120,29,36,Hey Potter.,4,Cedric Diggory,cedric diggory,Hey Potter.,joy
3247,3248,120,29,36,How are you?,4,Cedric Diggory,cedric diggory,How are you?,surprise
3248,3249,120,29,1,Spectacular.,4,Harry Potter,harry potter,Spectacular.,joy
3249,3250,120,29,36,Look I realise I never really thanked you properly for tipping me off about those dragons.,4,Cedric Diggory,cedric diggory,Look I realise I never really thanked you properly for tipping me off about those dragons.,surprise
3253,3254,120,50,1,I must be out of my mind.,4,Harry Potter,harry potter,I must be out of my mind.,sadness
3262,3263,120,50,1,"Myrtle, there aren't Merpeople in the black lake are there?",4,Harry Potter,harry potter,"Myrtle, there aren't Merpeople in the black lake are there?",surprise
3263,3264,120,50,39,"Ahhh, very good. Took Cedric ages to riddle it out. Almost all the bubbles were gone...",4,Moaning Myrtle,moaning myrtle,"Ahhh, very good. Took Cedric ages to riddle it out. Almost all the bubbles were gone...",joy
3271,3272,120,44,13,"Hate to break up this scholar session but Professor McGonagall would like to see you in her office. Not you Potter, just Weasly and Granger.",4,Alastor Moody,alastor moody,"Hate to break up this scholar session but Professor McGonagall would like to see you in her office. Not you Potter, just Weasly and Granger.",anger
3273,3274,120,44,13,Exactly. Presumably Potter is well prepared by now and could do with a good night's sleep. Go. Now! Longbottom!,4,Alastor Moody,alastor moody,Exactly. Presumably Potter is well prepared by now and could do with a good night's sleep. Go. Now! Longbottom!,anger
3274,3275,120,44,13,Why don't you help Potter put his books back.,4,Alastor Moody,alastor moody,Why don't you help Potter put his books back.,anger
3276,3277,120,44,1,"Neville. No offense, but I really don't care about plants. Now if there's a Tibetan turnip that will allow me to breathe underwater for an hour then great.",4,Harry Potter,harry potter,"Neville. No offense, but I really don't care about plants. Now if there's a Tibetan turnip that will allow me to breathe underwater for an hour then great.",anger
3284,3285,121,37,1,You're telling me this now? You must be joking.,4,Harry Potter,harry potter,You're telling me this now? You must be joking.,surprise
3288,3289,121,37,1,Do I?,4,Harry Potter,harry potter,Do I?,surprise
3291,3292,121,37,4,You may begin at the start of the cannon.,4,Albus Dumbledore,albus dumbledore,You may begin at the start of the cannon.,fear
3292,3293,121,37,29,What's the matter with him?,4,Seamus Finnigan,seamus finnigan,What's the matter with him?,anger
3293,3294,121,37,75,I don't know I can't see him.,4,Dean Thomas,dean thomas,I don't know I can't see him.,surprise
3294,3295,121,37,10,Oh my god I've killed Harry Potter!,4,Neville Longbottom,neville longbottom,Oh my god I've killed Harry Potter!,surprise
3295,3296,121,37,4,The Beauxbatons champion Miss Delacour has unfortunately been forced to retire. She will take no further part in this task.,4,Albus Dumbledore,albus dumbledore,The Beauxbatons champion Miss Delacour has unfortunately been forced to retire. She will take no further part in this task.,sadness
3296,3297,121,37,1,But she's my friend too!,4,Harry Potter,harry potter,But she's my friend too!,surprise
3298,3299,121,37,4,Harry!,4,Albus Dumbledore,albus dumbledore,Harry!,surprise
3301,3302,121,37,81,"You saved her, even though she wasn't yours to save. My little sister!",4,Fleur Delacour,fleur delacour,"You saved her, even though she wasn't yours to save. My little sister!",anger
3302,3303,121,37,81,Thank you! And you... . You helped!,4,Fleur Delacour,fleur delacour,Thank you! And you... . You helped!,joy
3305,3306,121,37,3,Harry!,4,Hermione Granger,hermione granger,Harry!,surprise
3307,3308,121,37,3,Are you alright? You must be freezing! Personally I think you behaved admirably.,4,Hermione Granger,hermione granger,Are you alright? You must be freezing! Personally I think you behaved admirably.,joy
3310,3311,121,37,4,Attention! Attention! The winner is... Mr Diggory!,4,Albus Dumbledore,albus dumbledore,Attention! Attention! The winner is... Mr Diggory!,joy
3312,3313,121,37,14,All that moral fibre eh?,4,Fred Weasley,fred weasley,All that moral fibre eh?,surprise
3315,3316,122,37,33,"Congratulations Potter, fine achievement. Well done boy. I'm sorry we haven't spoken, after all your story is one I've heard many times. Quite remarkable. Tragic of course, to lose one's family. Never whole again are we? Still, life goes on. And here we stand. I'm sure your parents would be very proud today Potter.",4,Barty Crouch Sr.,barty crouch sr.,"Congratulations Potter, fine achievement. Well done boy. I'm sorry we haven't spoken, after all your story is one I've heard many times. Quite remarkable. Tragic of course, to lose one's family. Never whole again are we? Still, life goes on. And here we stand. I'm sure your parents would be very proud today Potter.",sadness
3316,3317,122,37,13,Bartimus! Not trying to lure Potter into one of the ministry's summer internships are we? Last boy who went into the department of ministries never came out!,4,Alastor Moody,alastor moody,Bartimus! Not trying to lure Potter into one of the ministry's summer internships are we? Last boy who went into the department of ministries never came out!,surprise
3317,3318,122,37,13,And they say I'm mad.,4,Alastor Moody,alastor moody,And they say I'm mad.,anger
3320,3321,122,37,5,"Maybe. But we've all got each other, and Harry of course. Soon to be! The youngest! Tri-Wizard champion there's ever been! Hooray!",4,Rubeus Hagrid,rubeus hagrid,"Maybe. But we've all got each other, and Harry of course. Soon to be! The youngest! Tri-Wizard champion there's ever been! Hooray!",joy
3321,3322,122,37,1,Mr Crouch?,4,Harry Potter,harry potter,Mr Crouch?,surprise
3322,3323,123,41,4,"A man has died here. And he won't be the last, you must take action.",4,Albus Dumbledore,albus dumbledore,"A man has died here. And he won't be the last, you must take action.",sadness
3327,3328,123,41,17,What did you say? What did you say to me?,4,Cornelius Fudge,cornelius fudge,What did you say? What did you say to me?,surprise
3329,3330,123,41,17,Harry! Harry how good to see you again.,4,Cornelius Fudge,cornelius fudge,Harry! Harry how good to see you again.,joy
3333,3334,123,48,1,Professor?,4,Harry Potter,harry potter,Professor?,surprise
3336,3337,123,48,33,What do you wish to present?,4,Barty Crouch Sr.,barty crouch sr.,What do you wish to present?,sadness
3338,3339,123,48,33,Mr Rosier is dead.,4,Barty Crouch Sr.,barty crouch sr.,Mr Rosier is dead.,sadness
3339,3340,123,48,49,Dead?,4,Igor Karkaroff,igor karkaroff,Dead?,surprise
3341,3342,123,48,49,I didn't know.,4,Igor Karkaroff,igor karkaroff,I didn't know.,surprise
3343,3344,123,48,49,"No! No! There was Rookwood, he was a spy.",4,Igor Karkaroff,igor karkaroff,"No! No! There was Rookwood, he was a spy.",anger
3344,3345,123,48,33,Augustus Rookwood? Of the department of ministries.,4,Barty Crouch Sr.,barty crouch sr.,Augustus Rookwood? Of the department of ministries.,surprise
3347,3348,123,48,49,"NO! WAIT! PLEASE! I have more. Snape, Severus Snape.",4,Igor Karkaroff,igor karkaroff,"NO! WAIT! PLEASE! I have more. Snape, Severus Snape.",surprise
3350,3351,123,48,33,Silence!,4,Barty Crouch Sr.,barty crouch sr.,Silence!,anger
3351,3352,123,48,33,Unless the witness possesses any name of genuine consequence this session is now concluded.,4,Barty Crouch Sr.,barty crouch sr.,Unless the witness possesses any name of genuine consequence this session is now concluded.,anger
3353,3354,123,48,33,What's that?,4,Barty Crouch Sr.,barty crouch sr.,What's that?,surprise
3355,3356,123,48,33,Yes?,4,Barty Crouch Sr.,barty crouch sr.,Yes?,surprise
3358,3359,123,48,49,Barty Crouch! ... Junior.,4,Igor Karkaroff,igor karkaroff,Barty Crouch! ... Junior.,joy
3359,3360,123,48,89,Get your hands off me you pathetic little men. Hello father.,4,Barty Crouch Jr.,barty crouch jr.,Get your hands off me you pathetic little men. Hello father.,anger
3361,3362,124,41,4,"Curiosity's not a sin Harry, but you should exercise caution. It's a pensieve, useful if like me you find your mind a wee bit stretched. It allows me to see what small things I've already seen. You see Harry I've searched and searched for something, some small detail. Something I might have overlooked, something that would explain why these terrible things have happened. Every time I get close to an answer it slips away, it's maddedning.",4,Albus Dumbledore,albus dumbledore,"Curiosity's not a sin Harry, but you should exercise caution. It's a pensieve, useful if like me you find your mind a wee bit stretched. It allows me to see what small things I've already seen. You see Harry I've searched and searched for something, some small detail. Something I might have overlooked, something that would explain why these terrible things have happened. Every time I get close to an answer it slips away, it's maddedning.",fear
3363,3364,124,41,4,"He was sent to Azkaban. Destroyed Barty to do it. But he had no choice, the evidence was overwhelming. Why do you ask?",4,Albus Dumbledore,albus dumbledore,"He was sent to Azkaban. Destroyed Barty to do it. But he had no choice, the evidence was overwhelming. Why do you ask?",anger
3365,3366,124,41,4,Have there been other dreams like this?,4,Albus Dumbledore,albus dumbledore,Have there been other dreams like this?,surprise
3366,3367,124,41,1,"Yes. Always the same one. Sir... these dreams, what I see, you don't think it's actually happening do you?",4,Harry Potter,harry potter,"Yes. Always the same one. Sir... these dreams, what I see, you don't think it's actually happening do you?",surprise
3368,3369,124,41,4,Cast them away.,4,Albus Dumbledore,albus dumbledore,Cast them away.,anger
3370,3371,124,28,6,"Potter! What's your hurry? Congratulations, your performance in the black lake was inspiring. Gilliweed, am I correct?",4,Severus Snape,severus snape,"Potter! What's your hurry? Congratulations, your performance in the black lake was inspiring. Gilliweed, am I correct?",surprise
3374,3375,124,28,6,"Veritaserum. Three drops of this and you-know-who himself will spill his darkest secrets. The use of this on a student is regrettably forbidden, however should you ever steal from my personal stores again, my hand might just slip over your morning pumpkin juice.",4,Severus Snape,severus snape,"Veritaserum. Three drops of this and you-know-who himself will spill his darkest secrets. The use of this on a student is regrettably forbidden, however should you ever steal from my personal stores again, my hand might just slip over your morning pumpkin juice.",sadness
3383,3384,125,62,1,Fleur? Fleur!,4,Harry Potter,harry potter,Fleur? Fleur!,surprise
3384,3385,125,62,36,Get down!,4,Cedric Diggory,cedric diggory,Get down!,anger
3385,3386,125,62,1,No stop! He's bewitched Cedric.,4,Harry Potter,harry potter,No stop! He's bewitched Cedric.,anger
3386,3387,125,62,36,Get off me!,4,Cedric Diggory,cedric diggory,Get off me!,anger
3388,3389,125,62,36,Harry! Harry!,4,Cedric Diggory,cedric diggory,Harry! Harry!,surprise
3393,3394,125,62,36,"Go. Take it, you saved me!",4,Cedric Diggory,cedric diggory,"Go. Take it, you saved me!",anger
3394,3395,125,62,1,"Together, on three. One, two, three!",4,Harry Potter,harry potter,"Together, on three. One, two, three!",joy
3395,3396,126,14,36,You ok?,4,Cedric Diggory,cedric diggory,You ok?,anger
3396,3397,126,14,1,"Yeah, you?",4,Harry Potter,harry potter,"Yeah, you?",surprise
3400,3401,126,14,1,"I've been here before in a dream. Cedric, we have to get back to the cup? Now!",4,Harry Potter,harry potter,"I've been here before in a dream. Cedric, we have to get back to the cup? Now!",surprise
3401,3402,126,14,36,What are you talking about?,4,Cedric Diggory,cedric diggory,What are you talking about?,surprise
3402,3403,126,14,36,What is it?,4,Cedric Diggory,cedric diggory,What is it?,surprise
3403,3404,126,14,1,Get back to the cup!,4,Harry Potter,harry potter,Get back to the cup!,anger
3404,3405,126,14,36,Who are you? What do you want?,4,Cedric Diggory,cedric diggory,Who are you? What do you want?,surprise
3406,3407,126,14,1,Cedric!,4,Harry Potter,harry potter,Cedric!,joy
3407,3408,126,14,9,"Do it, now!",4,Voldemort,voldemort,"Do it, now!",anger
3411,3412,126,14,44,The dark lord shall rise again.,4,Peter Pettigrew,peter pettigrew,The dark lord shall rise again.,fear
3413,3414,126,14,9,Hold out your arm.,4,Voldemort,voldemort,Hold out your arm.,anger
3414,3415,126,14,44,Master. Thank you master.,4,Peter Pettigrew,peter pettigrew,Master. Thank you master.,joy
3416,3417,127,14,9,"Welcome my friends. Thirty years it's been, and yet you stand before me as though it were only yesterday. I confess myself disappointed, not one of you tried to find me.",4,Voldemort,voldemort,"Welcome my friends. Thirty years it's been, and yet you stand before me as though it were only yesterday. I confess myself disappointed, not one of you tried to find me.",sadness
3418,3419,127,14,23,My lord. Had I detected any sign or even a whisper of your whereabouts.,4,Lucius Malfoy,lucius malfoy,My lord. Had I detected any sign or even a whisper of your whereabouts.,surprise
3422,3423,127,14,9,"Out of fear, not loyalty. Still you have proved yourself useful these past few months Wormtail.",4,Voldemort,voldemort,"Out of fear, not loyalty. Still you have proved yourself useful these past few months Wormtail.",fear
3424,3425,127,14,9,"Oh, such a handsome boy.",4,Voldemort,voldemort,"Oh, such a handsome boy.",joy
3425,3426,127,14,1,Don't touch him.,4,Harry Potter,harry potter,Don't touch him.,fear
3426,3427,127,14,9,"Harry! I'd almost forgotten you were here. Standing on the bones of my father. I'd introduce you but word has it you're almost as famous as me these days. The boy who lived. How lies have fed your legend Harry. Shall I reveal what really happened that night thirteen years ago? Shall I divulge how I truly lost my powers? It was love. You see when dear sweet Lily Potter gave her life for her only son she provided the ultimate protection. I could not touch you. It was old magic, something I should have forseen. But no matter, no matter. Things have changed, I can touch you now!",4,Voldemort,voldemort,"Harry! I'd almost forgotten you were here. Standing on the bones of my father. I'd introduce you but word has it you're almost as famous as me these days. The boy who lived. How lies have fed your legend Harry. Shall I reveal what really happened that night thirteen years ago? Shall I divulge how I truly lost my powers? It was love. You see when dear sweet Lily Potter gave her life for her only son she provided the ultimate protection. I could not touch you. It was old magic, something I should have forseen. But no matter, no matter. Things have changed, I can touch you now!",surprise
3427,3428,127,14,9,"Astonishing what a few drops of your blood will do eh Harry? Pick up your wand Potter. I said pick it up, get up. Get up! You've been taught how to duel I presume yes? First we bow to each other. Come on now Harry the niceties must be observed, Dumbledore would not want you to forget your manners now would he? I said bow!",4,Voldemort,voldemort,"Astonishing what a few drops of your blood will do eh Harry? Pick up your wand Potter. I said pick it up, get up. Get up! You've been taught how to duel I presume yes? First we bow to each other. Come on now Harry the niceties must be observed, Dumbledore would not want you to forget your manners now would he? I said bow!",anger
3429,3430,127,14,9,"Atta boy Harry, your parents would be proud. Especially your filthy mongrel mother. I'm going to kill you Harry Potter, I'm going to destroy you. After tonight no one will ever again question my powers. After tonight if they speak of you they'll speak only of how you begged for death, and I being a merciful lord obliged. Get up.",4,Voldemort,voldemort,"Atta boy Harry, your parents would be proud. Especially your filthy mongrel mother. I'm going to kill you Harry Potter, I'm going to destroy you. After tonight no one will ever again question my powers. After tonight if they speak of you they'll speak only of how you begged for death, and I being a merciful lord obliged. Get up.",anger
3430,3431,127,14,9,"Don't you turn your back on me Harry Potter I want you to look at me when I kill you, I want to see the lights leave your eyes.",4,Voldemort,voldemort,"Don't you turn your back on me Harry Potter I want you to look at me when I kill you, I want to see the lights leave your eyes.",fear
3432,3433,127,14,9,Do nothing. He is mine to finish. He's mine!,4,Voldemort,voldemort,Do nothing. He is mine to finish. He's mine!,anger
3434,3435,128,14,36,Harry take my body back will you? Take my body back to my father.,4,Cedric Diggory,cedric diggory,Harry take my body back will you? Take my body back to my father.,anger
3435,3436,128,14,45,Let go. Sweetheart you're ready. Let go! Let go!,4,Lily Potter,lily potter,Let go. Sweetheart you're ready. Let go! Let go!,anger
3436,3437,128,14,9,No!,4,Voldemort,voldemort,No!,anger
3437,3438,128,62,4,Harry! Harry!,4,Albus Dumbledore,albus dumbledore,Harry! Harry!,surprise
3438,3439,128,62,4,Tell me what happened!,4,Albus Dumbledore,albus dumbledore,Tell me what happened!,surprise
3439,3440,128,62,1,"He's back, he's back! Voldemort's back. Cedric, he asked me to bring his body back. I couldn't leave him, not there.",4,Harry Potter,harry potter,"He's back, he's back! Voldemort's back. Cedric, he asked me to bring his body back. I couldn't leave him, not there.",anger
3442,3443,128,62,67,Let me through! That's my son! My boy!,4,Amos Diggory,amos diggory,Let me through! That's my son! My boy!,joy
3444,3445,129,30,13,Does it hurt?,4,Alastor Moody,alastor moody,Does it hurt?,sadness
3449,3450,129,30,1,Who?,4,Harry Potter,harry potter,Who?,surprise
3450,3451,129,30,13,The dark lord. What was it like to stand in his presence?,4,Alastor Moody,alastor moody,The dark lord. What was it like to stand in his presence?,fear
3451,3452,129,30,1,I dunno. It was like I'd fallen into one of my dreams. One of my nightmares.,4,Harry Potter,harry potter,I dunno. It was like I'd fallen into one of my dreams. One of my nightmares.,fear
3454,3455,129,30,13,Marvellous creatures dragons aren't they? Do you think that miserable oaf would have led you into the woods if I hadn't suggested it? Do you think Cedric Diggory would have told you to hold the egg under the water if I hadn't have told him first myself? Do you think Neville Longbottom the witless wonder could have provided you with gilliweed if I hadn't have given him the book that led you straight to it? Huh??,4,Alastor Moody,alastor moody,Marvellous creatures dragons aren't they? Do you think that miserable oaf would have led you into the woods if I hadn't suggested it? Do you think Cedric Diggory would have told you to hold the egg under the water if I hadn't have told him first myself? Do you think Neville Longbottom the witless wonder could have provided you with gilliweed if I hadn't have given him the book that led you straight to it? Huh??,sadness
3458,3459,129,30,4,Do you know who I am?,4,Albus Dumbledore,albus dumbledore,Do you know who I am?,surprise
3460,3461,129,30,4,Are you Alastor Moody? Are ya?,4,Albus Dumbledore,albus dumbledore,Are you Alastor Moody? Are ya?,surprise
3462,3463,129,30,4,Is he in this room? Is he in this room?,4,Albus Dumbledore,albus dumbledore,Is he in this room? Is he in this room?,surprise
3463,3464,129,30,4,Harry get away from there!,4,Albus Dumbledore,albus dumbledore,Harry get away from there!,anger
3465,3466,129,30,13,I'm sorry Albus.,4,Alastor Moody,alastor moody,I'm sorry Albus.,sadness
3466,3467,129,30,1,"That's Moody, but then who's...?",4,Harry Potter,harry potter,"That's Moody, but then who's...?",surprise
3468,3469,129,30,4,Now we know who's been stealing it from your store Severus.,4,Albus Dumbledore,albus dumbledore,Now we know who's been stealing it from your store Severus.,anger
3475,3476,129,30,89,I'll be welcomed back like a hero.,4,Barty Crouch Jr.,barty crouch jr.,I'll be welcomed back like a hero.,joy
3477,3478,130,36,4,"Today we acknowledge a really terrible loss. Cedric Diggory was as you all know, exceptionally hard working, intricately fair minded. And most importantly a fierce fierce friend. I think therefore you have the right to know exactly how he died. You see, Cedric Diggory was murdered by Lord Voldemort. The ministry of magic does not wish me to tell you this. But not to do so I think would be an insult to his memory. Now the pain we all feel at this dreadful loss reminds me, reminds us that while we may come from different places and speak in different tongues, our hearts beat as one. In light of recent events the bonds of friendship we made this year will be more important than ever. Remember that and Cedric Diggory will not have died in vain, you remember that. And we'll celebrate a boy who was kind and honest and brave and true right to the very end.",4,Albus Dumbledore,albus dumbledore,"Today we acknowledge a really terrible loss. Cedric Diggory was as you all know, exceptionally hard working, intricately fair minded. And most importantly a fierce fierce friend. I think therefore you have the right to know exactly how he died. You see, Cedric Diggory was murdered by Lord Voldemort. The ministry of magic does not wish me to tell you this. But not to do so I think would be an insult to his memory. Now the pain we all feel at this dreadful loss reminds me, reminds us that while we may come from different places and speak in different tongues, our hearts beat as one. In light of recent events the bonds of friendship we made this year will be more important than ever. Remember that and Cedric Diggory will not have died in vain, you remember that. And we'll celebrate a boy who was kind and honest and brave and true right to the very end.",fear
3478,3479,130,39,4,"I never liked these curtains. Set them on fire in my fourth year, by accident of course. I put you in terrible danger this year Harry I'm sorry.",4,Albus Dumbledore,albus dumbledore,"I never liked these curtains. Set them on fire in my fourth year, by accident of course. I put you in terrible danger this year Harry I'm sorry.",fear
3479,3480,130,39,1,"Professor, when I was in the graveyard there was a moment... um... when Voldemort's wand and mine sort of connected.",4,Harry Potter,harry potter,"Professor, when I was in the graveyard there was a moment... um... when Voldemort's wand and mine sort of connected.",fear
3480,3481,130,39,4,Priori Incantatem. You saw your parents that night didn't you? They reappeared.,4,Albus Dumbledore,albus dumbledore,Priori Incantatem. You saw your parents that night didn't you? They reappeared.,surprise
3481,3482,130,39,4,"No spell can reawaken the dead Harry I trust you know that. Dark and diffiult times lie ahead. Soon we must all face the choice between what is right what is easy. But remember this, you have friends here. You're not alone.",4,Albus Dumbledore,albus dumbledore,"No spell can reawaken the dead Harry I trust you know that. Dark and diffiult times lie ahead. Soon we must all face the choice between what is right what is easy. But remember this, you have friends here. You're not alone.",fear
3483,3484,130,58,3,Bye.,4,Hermione Granger,hermione granger,Bye.,joy
3484,3485,130,58,81,Au revoir Ron.,4,Fleur Delacour,fleur delacour,Au revoir Ron.,joy
3491,3492,130,58,2,Well I won't. You know I won't!,4,Ron Weasley,ron weasley,Well I won't. You know I won't!,anger
3492,3493,130,58,3,Harry will won't you?,4,Hermione Granger,hermione granger,Harry will won't you?,anger
3493,3494,131,11,31,"Oh, it's you.",5,Dudley Dursley,dudley dursley,"Oh, it's you.",surprise
3494,3495,131,11,148,"What should we do with him, Big D?",5,Howler,howler,"What should we do with him, Big D?",fear
3496,3497,131,11,31,Shut up!,5,Dudley Dursley,dudley dursley,Shut up!,anger
3498,3499,131,11,1,What?,5,Harry Potter,harry potter,What?,surprise
3499,3500,131,11,88,"You boys go home now, or I'll be calling your parents!",5,Arabella Figg,arabella figg,"You boys go home now, or I'll be calling your parents!",anger
3500,3501,131,11,31,"I heard you talking in your sleep, last night. Crying. ""No, don't kill Cedric, don't kill Cedric! Dad, help me, heeelp me! He's going to kill me! Boo-hoo!""",5,Dudley Dursley,dudley dursley,"I heard you talking in your sleep, last night. Crying. ""No, don't kill Cedric, don't kill Cedric! Dad, help me, heeelp me! He's going to kill me! Boo-hoo!""",anger
3501,3502,131,11,1,"Shut up, Dudley. I'm warning you...",5,Harry Potter,harry potter,"Shut up, Dudley. I'm warning you...",anger
3502,3503,131,11,31,Why should I?,5,Dudley Dursley,dudley dursley,Why should I?,anger
3503,3504,131,11,1,Because if you don't I'll turn you into the idiot pig you are!,5,Harry Potter,harry potter,Because if you don't I'll turn you into the idiot pig you are!,anger
3504,3505,131,11,1,"Not so brave now, are you Duddykins? Now tell your little friends to go away.",5,Harry Potter,harry potter,"Not so brave now, are you Duddykins? Now tell your little friends to go away.",fear
3505,3506,131,11,31,G-go home!,5,Dudley Dursley,dudley dursley,G-go home!,anger
3506,3507,131,11,148,What?,5,Howler,howler,What?,surprise
3507,3508,131,11,31,Get out of here!,5,Dudley Dursley,dudley dursley,Get out of here!,anger
3508,3509,131,11,1,Don't you ever speak about that again. You understand?,5,Harry Potter,harry potter,Don't you ever speak about that again. You understand?,anger
3509,3510,131,11,31,Don't point that thing at me!,5,Dudley Dursley,dudley dursley,Don't point that thing at me!,anger
3510,3511,131,11,1,"I said, DO YOU UNDERSTAND? !",5,Harry Potter,harry potter,"I said, DO YOU UNDERSTAND? !",anger
3511,3512,131,11,31,What's happening?,5,Dudley Dursley,dudley dursley,What's happening?,surprise
3513,3514,131,11,1,Dudley! Run!,5,Harry Potter,harry potter,Dudley! Run!,joy
3514,3515,131,11,1,"Come on! They break into a run. A dementor drifts into the alleyway in front of them. Skidding to a stop, Harry turns around, to find the other dementor cutting off the way back.",5,Harry Potter,harry potter,"Come on! They break into a run. A dementor drifts into the alleyway in front of them. Skidding to a stop, Harry turns around, to find the other dementor cutting off the way back.",fear
3515,3516,131,11,1,"Dudley, no!",5,Harry Potter,harry potter,"Dudley, no!",anger
3516,3517,131,11,1,Lumos!,5,Harry Potter,harry potter,Lumos!,surprise
3517,3518,131,11,1,"""Expecto Patronum!'",5,Harry Potter,harry potter,"""Expecto Patronum!'",anger
3518,3519,131,11,9,"Bow to death, Harry...",5,Voldemort,voldemort,"Bow to death, Harry...",sadness
3519,3520,131,11,45,Haaaaaaaarry!...,5,Lily Potter,lily potter,Haaaaaaaarry!...,joy
3523,3524,131,8,32,"What happened, Duddikins?",5,Petunia Dursley,petunia dursley,"What happened, Duddikins?",surprise
3525,3526,131,8,32,They didn't--?,5,Petunia Dursley,petunia dursley,They didn't--?,surprise
3527,3528,131,8,21,I want some answers!,5,Vernon Dursley,vernon dursley,I want some answers!,anger
3528,3529,131,8,1,We were attacked.,5,Harry Potter,harry potter,We were attacked.,fear
3529,3530,131,8,21,By those...things?,5,Vernon Dursley,vernon dursley,By those...things?,surprise
3531,3532,131,8,21,How do you know that?,5,Vernon Dursley,vernon dursley,How do you know that?,surprise
3532,3533,131,8,21,"Fought 'em off, eh, Dud? Gave 'em the ol' one-two?",5,Vernon Dursley,vernon dursley,"Fought 'em off, eh, Dud? Gave 'em the ol' one-two?",anger
3534,3535,131,8,21,Why is he all right then?,5,Vernon Dursley,vernon dursley,Why is he all right then?,surprise
3536,3537,132,8,1,Lumos!,5,Harry Potter,harry potter,Lumos!,surprise
3537,3538,132,8,21,Who are all you lot?,5,Vernon Dursley,vernon dursley,Who are all you lot?,surprise
3540,3541,132,8,1,What are you doing here?,5,Harry Potter,harry potter,What are you doing here?,surprise
3542,3543,132,8,1,How'd he know? It just happened!,5,Harry Potter,harry potter,How'd he know? It just happened!,surprise
3543,3544,132,8,11,"You didn't think Dumbledore'd let you wander around on your own, did you?",5,Remus Lupin,remus lupin,"You didn't think Dumbledore'd let you wander around on your own, did you?",surprise
3544,3545,132,8,11,"Harry, I don't believe you've met Nymphadora Tonks.",5,Remus Lupin,remus lupin,"Harry, I don't believe you've met Nymphadora Tonks.",surprise
3547,3548,132,8,13,"We're not talking about it here, it's too risky.",5,Alastor Moody,alastor moody,"We're not talking about it here, it's too risky.",fear
3548,3549,132,8,13,Blast it.,5,Alastor Moody,alastor moody,Blast it.,anger
3551,3552,132,8,1,How are we getting there?,5,Harry Potter,harry potter,How are we getting there?,surprise
3556,3557,132,8,13,Form up! Form up around Harry. Make it snappy! The advanced guard surrounds Harry.,5,Alastor Moody,alastor moody,Form up! Form up around Harry. Make it snappy! The advanced guard surrounds Harry.,anger
3557,3558,132,8,61,"Stop being so cheerful, Mad-eye.",5,Nymphadora Tonks,nymphadora tonks,"Stop being so cheerful, Mad-eye.",joy
3558,3559,132,8,13,We must be ready. This would be the perfect moment for Voldemort to strike Harry.,5,Alastor Moody,alastor moody,We must be ready. This would be the perfect moment for Voldemort to strike Harry.,fear
3561,3562,132,8,11,There's the second signal!,5,Remus Lupin,remus lupin,There's the second signal!,surprise
3562,3563,132,8,13,"Mount your brooms, everyone. Here we go!",5,Alastor Moody,alastor moody,"Mount your brooms, everyone. Here we go!",joy
3566,3567,132,8,13,Contacts to the south!,5,Alastor Moody,alastor moody,Contacts to the south!,surprise
3567,3568,132,8,56,"Mad-eye! You, Tonks, and Lupin take Harry! We'll slow them down!",5,Kingsley Shacklebolt,kingsley shacklebolt,"Mad-eye! You, Tonks, and Lupin take Harry! We'll slow them down!",anger
3568,3569,132,8,11,"There's the other one, Alastor!",5,Remus Lupin,remus lupin,"There's the other one, Alastor!",surprise
3569,3570,132,8,1,Expecto--!,5,Harry Potter,harry potter,Expecto--!,anger
3570,3571,132,8,11,"Harry, leave it to us!",5,Remus Lupin,remus lupin,"Harry, leave it to us!",anger
3571,3572,132,8,1,No!,5,Harry Potter,harry potter,No!,anger
3572,3573,132,8,11,"""Expecto Patronum!'",5,Remus Lupin,remus lupin,"""Expecto Patronum!'",anger
3574,3575,132,8,13,"Come on, Potter! Keep moving!",5,Alastor Moody,alastor moody,"Come on, Potter! Keep moving!",anger
3575,3576,132,8,1,But I can help!,5,Harry Potter,harry potter,But I can help!,sadness
3576,3577,132,8,13,"Potter, getting yourself killed won't do a thing. Now move!",5,Alastor Moody,alastor moody,"Potter, getting yourself killed won't do a thing. Now move!",anger
3577,3578,132,8,13,"We're not far, now!",5,Alastor Moody,alastor moody,"We're not far, now!",surprise
3578,3579,132,8,13,Did you get rid of them?,5,Alastor Moody,alastor moody,Did you get rid of them?,surprise
3579,3580,132,8,56,"They're gone, Alastor.",5,Kingsley Shacklebolt,kingsley shacklebolt,"They're gone, Alastor.",sadness
3580,3581,132,8,61,We're there!,5,Nymphadora Tonks,nymphadora tonks,We're there!,surprise
3587,3588,133,7,11,"Get in, quick, Harry. Don't touch anything.",5,Remus Lupin,remus lupin,"Get in, quick, Harry. Don't touch anything.",fear
3588,3589,133,7,115,"Filth! Scum! Half-breeds, mutants, freaks, begone from this place! How dare you befoul the house of my fathers?!",5,Walburga Black,walburga black,"Filth! Scum! Half-breeds, mutants, freaks, begone from this place! How dare you befoul the house of my fathers?!",anger
3589,3590,133,7,18,"Shut up, you miserable old hag! Quiet!",5,Sirius Black,sirius black,"Shut up, you miserable old hag! Quiet!",anger
3591,3592,133,7,1,Was that your--?,5,Harry Potter,harry potter,Was that your--?,surprise
3593,3594,133,7,1,But...why here?,5,Harry Potter,harry potter,But...why here?,surprise
3595,3596,133,7,1,Mrs. Weasley!,5,Harry Potter,harry potter,Mrs. Weasley!,surprise
3596,3597,133,7,26,"Sirius, the meeting is about to start!",5,Molly Weasley,molly weasley,"Sirius, the meeting is about to start!",joy
3599,3600,134,7,3,Harry!,5,Hermione Granger,hermione granger,Harry!,surprise
3600,3601,134,7,2,"Let him breathe, Hermione!",5,Ron Weasley,ron weasley,"Let him breathe, Hermione!",anger
3601,3602,134,7,3,"Oh, Harry! We've missed you! Are you furious with us, I bet you are!",5,Hermione Granger,hermione granger,"Oh, Harry! We've missed you! Are you furious with us, I bet you are!",anger
3602,3603,134,7,2,"Good to see you, mate.",5,Ron Weasley,ron weasley,"Good to see you, mate.",joy
3604,3605,134,7,3,"Sorry we haven't written, Harry, but Dumbledore made us promise not to.",5,Hermione Granger,hermione granger,"Sorry we haven't written, Harry, but Dumbledore made us promise not to.",sadness
3608,3609,134,7,3,He was so angry when he heard. It was...scary...,5,Hermione Granger,hermione granger,He was so angry when he heard. It was...scary...,fear
3609,3610,134,7,1,"So, why's he keeping me in the dark?",5,Harry Potter,harry potter,"So, why's he keeping me in the dark?",surprise
3610,3611,134,7,1,Didn't you bother asking?,5,Harry Potter,harry potter,Didn't you bother asking?,anger
3612,3613,134,7,1,So I get to spend the summer with the Dursleys while you two are here.,5,Harry Potter,harry potter,So I get to spend the summer with the Dursleys while you two are here.,joy
3614,3615,134,7,1,You've still been here!,5,Harry Potter,harry potter,You've still been here!,surprise
3615,3616,134,7,1,What's been going on?,5,Harry Potter,harry potter,What's been going on?,surprise
3618,3619,134,7,1,What's this Order everyone's talking about?,5,Harry Potter,harry potter,What's this Order everyone's talking about?,surprise
3622,3623,134,7,18,"Well, the Ministry is furious with you.",5,Sirius Black,sirius black,"Well, the Ministry is furious with you.",anger
3623,3624,134,7,1,Why?,5,Harry Potter,harry potter,Why?,surprise
3627,3628,134,7,18,"You surprise me, Harry. I figured the first thing you'd do is start asking about Voldemort.",5,Sirius Black,sirius black,"You surprise me, Harry. I figured the first thing you'd do is start asking about Voldemort.",surprise
3628,3629,134,7,1,"I wanted to, but I didn't think you'd tell me anything.",5,Harry Potter,harry potter,"I wanted to, but I didn't think you'd tell me anything.",surprise
3631,3632,134,7,26,It's not your decision!,5,Molly Weasley,molly weasley,It's not your decision!,anger
3640,3641,134,7,1,Where's Voldemort? What's he doing?,5,Harry Potter,harry potter,Where's Voldemort? What's he doing?,surprise
3642,3643,134,7,1,How?,5,Harry Potter,harry potter,How?,surprise
3646,3647,134,7,1,And you're stopping him from gaining followers?,5,Harry Potter,harry potter,And you're stopping him from gaining followers?,anger
3649,3650,134,7,1,But...why?,5,Harry Potter,harry potter,But...why?,surprise
3650,3651,134,7,11,"Fudge likes being Minister of Magic. If it turns out that Voldemort came back under his watch, he'll be sacked.",5,Remus Lupin,remus lupin,"Fudge likes being Minister of Magic. If it turns out that Voldemort came back under his watch, he'll be sacked.",anger
3651,3652,134,7,1,"But you're telling people, right?",5,Harry Potter,harry potter,"But you're telling people, right?",anger
3652,3653,134,7,18,"Well, they think I'm a mass- murderer, Lupin is a werewolf, Tonks and Arthur would lose their jobs at the Ministry...",5,Sirius Black,sirius black,"Well, they think I'm a mass- murderer, Lupin is a werewolf, Tonks and Arthur would lose their jobs at the Ministry...",anger
3655,3656,134,7,1,What?,5,Harry Potter,harry potter,What?,surprise
3656,3657,134,7,18,You-Know-Who wants something. Something he didn't have last time. A weapon.,5,Sirius Black,sirius black,You-Know-Who wants something. Something he didn't have last time. A weapon.,surprise
3658,3659,134,7,11,"I'm sorry, Harry, we can't say anything more.",5,Remus Lupin,remus lupin,"I'm sorry, Harry, we can't say anything more.",sadness
3659,3660,134,7,26,"Morning, dear! Did you have a good sleep?",5,Molly Weasley,molly weasley,"Morning, dear! Did you have a good sleep?",surprise
3660,3661,134,7,1,"No, my scar kept hurting.",5,Harry Potter,harry potter,"No, my scar kept hurting.",sadness
3661,3662,134,7,1,Yeah...nerves...,5,Harry Potter,harry potter,Yeah...nerves...,sadness
3662,3663,134,7,26,"Good luck, Harry!",5,Molly Weasley,molly weasley,"Good luck, Harry!",joy
3670,3671,135,70,1,Bye.,5,Harry Potter,harry potter,Bye.,joy
3673,3674,135,70,16,"I do love using the Fellytone! Now, let's see, what's the number again...",5,Arthur Weasley,arthur weasley,"I do love using the Fellytone! Now, let's see, what's the number again...",joy
3675,3676,135,70,16,"Harry Potter, disciplinary hearing.",5,Arthur Weasley,arthur weasley,"Harry Potter, disciplinary hearing.",sadness
3677,3678,135,70,16,"Keep close, Harry!",5,Arthur Weasley,arthur weasley,"Keep close, Harry!",anger
3678,3679,135,70,16,"Ah, Perkins, good morn-",5,Arthur Weasley,arthur weasley,"Ah, Perkins, good morn-",joy
3681,3682,135,70,112,It started at eight!,5,Perkins,perkins,It started at eight!,surprise
3682,3683,135,70,16,"Good lord, that was five minutes ago! Come on, Harry!",5,Arthur Weasley,arthur weasley,"Good lord, that was five minutes ago! Come on, Harry!",surprise
3686,3687,135,70,16,"Come on, Harry!",5,Arthur Weasley,arthur weasley,"Come on, Harry!",anger
3689,3690,135,70,16,"There you are, Harry, in you go...good luck...",5,Arthur Weasley,arthur weasley,"There you are, Harry, in you go...good luck...",joy
3690,3691,136,70,17,You're late.,5,Cornelius Fudge,cornelius fudge,You're late.,sadness
3691,3692,136,70,1,Er...sorry.,5,Harry Potter,harry potter,Er...sorry.,sadness
3695,3696,136,70,17,"Ah...you...er...got our message that the time had changed, did you?",5,Cornelius Fudge,cornelius fudge,"Ah...you...er...got our message that the time had changed, did you?",surprise
3696,3697,136,70,17,Well. The...ah...charges.,5,Cornelius Fudge,cornelius fudge,Well. The...ah...charges.,sadness
3700,3701,136,70,17,Within full sight of a Muggle?,5,Cornelius Fudge,cornelius fudge,Within full sight of a Muggle?,surprise
3702,3703,136,70,72,"You produced a Patronus? A fully- formed Patronus, with a clearly- defined shape?",5,Susan Bones,susan bones,"You produced a Patronus? A fully- formed Patronus, with a clearly- defined shape?",surprise
3704,3705,136,70,72,"That is most remarkable, Mr. Potter.",5,Susan Bones,susan bones,"That is most remarkable, Mr. Potter.",surprise
3705,3706,136,70,17,It doesn't matter how impressive it was!,5,Cornelius Fudge,cornelius fudge,It doesn't matter how impressive it was!,surprise
3706,3707,136,70,1,But I did it because of the Dementors!,5,Harry Potter,harry potter,But I did it because of the Dementors!,anger
3707,3708,136,70,72,What do you mean?,5,Susan Bones,susan bones,What do you mean?,surprise
3708,3709,136,70,1,"My cousin and I were attacked by Dementors. That's why I had to use the Patronus, to drive them away.",5,Harry Potter,harry potter,"My cousin and I were attacked by Dementors. That's why I had to use the Patronus, to drive them away.",fear
3711,3712,136,70,17,"Oh, come now, Susan. He's clearly lying.",5,Cornelius Fudge,cornelius fudge,"Oh, come now, Susan. He's clearly lying.",anger
3712,3713,136,70,17,We haven't got time to-,5,Cornelius Fudge,cornelius fudge,We haven't got time to-,sadness
3717,3718,136,70,88,I was sitting on my porch when I saw the two Dementors gliding towards the two boys.,5,Arabella Figg,arabella figg,I was sitting on my porch when I saw the two Dementors gliding towards the two boys.,fear
3721,3722,136,70,88,I-I felt them. It was horrible...like I would never be happy again.,5,Arabella Figg,arabella figg,I-I felt them. It was horrible...like I would never be happy again.,fear
3728,3729,136,70,15,"Excuse me, Dumbledore, but did you just accused the Ministry of Magic of ordering an attack on this boy?",5,Dolores Umbridge,dolores umbridge,"Excuse me, Dumbledore, but did you just accused the Ministry of Magic of ordering an attack on this boy?",anger
3729,3730,136,70,17,Dementors are irrelevant!,5,Cornelius Fudge,cornelius fudge,Dementors are irrelevant!,anger
3730,3731,136,70,17,"Well, yes, if he's telling the truth!",5,Cornelius Fudge,cornelius fudge,"Well, yes, if he's telling the truth!",anger
3732,3733,136,70,17,All opposed?,5,Cornelius Fudge,cornelius fudge,All opposed?,anger
3734,3735,137,71,16,"Harry, you've been let off! That's wonderful!",5,Arthur Weasley,arthur weasley,"Harry, you've been let off! That's wonderful!",joy
3735,3736,137,71,16,You were tried by the full court?,5,Arthur Weasley,arthur weasley,You were tried by the full court?,surprise
3737,3738,137,71,1,Er...is Percy mad at you?,5,Harry Potter,harry potter,Er...is Percy mad at you?,surprise
3738,3739,137,71,16,"Ah...yes...I'm afraid we had a bit of a row. He, well, he sided with Fudge and the rest of us sided with Dumbledore, so Percy left.",5,Arthur Weasley,arthur weasley,"Ah...yes...I'm afraid we had a bit of a row. He, well, he sided with Fudge and the rest of us sided with Dumbledore, so Percy left.",fear
3740,3741,137,71,1,What are you doing here?,5,Harry Potter,harry potter,What are you doing here?,surprise
3741,3742,137,71,23,"Come now, Potter, I really don't think that private matters between the Minister and myself are any concern of yours.",5,Lucius Malfoy,lucius malfoy,"Come now, Potter, I really don't think that private matters between the Minister and myself are any concern of yours.",fear
3746,3747,137,71,16,"Settle down, you three!",5,Arthur Weasley,arthur weasley,"Settle down, you three!",anger
3747,3748,137,71,16,"Sirius, we saw Fudge talking with Lucius Malfoy on Level Nine again. Tell Dumbledore, next time he comes in, would you?",5,Arthur Weasley,arthur weasley,"Sirius, we saw Fudge talking with Lucius Malfoy on Level Nine again. Tell Dumbledore, next time he comes in, would you?",anger
3753,3754,137,71,18,Harry!,5,Sirius Black,sirius black,Harry!,surprise
3754,3755,137,71,18,"You all right, Harry?",5,Sirius Black,sirius black,"You all right, Harry?",anger
3758,3759,137,71,18,"There's Mad-eye and Dumbledore, right next to Dedalus Diggle; Marlene McKinnon, she was killed two weeks after this was taken...;",5,Sirius Black,sirius black,"There's Mad-eye and Dumbledore, right next to Dedalus Diggle; Marlene McKinnon, she was killed two weeks after this was taken...;",sadness
3759,3760,137,71,18,"then there's Frank and Alice Longbottom, tortured into insanity by Death Eaters; Lupin, of course..",5,Sirius Black,sirius black,"then there's Frank and Alice Longbottom, tortured into insanity by Death Eaters; Lupin, of course..",fear
3760,3761,137,71,1,My parents.,5,Harry Potter,harry potter,My parents.,sadness
3761,3762,137,71,1,"I miss them, Sirius...",5,Harry Potter,harry potter,"I miss them, Sirius...",sadness
3762,3763,137,71,18,"I know, Harry, I know. I miss them too.",5,Sirius Black,sirius black,"I know, Harry, I know. I miss them too.",sadness
3763,3764,137,71,18,It's not fair that I got to spend so much time with them and you didn't...,5,Sirius Black,sirius black,It's not fair that I got to spend so much time with them and you didn't...,anger
3764,3765,137,71,1,"Why'd they have to die, Sirius, why?",5,Harry Potter,harry potter,"Why'd they have to die, Sirius, why?",surprise
3767,3768,137,71,18,"Kreacher, get out of here! Now!",5,Sirius Black,sirius black,"Kreacher, get out of here! Now!",anger
3768,3769,137,71,48,"Oh, how the old Mistress would weep to see the traitor in her house...",5,Kreacher,kreacher,"Oh, how the old Mistress would weep to see the traitor in her house...",sadness
3769,3770,137,71,1,Who..who was that?,5,Harry Potter,harry potter,Who..who was that?,surprise
3770,3771,137,71,18,"Kreacher. He's been alone with the house for years, he's gone a bit funny.",5,Sirius Black,sirius black,"Kreacher. He's been alone with the house for years, he's gone a bit funny.",surprise
3771,3772,138,42,3,"Harry, Ron and I, we've been named House Prefects! She hands Harry a letter.",5,Hermione Granger,hermione granger,"Harry, Ron and I, we've been named House Prefects! She hands Harry a letter.",surprise
3772,3773,138,42,3,"What about you, Harry?",5,Hermione Granger,hermione granger,"What about you, Harry?",anger
3773,3774,138,42,3,Are you sure? I would have thought you would get one!,5,Hermione Granger,hermione granger,Are you sure? I would have thought you would get one!,surprise
3775,3776,138,42,1,"So...congratulations Ron, Hermione...",5,Harry Potter,harry potter,"So...congratulations Ron, Hermione...",joy
3776,3777,138,42,2,"Come on, lets go back downstairs!",5,Ron Weasley,ron weasley,"Come on, lets go back downstairs!",anger
3777,3778,138,42,1,"Yes, do go enjoy yourselves.",5,Harry Potter,harry potter,"Yes, do go enjoy yourselves.",joy
3778,3779,138,42,1,What is that?,5,Harry Potter,harry potter,What is that?,surprise
3779,3780,138,42,1,"Yes it is, it's right there!",5,Harry Potter,harry potter,"Yes it is, it's right there!",anger
3781,3782,138,42,1,Er...you are?,5,Harry Potter,harry potter,Er...you are?,surprise
3783,3784,138,42,1,"Well, thanks Luna.",5,Harry Potter,harry potter,"Well, thanks Luna.",joy
3784,3785,138,42,1,Hagrid's cabin looks deserted.,5,Harry Potter,harry potter,Hagrid's cabin looks deserted.,sadness
3786,3787,138,42,2,What if he were still on his...,5,Ron Weasley,ron weasley,What if he were still on his...,surprise
3787,3788,138,42,2,What if he's still on his mission from Dumbledore?,5,Ron Weasley,ron weasley,What if he's still on his mission from Dumbledore?,anger
3795,3796,139,39,75,"So why didn't your mum want you to come back to Hogwarts, Seamus?",5,Dean Thomas,dean thomas,"So why didn't your mum want you to come back to Hogwarts, Seamus?",anger
3796,3797,139,39,1,What?,5,Harry Potter,harry potter,What?,surprise
3797,3798,139,39,29,Me mam didn't want me to come back to Hogwarts...,5,Seamus Finnigan,seamus finnigan,Me mam didn't want me to come back to Hogwarts...,sadness
3798,3799,139,39,1,Why?,5,Harry Potter,harry potter,Why?,surprise
3800,3801,139,39,1,What did I do?,5,Harry Potter,harry potter,What did I do?,surprise
3802,3803,139,39,1,Where'd she get that from?,5,Harry Potter,harry potter,Where'd she get that from?,surprise
3803,3804,139,39,1,"No one believes me, Hedwig. No one...",5,Harry Potter,harry potter,"No one believes me, Hedwig. No one...",anger
3804,3805,139,39,1,I'm alone...,5,Harry Potter,harry potter,I'm alone...,sadness
3805,3806,140,30,1,"Sorry, Professor...",5,Harry Potter,harry potter,"Sorry, Professor...",sadness
3810,3811,140,30,15,Yes?,5,Dolores Umbridge,dolores umbridge,Yes?,surprise
3817,3818,140,30,3,But we've got O.W.L.s coming up! You expect us to do the spells with no practice?,5,Hermione Granger,hermione granger,But we've got O.W.L.s coming up! You expect us to do the spells with no practice?,surprise
3822,3823,140,30,1,It-is-NOT-a-LIE!,5,Harry Potter,harry potter,It-is-NOT-a-LIE!,surprise
3823,3824,140,30,15,"Mr. Potter, you have just landed yourself in detention!",5,Dolores Umbridge,dolores umbridge,"Mr. Potter, you have just landed yourself in detention!",surprise
3824,3825,140,30,1,"So, according to you, Cedric Diggory dropped dead? Or are you calling me a murderer?",5,Harry Potter,harry potter,"So, according to you, Cedric Diggory dropped dead? Or are you calling me a murderer?",anger
3825,3826,140,30,15,The boy's death was a tragic accident.,5,Dolores Umbridge,dolores umbridge,The boy's death was a tragic accident.,sadness
3826,3827,140,30,1,It was MURDER! I saw it happen!,5,Harry Potter,harry potter,It was MURDER! I saw it happen!,anger
3830,3831,140,30,1,Yeah. But she called me a liar!,5,Harry Potter,harry potter,Yeah. But she called me a liar!,anger
3833,3834,140,30,3,How can Dumbledore let that horrible woman teach? And when we're taking our OWL tests too!,5,Hermione Granger,hermione granger,How can Dumbledore let that horrible woman teach? And when we're taking our OWL tests too!,fear
3834,3835,140,30,2,You reckon she's here to spy on us?,5,Ron Weasley,ron weasley,You reckon she's here to spy on us?,surprise
3836,3837,140,30,1,Oh! Sorry...,5,Harry Potter,harry potter,Oh! Sorry...,sadness
3839,3840,140,30,74,"Well, just...don't do it again!",5,Angelina Johnson,angelina johnson,"Well, just...don't do it again!",anger
3840,3841,140,30,2,"Well, Harry, shall we start on Snape's report?",5,Ron Weasley,ron weasley,"Well, Harry, shall we start on Snape's report?",fear
3841,3842,140,30,1,"Later, I've got detention.",5,Harry Potter,harry potter,"Later, I've got detention.",sadness
3852,3853,141,39,3,Have you seen Ron? I can't find him anywhere.,5,Hermione Granger,hermione granger,Have you seen Ron? I can't find him anywhere.,surprise
3856,3857,141,39,2,Harry! I tried out for Quidditch Keeper at the tryouts! I'm on the team!,5,Ron Weasley,ron weasley,Harry! I tried out for Quidditch Keeper at the tryouts! I'm on the team!,surprise
3857,3858,141,39,2,Harry--bloody hell!,5,Ron Weasley,ron weasley,Harry--bloody hell!,anger
3858,3859,141,39,3,He's got to be taken to the hospital wing.,5,Hermione Granger,hermione granger,He's got to be taken to the hospital wing.,sadness
3859,3860,141,39,2,You said she was making you do lines!,5,Ron Weasley,ron weasley,You said she was making you do lines!,anger
3862,3863,141,39,1,"No, I'm telling anyone.",5,Harry Potter,harry potter,"No, I'm telling anyone.",anger
3864,3865,141,39,1,No!,5,Harry Potter,harry potter,No!,anger
3868,3869,141,39,3,"Harry, you can't write to him! Owls are being intercepted, it isn't safe.",5,Hermione Granger,hermione granger,"Harry, you can't write to him! Owls are being intercepted, it isn't safe.",anger
3869,3870,141,39,1,"Don't worry, Hermione, I wrote it in code. Anyway, I figured I need to tell someone about Umbridge. My scar hurt again last night in detention.",5,Harry Potter,harry potter,"Don't worry, Hermione, I wrote it in code. Anyway, I figured I need to tell someone about Umbridge. My scar hurt again last night in detention.",fear
3871,3872,141,39,3,You think she's working for You- Know-Who?,5,Hermione Granger,hermione granger,You think she's working for You- Know-Who?,surprise
3875,3876,142,32,38,Greetings my children. I sense even now that many of you have already made the transition into the beyond!,5,Sybill Trelawney,sybill trelawney,Greetings my children. I sense even now that many of you have already made the transition into the beyond!,joy
3878,3879,142,32,15,I understand you are the descendent of the famous Seer Cassandra Trelawney?,5,Dolores Umbridge,dolores umbridge,I understand you are the descendent of the famous Seer Cassandra Trelawney?,surprise
3880,3881,142,32,15,And you are the first since Cassandra to have the Second Sight?,5,Dolores Umbridge,dolores umbridge,And you are the first since Cassandra to have the Second Sight?,surprise
3884,3885,142,32,15,The Inner Eye does not See upon command!,5,Dolores Umbridge,dolores umbridge,The Inner Eye does not See upon command!,anger
3885,3886,142,32,38,"My dear boy, your dream diary, if you please!",5,Sybill Trelawney,sybill trelawney,"My dear boy, your dream diary, if you please!",joy
3886,3887,142,32,38,My dear boy! My poor boy! These dreams are evil portends!,5,Sybill Trelawney,sybill trelawney,My dear boy! My poor boy! These dreams are evil portends!,sadness
3895,3896,143,21,1,"Hermione, what's going on?",5,Harry Potter,harry potter,"Hermione, what's going on?",surprise
3897,3898,143,21,1,You mean about us teaching ourselves?,5,Harry Potter,harry potter,You mean about us teaching ourselves?,surprise
3901,3902,143,21,14,"Hear, hear!",5,Fred Weasley,fred weasley,"Hear, hear!",joy
3902,3903,143,21,3,"Obviously, this will help us pass our O.W.L.s, but more importantly, it gives us the ability to protect ourselves from...Lord Voldemort. Several people jump or wince in fear at the name.",5,Hermione Granger,hermione granger,"Obviously, this will help us pass our O.W.L.s, but more importantly, it gives us the ability to protect ourselves from...Lord Voldemort. Several people jump or wince in fear at the name.",fear
3904,3905,143,21,116,How do we know You-Know-Who's really back?,5,Zacharias Smith,zacharias smith,How do we know You-Know-Who's really back?,surprise
3913,3914,143,21,1,Me?,5,Harry Potter,harry potter,Me?,surprise
3918,3919,143,21,65,Wow...,5,Lavender Brown,lavender brown,Wow...,surprise
3920,3921,143,21,55,And last year he got through the Triwizard Tournament!,5,Cho Chang,cho chang,And last year he got through the Triwizard Tournament!,joy
3921,3922,143,21,2,Not to mention you dueled with You- Know-Who all alone and he still couldn't kill you!,5,Ron Weasley,ron weasley,Not to mention you dueled with You- Know-Who all alone and he still couldn't kill you!,anger
3925,3926,143,21,10,What about an unused classroom?,5,Neville Longbottom,neville longbottom,What about an unused classroom?,surprise
3933,3934,143,21,20,I think it should be Dumbledore's Army. There is excited agreement. Harry smiles at her.,5,Ginny Weasley,ginny weasley,I think it should be Dumbledore's Army. There is excited agreement. Harry smiles at her.,joy
3935,3936,143,29,3,I think that went well.,5,Hermione Granger,hermione granger,I think that went well.,joy
3937,3938,143,29,3,"And did you see Cho, Harry?",5,Hermione Granger,hermione granger,"And did you see Cho, Harry?",surprise
3938,3939,143,29,3,"Well, she couldn't keep her eyes off you, could she?!",5,Hermione Granger,hermione granger,"Well, she couldn't keep her eyes off you, could she?!",anger
3939,3940,143,36,74,"Harry, you won't believe...that Umbridge woman...this is too much!!",5,Angelina Johnson,angelina johnson,"Harry, you won't believe...that Umbridge woman...this is too much!!",surprise
3940,3941,143,36,1,What's she done now?,5,Harry Potter,harry potter,What's she done now?,surprise
3942,3943,143,36,1,"""By order of the Hogwarts High Inquisitor: All student organizations, societies, teams, groups, and clubs are henceforth disbanded. Permission to reform must be approved by High Inquisitor Umbridge. No student organization can exist without the knowledge and approval of the High Inquisitor. Any student found to be a part of an illegal organization will be expelled immediately.""",5,Harry Potter,harry potter,"""By order of the Hogwarts High Inquisitor: All student organizations, societies, teams, groups, and clubs are henceforth disbanded. Permission to reform must be approved by High Inquisitor Umbridge. No student organization can exist without the knowledge and approval of the High Inquisitor. Any student found to be a part of an illegal organization will be expelled immediately.""",anger
3943,3944,143,36,74,She refused to allow us to reform the Gryffindor team. We had to go to Dumbledore to get her to allow it.,5,Angelina Johnson,angelina johnson,She refused to allow us to reform the Gryffindor team. We had to go to Dumbledore to get her to allow it.,anger
3945,3946,143,36,1,This isn't a coincidence.,5,Harry Potter,harry potter,This isn't a coincidence.,surprise
3947,3948,143,36,2,She can't!,5,Ron Weasley,ron weasley,She can't!,anger
3948,3949,143,36,1,"Look, we don't know how many people could have overheard our meeting and told her.",5,Harry Potter,harry potter,"Look, we don't know how many people could have overheard our meeting and told her.",surprise
3951,3952,143,36,1,"What would we do without you, Hermione?",5,Harry Potter,harry potter,"What would we do without you, Hermione?",fear
3952,3953,143,36,1,Hedwig!,5,Harry Potter,harry potter,Hedwig!,surprise
3953,3954,143,36,3,She's hurt!,5,Hermione Granger,hermione granger,She's hurt!,surprise
3954,3955,143,36,2,She doesn't look very good.,5,Ron Weasley,ron weasley,She doesn't look very good.,sadness
3957,3958,143,36,7,Where on earth are you going at this time of night?,5,Minerva McGonagall,minerva mcgonagall,Where on earth are you going at this time of night?,fear
3959,3960,143,36,7,What?,5,Minerva McGonagall,minerva mcgonagall,What?,surprise
3962,3963,143,36,7,"Well, give her to me. I'll run her",5,Minerva McGonagall,minerva mcgonagall,"Well, give her to me. I'll run her",fear
3967,3968,144,55,27,Mr. Harry Potter!,5,Dobby,dobby,Mr. Harry Potter!,surprise
3968,3969,144,55,1,Dobby! What are you doing here?,5,Harry Potter,harry potter,Dobby! What are you doing here?,surprise
3971,3972,144,55,27,Dobby...Dobby wishes he could help Harry Potter. Dobby has heard him muttering in his sleep.,5,Dobby,dobby,Dobby...Dobby wishes he could help Harry Potter. Dobby has heard him muttering in his sleep.,sadness
3972,3973,144,55,1,"Don't worry about it, Dobby. But I don't think you can help me.",5,Harry Potter,harry potter,"Don't worry about it, Dobby. But I don't think you can help me.",fear
3976,3977,144,55,1,"That's brilliant, Dobby!",5,Harry Potter,harry potter,"That's brilliant, Dobby!",joy
3979,3980,144,55,52,...and Slytherin is up forty to ten. Alica with the quaffle!,5,Lee Jordan,lee jordan,...and Slytherin is up forty to ten. Alica with the quaffle!,surprise
3981,3982,144,55,1,"Just ignore them, Ron!",5,Harry Potter,harry potter,"Just ignore them, Ron!",anger
3982,3983,144,55,12,"I should thank you, Weasley. You're definitely our best player!",5,Draco Malfoy,draco malfoy,"I should thank you, Weasley. You're definitely our best player!",joy
3983,3984,144,55,3,"Harry, are you all right?",5,Hermione Granger,hermione granger,"Harry, are you all right?",surprise
3986,3987,144,55,12,And his pathetic loser of a father too!,5,Draco Malfoy,draco malfoy,And his pathetic loser of a father too!,anger
3988,3989,144,55,50,Impedimenta!,5,Rolanda Hooch,rolanda hooch,Impedimenta!,surprise
3989,3990,144,55,50,"Don't make me stupify you, Potter!",5,Rolanda Hooch,rolanda hooch,"Don't make me stupify you, Potter!",anger
3992,3993,144,55,1,Malfoy provoked us.,5,Harry Potter,harry potter,Malfoy provoked us.,anger
3993,3994,144,55,7,Of course he wanted to provoke you! He'd just lost!,5,Minerva McGonagall,minerva mcgonagall,Of course he wanted to provoke you! He'd just lost!,anger
3994,3995,144,55,7,I cannot express in words the disappointment I feel right now.,5,Minerva McGonagall,minerva mcgonagall,I cannot express in words the disappointment I feel right now.,sadness
3995,3996,144,55,7,"What is it, Dolores?",5,Minerva McGonagall,minerva mcgonagall,"What is it, Dolores?",surprise
3997,3998,144,55,7,You thought wrong. Now kindly remove yourself from my office.,5,Minerva McGonagall,minerva mcgonagall,You thought wrong. Now kindly remove yourself from my office.,anger
4002,4003,144,55,1,Ban us...for life.,5,Harry Potter,harry potter,Ban us...for life.,anger
4005,4006,144,55,15,"Well, have a wonderful day.",5,Dolores Umbridge,dolores umbridge,"Well, have a wonderful day.",joy
4006,4007,144,55,1,You've--!,5,Harry Potter,harry potter,You've--!,anger
4008,4009,144,55,74,I can't believe it...three players banned for life in one day...,5,Angelina Johnson,angelina johnson,I can't believe it...three players banned for life in one day...,surprise
4009,4010,144,55,2,I'm going to resign.,5,Ron Weasley,ron weasley,I'm going to resign.,sadness
4010,4011,144,55,1,You can't!,5,Harry Potter,harry potter,You can't!,anger
4011,4012,144,55,2,I'm horrible! I should never have joined.,5,Ron Weasley,ron weasley,I'm horrible! I should never have joined.,fear
4012,4013,144,55,1,"If you quit, we'll be out four players!",5,Harry Potter,harry potter,"If you quit, we'll be out four players!",anger
4014,4015,144,55,3,I know something that could cheer you up.,5,Hermione Granger,hermione granger,I know something that could cheer you up.,joy
4015,4016,144,55,3,Hagrid's back!,5,Hermione Granger,hermione granger,Hagrid's back!,joy
4016,4017,145,55,1,"Hagrid, what happened to you?",5,Harry Potter,harry potter,"Hagrid, what happened to you?",surprise
4017,4018,145,55,5,"I've fine, I tell yeh!",5,Rubeus Hagrid,rubeus hagrid,"I've fine, I tell yeh!",anger
4018,4019,145,55,2,"Come off it, Hagrid! We're not blind!",5,Ron Weasley,ron weasley,"Come off it, Hagrid! We're not blind!",anger
4019,4020,145,55,5,"Can' answer tha', I'm afraid. Top secret, that is. Business of the Order.",5,Rubeus Hagrid,rubeus hagrid,"Can' answer tha', I'm afraid. Top secret, that is. Business of the Order.",fear
4022,4023,145,55,2,A month?,5,Ron Weasley,ron weasley,A month?,surprise
4023,4024,145,55,5,"O' course! Can' do magic, not with the Ministry followin' us all the way. Plus, giants aren't fond o' wizards. Don' trust 'em.",5,Rubeus Hagrid,rubeus hagrid,"O' course! Can' do magic, not with the Ministry followin' us all the way. Plus, giants aren't fond o' wizards. Don' trust 'em.",anger
4024,4025,145,55,1,So what did you do when you found them?,5,Harry Potter,harry potter,So what did you do when you found them?,surprise
4025,4026,145,55,2,So...no giants are coming?,5,Ron Weasley,ron weasley,So...no giants are coming?,surprise
4027,4028,145,55,1,Glad to see all of you could find this place all right.,5,Harry Potter,harry potter,Glad to see all of you could find this place all right.,joy
4028,4029,145,55,10,"Hey, Harry, what is all this stuff?",5,Neville Longbottom,neville longbottom,"Hey, Harry, what is all this stuff?",surprise
4034,4035,145,55,10,Expelliarmus!,5,Neville Longbottom,neville longbottom,Expelliarmus!,surprise
4035,4036,145,55,1,"Well done, Neville!",5,Harry Potter,harry potter,"Well done, Neville!",joy
4036,4037,145,55,1,"Look here, you lot! Neville's really got the hang of this one.",5,Harry Potter,harry potter,"Look here, you lot! Neville's really got the hang of this one.",joy
4037,4038,145,55,10,Expelliarmus!,5,Neville Longbottom,neville longbottom,Expelliarmus!,surprise
4038,4039,145,55,10,I did it! I did it!,5,Neville Longbottom,neville longbottom,I did it! I did it!,anger
4040,4041,145,55,1,"Okay, everyone. We've done a lot today, and I've seen some great improvement. That's it for now. We'll meet back here, same time next week!",5,Harry Potter,harry potter,"Okay, everyone. We've done a lot today, and I've seen some great improvement. That's it for now. We'll meet back here, same time next week!",joy
4041,4042,146,39,10,What's wrong with him?,5,Neville Longbottom,neville longbottom,What's wrong with him?,anger
4042,4043,146,39,2,Get McGonagall! Go!,5,Ron Weasley,ron weasley,Get McGonagall! Go!,anger
4043,4044,146,39,2,Harry! HARRY!,5,Ron Weasley,ron weasley,Harry! HARRY!,surprise
4046,4047,146,39,1,Mr. Weasley's been attacked!,5,Harry Potter,harry potter,Mr. Weasley's been attacked!,anger
4047,4048,146,39,7,"You dreamed this, Potter?",5,Minerva McGonagall,minerva mcgonagall,"You dreamed this, Potter?",surprise
4048,4049,146,39,1,"No, I saw it happen! I...I was there...",5,Harry Potter,harry potter,"No, I saw it happen! I...I was there...",surprise
4049,4050,146,39,7,"You're sure this happened, Potter?",5,Minerva McGonagall,minerva mcgonagall,"You're sure this happened, Potter?",surprise
4051,4052,146,41,4,"Professor McGonagall, and...ah...",5,Albus Dumbledore,albus dumbledore,"Professor McGonagall, and...ah...",surprise
4052,4053,146,41,4,What can I do for you?,5,Albus Dumbledore,albus dumbledore,What can I do for you?,fear
4053,4054,146,41,7,"Well, Potter has had some kind of nightmare...",5,Minerva McGonagall,minerva mcgonagall,"Well, Potter has had some kind of nightmare...",fear
4054,4055,146,41,4,How did you see this? How were you positioned when you saw it?,5,Albus Dumbledore,albus dumbledore,How did you see this? How were you positioned when you saw it?,surprise
4056,4057,146,41,4,Is Arthur seriously injured?,5,Albus Dumbledore,albus dumbledore,Is Arthur seriously injured?,sadness
4057,4058,146,41,1,Yes!,5,Harry Potter,harry potter,Yes!,anger
4058,4059,146,41,4,You were listening?,5,Albus Dumbledore,albus dumbledore,You were listening?,surprise
4060,4061,146,41,4,Raise the alarm. We must make sure Arthur is found by the right people.,5,Albus Dumbledore,albus dumbledore,Raise the alarm. We must make sure Arthur is found by the right people.,fear
4064,4065,146,41,4,What news?,5,Albus Dumbledore,albus dumbledore,What news?,surprise
4071,4072,146,41,113,"It's late, Dumbledore...",5,Phineas,phineas,"It's late, Dumbledore...",sadness
4075,4076,146,49,1,"What's that, Professor?",5,Harry Potter,harry potter,"What's that, Professor?",surprise
4082,4083,146,49,6,"Yes, it did, but at the expense of our advantage. The connection between you was so powerful during your vision of the snake that the Dark Lord became aware of it. The Headmaster fears that he may try to use this to his advantage, to manipulate you through false visions.",5,Severus Snape,severus snape,"Yes, it did, but at the expense of our advantage. The connection between you was so powerful during your vision of the snake that the Dark Lord became aware of it. The Headmaster fears that he may try to use this to his advantage, to manipulate you through false visions.",fear
4085,4086,146,49,1,What are you going to do?,5,Harry Potter,harry potter,What are you going to do?,surprise
4086,4087,146,49,6,I am going to break into your mind.,5,Severus Snape,severus snape,I am going to break into your mind.,fear
4087,4088,146,49,1,No!,5,Harry Potter,harry potter,No!,anger
4090,4091,146,49,16,"Come on, Harry!",5,Arthur Weasley,arthur weasley,"Come on, Harry!",anger
4092,4093,146,49,6,What was that?,5,Severus Snape,severus snape,What was that?,surprise
4093,4094,146,49,1,I've just realized...,5,Harry Potter,harry potter,I've just realized...,surprise
4094,4095,146,49,6,"Realized what, Potter?",5,Severus Snape,severus snape,"Realized what, Potter?",surprise
4096,4097,146,49,6,What did you say?,5,Severus Snape,severus snape,What did you say?,surprise
4098,4099,146,49,6,"There are many things in the Department of Mysteries, Potter, none of which concern you.",5,Severus Snape,severus snape,"There are many things in the Department of Mysteries, Potter, none of which concern you.",fear
4099,4100,147,58,15,I can do whatever I wish!,5,Dolores Umbridge,dolores umbridge,I can do whatever I wish!,joy
4100,4101,147,58,38,This is my home!,5,Sybill Trelawney,sybill trelawney,This is my home!,surprise
4102,4103,147,58,15,Now remove yourself from this castle!,5,Dolores Umbridge,dolores umbridge,Now remove yourself from this castle!,anger
4103,4104,147,58,15,"I have the authority, Headmaster!",5,Dolores Umbridge,dolores umbridge,"I have the authority, Headmaster!",anger
4107,4108,147,58,4,"Happily, that will not be necessary. I have found a successor",5,Albus Dumbledore,albus dumbledore,"Happily, that will not be necessary. I have found a successor",sadness
4112,4113,147,7,3,That's got to be what Surgis Podmore was doing in the Ministry when he was arrested.,5,Hermione Granger,hermione granger,That's got to be what Surgis Podmore was doing in the Ministry when he was arrested.,anger
4113,4114,147,7,1,"Probably. Mr. Weasley was probably there when he was attacked, too. That must be what the Order's guarding!",5,Harry Potter,harry potter,"Probably. Mr. Weasley was probably there when he was attacked, too. That must be what the Order's guarding!",fear
4114,4115,147,7,2,But why the Department of Mysteries?,5,Ron Weasley,ron weasley,But why the Department of Mysteries?,surprise
4117,4118,147,7,2,Bloody hell!,5,Ron Weasley,ron weasley,Bloody hell!,anger
4121,4122,147,41,15,Since I had received information some time ago that Potter and a number of other students had met in the Hog's Head to start an illegal group--,5,Dolores Umbridge,dolores umbridge,Since I had received information some time ago that Potter and a number of other students had met in the Hog's Head to start an illegal group--,fear
4123,4124,147,41,15,I'm sorry?,5,Dolores Umbridge,dolores umbridge,I'm sorry?,surprise
4126,4127,147,41,4,"Again, quite correct. However, I wonder if you have any evidence that proves this group has been meeting since then?",5,Albus Dumbledore,albus dumbledore,"Again, quite correct. However, I wonder if you have any evidence that proves this group has been meeting since then?",surprise
4127,4128,147,41,15,I have a witness right here!,5,Dolores Umbridge,dolores umbridge,I have a witness right here!,surprise
4130,4131,147,41,15,You can shake your head for an,5,Dolores Umbridge,dolores umbridge,You can shake your head for an,fear
4131,4132,147,41,15,"What do you mean by shaking your head, girl?",5,Dolores Umbridge,dolores umbridge,"What do you mean by shaking your head, girl?",fear
4133,4134,147,41,15,"Why are you shaking your head, girl?",5,Dolores Umbridge,dolores umbridge,"Why are you shaking your head, girl?",fear
4135,4136,147,41,15,"My apologies, Headmaster. I forgot myself.",5,Dolores Umbridge,dolores umbridge,"My apologies, Headmaster. I forgot myself.",sadness
4139,4140,147,41,17,This has all been your doing! You've been recruiting students for your army!,5,Cornelius Fudge,cornelius fudge,This has all been your doing! You've been recruiting students for your army!,anger
4141,4142,147,41,17,I knew it! I KNEW it! You've been plotting against me all this time!,5,Cornelius Fudge,cornelius fudge,I knew it! I KNEW it! You've been plotting against me all this time!,surprise
4142,4143,147,41,17,This is too good to be true!,5,Cornelius Fudge,cornelius fudge,This is too good to be true!,joy
4143,4144,147,41,1,"Professor, no!",5,Harry Potter,harry potter,"Professor, no!",anger
4144,4145,147,41,4,"Quiet, Harry!",5,Albus Dumbledore,albus dumbledore,"Quiet, Harry!",joy
4145,4146,147,41,17,"Yes, shut up, Potter. So, you'll be coming with us to the Ministry--",5,Cornelius Fudge,cornelius fudge,"Yes, shut up, Potter. So, you'll be coming with us to the Ministry--",anger
4146,4147,147,41,4,"Ah, yes. I was wondering when we'd hit that little snag.",5,Albus Dumbledore,albus dumbledore,"Ah, yes. I was wondering when we'd hit that little snag.",surprise
4150,4151,147,41,17,"You would really take on two Aurors, Dolores, and myself, Dumbledore?",5,Cornelius Fudge,cornelius fudge,"You would really take on two Aurors, Dolores, and myself, Dumbledore?",surprise
4151,4152,147,41,4,"Naturally. All of you did rather well on your spellwork at this school, but if you attempt to take me in by force, I'm afraid I shall have to hurt you.",5,Albus Dumbledore,albus dumbledore,"Naturally. All of you did rather well on your spellwork at this school, but if you attempt to take me in by force, I'm afraid I shall have to hurt you.",fear
4152,4153,147,41,4,Are you all right?,5,Albus Dumbledore,albus dumbledore,Are you all right?,anger
4154,4155,147,41,4,I'm not going into hiding. Fudge will soon regret removing me from Hogwarts.,5,Albus Dumbledore,albus dumbledore,I'm not going into hiding. Fudge will soon regret removing me from Hogwarts.,sadness
4155,4156,147,41,1,"I'm so sorry, Professor!",5,Harry Potter,harry potter,"I'm so sorry, Professor!",sadness
4156,4157,147,41,4,"It's fine. Now listen to me, Harry. Keep studying Occlumency! Do everything Professor Snape tells you.",5,Albus Dumbledore,albus dumbledore,"It's fine. Now listen to me, Harry. Keep studying Occlumency! Do everything Professor Snape tells you.",anger
4157,4158,147,41,4,"Close your mind! You will understand, in time. Fudge is stirring.",5,Albus Dumbledore,albus dumbledore,"Close your mind! You will understand, in time. Fudge is stirring.",anger
4160,4161,147,36,15,"""By Order of the Ministry of Magic: Dolores Jane Umbridge will replace Albus Dumbledore as Head of Hogwarts School of Witchcraft and Wizardry.""",5,Dolores Umbridge,dolores umbridge,"""By Order of the Ministry of Magic: Dolores Jane Umbridge will replace Albus Dumbledore as Head of Hogwarts School of Witchcraft and Wizardry.""",fear
4161,4162,147,36,15,"My first act as your new Headmistress is to form an Inquisitional Squad, lead by Draco Malfoy. They will report directly to me about the goings on in the halls of this school.",5,Dolores Umbridge,dolores umbridge,"My first act as your new Headmistress is to form an Inquisitional Squad, lead by Draco Malfoy. They will report directly to me about the goings on in the halls of this school.",fear
4164,4165,148,35,2,"No way. Quidditch practice. If I don't show up, Angelina'll go mad.",5,Ron Weasley,ron weasley,"No way. Quidditch practice. If I don't show up, Angelina'll go mad.",anger
4168,4169,148,35,5,"All righ'. Well, I'm showin' yeh this, because tha' Umbridge woman put me on probation. I can' last much longer afore I get sacked like Trelawney.",5,Rubeus Hagrid,rubeus hagrid,"All righ'. Well, I'm showin' yeh this, because tha' Umbridge woman put me on probation. I can' last much longer afore I get sacked like Trelawney.",sadness
4169,4170,148,35,3,We won't let her!,5,Hermione Granger,hermione granger,We won't let her!,anger
4171,4172,148,35,5,Knew yeh'd say yes!,5,Rubeus Hagrid,rubeus hagrid,Knew yeh'd say yes!,anger
4173,4174,148,35,5,There we are!,5,Rubeus Hagrid,rubeus hagrid,There we are!,surprise
4174,4175,148,35,3,"Hagrid, I thought none of them wanted to come!",5,Hermione Granger,hermione granger,"Hagrid, I thought none of them wanted to come!",surprise
4175,4176,148,35,5,"None o' them did, Hermione! I didn' have much ruddy choice inna matter! I couldn' leave 'im!",5,Rubeus Hagrid,rubeus hagrid,"None o' them did, Hermione! I didn' have much ruddy choice inna matter! I couldn' leave 'im!",anger
4176,4177,148,35,3,"Oh, why, Hagrid? Why?",5,Hermione Granger,hermione granger,"Oh, why, Hagrid? Why?",surprise
4177,4178,148,35,5,He's me brother!,5,Rubeus Hagrid,rubeus hagrid,He's me brother!,surprise
4178,4179,148,35,5,"Well, half-brother anyway. Me mum had 'im afore she died.",5,Rubeus Hagrid,rubeus hagrid,"Well, half-brother anyway. Me mum had 'im afore she died.",sadness
4179,4180,148,35,5,Here. I'll introduce yeh to Grawp!,5,Rubeus Hagrid,rubeus hagrid,Here. I'll introduce yeh to Grawp!,joy
4181,4182,148,35,5,"Look wha' I brough' yeh, Grawpy! Two new friends an' all. We 'ave Harry Potter here, see? An' over here is Hermy.",5,Rubeus Hagrid,rubeus hagrid,"Look wha' I brough' yeh, Grawpy! Two new friends an' all. We 'ave Harry Potter here, see? An' over here is Hermy.",joy
4182,4183,148,35,93,Hermy!,5,Grawp,grawp,Hermy!,surprise
4183,4184,148,35,5,Bad Grawpy! Bad boy!,5,Rubeus Hagrid,rubeus hagrid,Bad Grawpy! Bad boy!,sadness
4184,4185,148,35,5,"We don' attack our friends, Grawpy!",5,Rubeus Hagrid,rubeus hagrid,"We don' attack our friends, Grawpy!",anger
4187,4188,148,35,5,Oh blimey...,5,Rubeus Hagrid,rubeus hagrid,Oh blimey...,joy
4190,4191,148,35,97,You stopped us from invoking our punishments on Firenze for becoming the servant of the humans at,5,Bane,bane,You stopped us from invoking our punishments on Firenze for becoming the servant of the humans at,anger
4191,4192,148,35,5,"Stopped yeh from committin' murder, yeh mean!",5,Rubeus Hagrid,rubeus hagrid,"Stopped yeh from committin' murder, yeh mean!",anger
4192,4193,148,35,5,"Well, you'll tolerate 'im as long as he's here!",5,Rubeus Hagrid,rubeus hagrid,"Well, you'll tolerate 'im as long as he's here!",anger
4198,4199,149,49,18,I'm bored. Wish it was full moon.,5,Sirius Black,sirius black,I'm bored. Wish it was full moon.,sadness
4200,4201,149,49,42,"This should cheer you up, Sirius. Look. Sirius grins.",5,James Potter,james potter,"This should cheer you up, Sirius. Look. Sirius grins.",joy
4202,4203,149,49,18,Expelliarmus!,5,Sirius Black,sirius black,Expelliarmus!,surprise
4203,4204,149,49,42,Impedimenta!,5,James Potter,james potter,Impedimenta!,surprise
4206,4207,149,49,45,"Leave him alone, James Potter!",5,Lily Potter,lily potter,"Leave him alone, James Potter!",anger
4207,4208,149,49,42,"Another charity case, Lily?",5,James Potter,james potter,"Another charity case, Lily?",surprise
4208,4209,149,49,45,What has he done to you?,5,Lily Potter,lily potter,What has he done to you?,anger
4211,4212,149,49,42,Levicorpus!,5,James Potter,james potter,Levicorpus!,surprise
4212,4213,149,49,45,"Leave him alone, Potter!",5,Lily Potter,lily potter,"Leave him alone, Potter!",anger
4213,4214,149,49,42,I will if you go out with me.,5,James Potter,james potter,I will if you go out with me.,anger
4214,4215,149,49,45,I wouldn't go out with you if it were a choice between you and the giant squid! Now let him down.,5,Lily Potter,lily potter,I wouldn't go out with you if it were a choice between you and the giant squid! Now let him down.,anger
4215,4216,149,49,18,Locomotor mortis!,5,Sirius Black,sirius black,Locomotor mortis!,surprise
4216,4217,149,49,45,"I said, leave him alone!",5,Lily Potter,lily potter,"I said, leave him alone!",anger
4217,4218,149,49,42,"Don't make me hex you, Lily.",5,James Potter,james potter,"Don't make me hex you, Lily.",anger
4218,4219,149,49,45,Then let him go!,5,Lily Potter,lily potter,Then let him go!,anger
4219,4220,149,49,42,Fine!,5,James Potter,james potter,Fine!,anger
4220,4221,149,49,42,"You're lucky Lily was here, Snivellus!",5,James Potter,james potter,"You're lucky Lily was here, Snivellus!",joy
4222,4223,149,49,42,Apologize to her! Now!,5,James Potter,james potter,Apologize to her! Now!,anger
4226,4227,149,49,42,Lily! Hey Lily!,5,James Potter,james potter,Lily! Hey Lily!,joy
4227,4228,149,49,6,"Having fun, Potter?",5,Severus Snape,severus snape,"Having fun, Potter?",joy
4228,4229,149,49,6,Been enjoying yourself?,5,Severus Snape,severus snape,Been enjoying yourself?,joy
4229,4230,149,49,1,No!,5,Harry Potter,harry potter,No!,anger
4231,4232,149,49,1,I--sorry!,5,Harry Potter,harry potter,I--sorry!,sadness
4233,4234,149,49,1,"No, of course not!",5,Harry Potter,harry potter,"No, of course not!",anger
4234,4235,149,49,6,"You had better not, Potter, or you will experience a pain so horrible you will wish you had never been born!",5,Severus Snape,severus snape,"You had better not, Potter, or you will experience a pain so horrible you will wish you had never been born!",fear
4235,4236,149,49,6,Now get out of my sight! Do not set foot in this office ever again!,5,Severus Snape,severus snape,Now get out of my sight! Do not set foot in this office ever again!,anger
4237,4238,150,36,18,I would rather die!,5,Sirius Black,sirius black,I would rather die!,anger
4239,4240,150,36,9,"I'm going to enjoy this, Black. I have you, and soon I shall have the weapon. And then not even your pathetic Order can stand in my way! Voldemort laughs, a horrible spine-chilling laugh.",5,Voldemort,voldemort,"I'm going to enjoy this, Black. I have you, and soon I shall have the weapon. And then not even your pathetic Order can stand in my way! Voldemort laughs, a horrible spine-chilling laugh.",joy
4240,4241,150,36,108,"Are you all right, Potter?",5,Griselda Marchbanks,griselda marchbanks,"Are you all right, Potter?",anger
4242,4243,150,36,1,"No--no, I've done all I can.",5,Harry Potter,harry potter,"No--no, I've done all I can.",anger
4243,4244,150,36,2,You all right?,5,Ron Weasley,ron weasley,You all right?,anger
4244,4245,150,36,1,Voldemort! He's got Sirius! In the Department of Mysteries!,5,Harry Potter,harry potter,Voldemort! He's got Sirius! In the Department of Mysteries!,surprise
4245,4246,150,36,3,How do you know?,5,Hermione Granger,hermione granger,How do you know?,surprise
4246,4247,150,36,1,I just saw it.,5,Harry Potter,harry potter,I just saw it.,surprise
4247,4248,150,36,1,How're we going to get there?,5,Harry Potter,harry potter,How're we going to get there?,surprise
4248,4249,150,36,2,To the Department of Mysteries?,5,Ron Weasley,ron weasley,To the Department of Mysteries?,surprise
4249,4250,150,36,1,We've got to do something!,5,Harry Potter,harry potter,We've got to do something!,anger
4251,4252,150,36,2,Yeah. They can't just waltz into the Ministry of Magic!,5,Ron Weasley,ron weasley,Yeah. They can't just waltz into the Ministry of Magic!,anger
4252,4253,150,36,3,"It just seems so unlikely, Harry!",5,Hermione Granger,hermione granger,"It just seems so unlikely, Harry!",surprise
4253,4254,150,36,1,I won't let Sirius die!,5,Harry Potter,harry potter,I won't let Sirius die!,anger
4254,4255,150,36,20,We heard Harry yelling. What's up?,5,Ginny Weasley,ginny weasley,We heard Harry yelling. What's up?,anger
4255,4256,150,36,1,Voldemort's broken into the Department of Mysteries. He's got Sirius there!,5,Harry Potter,harry potter,Voldemort's broken into the Department of Mysteries. He's got Sirius there!,surprise
4256,4257,150,36,3,"Think, Harry! Voldemort knows you! He knows you'd rush off to save Sirius.",5,Hermione Granger,hermione granger,"Think, Harry! Voldemort knows you! He knows you'd rush off to save Sirius.",anger
4257,4258,150,36,1,"There isn't anyone else, Hermione! Everyone from the Order is gone!",5,Harry Potter,harry potter,"There isn't anyone else, Hermione! Everyone from the Order is gone!",surprise
4259,4260,150,36,1,"No, there isn't!",5,Harry Potter,harry potter,"No, there isn't!",anger
4261,4262,150,36,1,How?,5,Harry Potter,harry potter,How?,surprise
4265,4266,150,36,3,"Mind you, it's got to be really good!",5,Hermione Granger,hermione granger,"Mind you, it's got to be really good!",joy
4266,4267,150,36,14,It's been too quiet around here,5,Fred Weasley,fred weasley,It's been too quiet around here,sadness
4275,4276,150,36,35,Professor! It's those Weasley twins! They've set something off in the Astronomy Tower!,5,Argus Filch,argus filch,Professor! It's those Weasley twins! They've set something off in the Astronomy Tower!,surprise
4277,4278,150,36,1,Grimmauld Place!,5,Harry Potter,harry potter,Grimmauld Place!,surprise
4278,4279,150,36,14,That was worth it!,5,Fred Weasley,fred weasley,That was worth it!,joy
4279,4280,150,36,35,I've got you now!,5,Argus Filch,argus filch,I've got you now!,surprise
4280,4281,150,36,14,"Thank you for playing, one and all.",5,Fred Weasley,fred weasley,"Thank you for playing, one and all.",joy
4281,4282,150,36,19,"And now, we've got to go!",5,George Weasley,george weasley,"And now, we've got to go!",anger
4282,4283,150,36,1,Sirius! Lupin? Hello?,5,Harry Potter,harry potter,Sirius! Lupin? Hello?,surprise
4283,4284,150,36,48,What's this? The Potter boy in the fire...,5,Kreacher,kreacher,What's this? The Potter boy in the fire...,surprise
4287,4288,150,36,14,"Fairly amusing, yeah.",5,Fred Weasley,fred weasley,"Fairly amusing, yeah.",joy
4289,4290,150,36,14,This was never your school! Hogwarts is Dumbledore's school!,5,Fred Weasley,fred weasley,This was never your school! Hogwarts is Dumbledore's school!,surprise
4291,4292,150,36,19,"You know, I don't think we are.",5,George Weasley,george weasley,"You know, I don't think we are.",surprise
4292,4293,150,36,14,"George, I think we've outgrown full- time education. Wouldn't you agree?",5,Fred Weasley,fred weasley,"George, I think we've outgrown full- time education. Wouldn't you agree?",surprise
4296,4297,150,36,14,Accio brooms!,5,Fred Weasley,fred weasley,Accio brooms!,joy
4297,4298,150,36,19,Accio brooms!,5,George Weasley,george weasley,Accio brooms!,joy
4298,4299,150,36,14,We won't be seeing you.,5,Fred Weasley,fred weasley,We won't be seeing you.,sadness
4299,4300,150,36,19,"Yeah, don't bother writing.",5,George Weasley,george weasley,"Yeah, don't bother writing.",anger
4300,4301,150,36,14,Be sure to visit us at our new premises on Diagon Alley!,5,Fred Weasley,fred weasley,Be sure to visit us at our new premises on Diagon Alley!,joy
4301,4302,150,36,1,"You know where he is, don't you?",5,Harry Potter,harry potter,"You know where he is, don't you?",anger
4304,4305,151,30,15,You think you could simply walk into my office without me knowing about it? Foolish boy!,5,Dolores Umbridge,dolores umbridge,You think you could simply walk into my office without me knowing about it? Foolish boy!,anger
4305,4306,151,30,15,Accio wand!,5,Dolores Umbridge,dolores umbridge,Accio wand!,surprise
4307,4308,151,30,1,It's none of your business.,5,Harry Potter,harry potter,It's none of your business.,anger
4310,4311,151,30,6,You wished to see me?,5,Severus Snape,severus snape,You wished to see me?,sadness
4312,4313,151,30,6,"Well, it appears that I cannot help you. I have none.",5,Severus Snape,severus snape,"Well, it appears that I cannot help you. I have none.",sadness
4313,4314,151,30,1,He's got Padfoot at the place it's hidden!,5,Harry Potter,harry potter,He's got Padfoot at the place it's hidden!,surprise
4314,4315,151,30,6,"Potter, if I want nonsense shouted at me, I shall inform you. He sweeps from the office. Umbridge is enraged.",5,Severus Snape,severus snape,"Potter, if I want nonsense shouted at me, I shall inform you. He sweeps from the office. Umbridge is enraged.",anger
4317,4318,151,30,1,You sent the Dementors?,5,Harry Potter,harry potter,You sent the Dementors?,surprise
4318,4319,151,30,15,Of course I did! Someone had to act!,5,Dolores Umbridge,dolores umbridge,Of course I did! Someone had to act!,anger
4319,4320,151,30,3,"No! Please, stop!",5,Hermione Granger,hermione granger,"No! Please, stop!",anger
4321,4322,151,30,1,"Hermione, no!",5,Harry Potter,harry potter,"Hermione, no!",anger
4323,4324,151,30,1,I would rather die!,5,Harry Potter,harry potter,I would rather die!,anger
4324,4325,151,30,15,"Shut up, Potter! Now talk, you silly girl! Who were you talking to?",5,Dolores Umbridge,dolores umbridge,"Shut up, Potter! Now talk, you silly girl! Who were you talking to?",anger
4326,4327,151,30,15,Tell him?,5,Dolores Umbridge,dolores umbridge,Tell him?,surprise
4331,4332,151,35,103,What are you doing in our forest?,5,Magorian,magorian,What are you doing in our forest?,surprise
4332,4333,151,35,15,Your forest? This forest belongs to the Ministry of Magic!,5,Dolores Umbridge,dolores umbridge,Your forest? This forest belongs to the Ministry of Magic!,surprise
4333,4334,151,35,15,"Stay back, you beasts!",5,Dolores Umbridge,dolores umbridge,"Stay back, you beasts!",anger
4334,4335,151,35,15,You cannot attack me! Any attack on a wizard by a half-breed--,5,Dolores Umbridge,dolores umbridge,You cannot attack me! Any attack on a wizard by a half-breed--,anger
4335,4336,151,35,3,Don't call them that!,5,Hermione Granger,hermione granger,Don't call them that!,anger
4336,4337,151,35,103,You dare to insult us?,5,Magorian,magorian,You dare to insult us?,anger
4337,4338,151,35,15,Come no closer!,5,Dolores Umbridge,dolores umbridge,Come no closer!,anger
4340,4341,151,35,147,What of these two?,5,Ghost,ghost,What of these two?,surprise
4341,4342,151,35,147,They have been here with Hagrid. They have heard the warnings and disobeyed. They must suffer the consequences!,5,Ghost,ghost,They have been here with Hagrid. They have heard the warnings and disobeyed. They must suffer the consequences!,anger
4343,4344,151,35,2,"Shut up, Malfoy!",5,Ron Weasley,ron weasley,"Shut up, Malfoy!",anger
4347,4348,151,35,10,Expelliarmus!,5,Neville Longbottom,neville longbottom,Expelliarmus!,surprise
4348,4349,151,35,93,Haggar!,5,Grawp,grawp,Haggar!,anger
4349,4350,151,35,93,Hermy! Where Haggar?,5,Grawp,grawp,Hermy! Where Haggar?,surprise
4350,4351,151,35,3,"Grawp, help us!",5,Hermione Granger,hermione granger,"Grawp, help us!",anger
4351,4352,151,35,93,Grawp save Hermy!,5,Grawp,grawp,Grawp save Hermy!,anger
4352,4353,151,35,1,"Great plan, Hermione.",5,Harry Potter,harry potter,"Great plan, Hermione.",joy
4354,4355,151,35,2,That's just what we were wondering.,5,Ron Weasley,ron weasley,That's just what we were wondering.,surprise
4357,4358,151,35,1,We've got no brooms.,5,Harry Potter,harry potter,We've got no brooms.,sadness
4361,4362,151,35,2,What are what?,5,Ron Weasley,ron weasley,What are what?,surprise
4369,4370,152,70,20,"What now, Harry?",5,Ginny Weasley,ginny weasley,"What now, Harry?",surprise
4370,4371,152,70,1,"All right, come on.",5,Harry Potter,harry potter,"All right, come on.",anger
4375,4376,152,70,1,This is it. Come on.,5,Harry Potter,harry potter,This is it. Come on.,anger
4378,4379,152,70,1,"I don't understand. In my dream,",5,Harry Potter,harry potter,"I don't understand. In my dream,",surprise
4381,4382,152,70,1,Who's there?,5,Harry Potter,harry potter,Who's there?,surprise
4382,4383,152,70,1,Sirius?,5,Harry Potter,harry potter,Sirius?,surprise
4383,4384,152,70,3,"There's no one here, Harry. This isn't the right room.",5,Hermione Granger,hermione granger,"There's no one here, Harry. This isn't the right room.",sadness
4386,4387,152,70,25,There are people in there!,5,Luna Lovegood,luna lovegood,There are people in there!,surprise
4387,4388,152,70,2,"What do you mean, people?",5,Ron Weasley,ron weasley,"What do you mean, people?",surprise
4388,4389,152,70,3,"Harry, I think we should leave.",5,Hermione Granger,hermione granger,"Harry, I think we should leave.",sadness
4390,4391,152,70,1,Alohomora!,5,Harry Potter,harry potter,Alohomora!,surprise
4392,4393,152,70,1,This is it! Come on!,5,Harry Potter,harry potter,This is it! Come on!,anger
4393,4394,152,70,1,This is it. This is where Sirius is!,5,Harry Potter,harry potter,This is it. This is where Sirius is!,surprise
4395,4396,152,70,3,I don't think Sirius is here.,5,Hermione Granger,hermione granger,I don't think Sirius is here.,surprise
4396,4397,152,70,2,"Harry, have you seen this?",5,Ron Weasley,ron weasley,"Harry, have you seen this?",surprise
4398,4399,152,70,1,What's my name doing here?,5,Harry Potter,harry potter,What's my name doing here?,surprise
4399,4400,152,70,3,"Don't touch it, Harry!",5,Hermione Granger,hermione granger,"Don't touch it, Harry!",anger
4402,4403,152,70,1,It's got my name on it!,5,Harry Potter,harry potter,It's got my name on it!,surprise
4405,4406,152,70,23,"We don't have him, if that's what you mean. Harry is stunned.",5,Lucius Malfoy,lucius malfoy,"We don't have him, if that's what you mean. Harry is stunned.",surprise
4408,4409,152,70,1,What prophesy?,5,Harry Potter,harry potter,What prophesy?,fear
4411,4412,152,70,23,"Very brave of you, Potter. Or are you foolish?",5,Lucius Malfoy,lucius malfoy,"Very brave of you, Potter. Or are you foolish?",fear
4413,4414,152,70,23,"Really, Potter. You expect to defeat all of us with your little school friends? Now hand it over, and they won't have to die here.",5,Lucius Malfoy,lucius malfoy,"Really, Potter. You expect to defeat all of us with your little school friends? Now hand it over, and they won't have to die here.",surprise
4414,4415,152,70,22,I haven't escaped from Azkaban for this!,5,Bellatrix Lestrange,bellatrix lestrange,I haven't escaped from Azkaban for this!,surprise
4415,4416,152,70,23,No! If the prophesy is smashed--,5,Lucius Malfoy,lucius malfoy,No! If the prophesy is smashed--,anger
4417,4418,152,70,1,You even try to take her and I'll smash this thing.,5,Harry Potter,harry potter,You even try to take her and I'll smash this thing.,anger
4420,4421,152,70,1,Not really. How come Voldemort wants it?,5,Harry Potter,harry potter,Not really. How come Voldemort wants it?,surprise
4421,4422,152,70,23,You dare to speak the Dark Lord's name?,5,Lucius Malfoy,lucius malfoy,You dare to speak the Dark Lord's name?,anger
4422,4423,152,70,22,Silence! How dare you utter that name from your half--blood mouth!,5,Bellatrix Lestrange,bellatrix lestrange,Silence! How dare you utter that name from your half--blood mouth!,anger
4424,4425,152,70,23,"Control yourself, Bellatrix!",5,Lucius Malfoy,lucius malfoy,"Control yourself, Bellatrix!",anger
4425,4426,152,70,1,What's so special about this,5,Harry Potter,harry potter,What's so special about this,surprise
4427,4428,152,70,1,What?,5,Harry Potter,harry potter,What?,surprise
4428,4429,152,70,23,So that's what took you so long. We wondered.,5,Lucius Malfoy,lucius malfoy,So that's what took you so long. We wondered.,surprise
4431,4432,152,70,1,Now!,5,Harry Potter,harry potter,Now!,surprise
4433,4434,152,70,23,Stop them!,5,Lucius Malfoy,lucius malfoy,Stop them!,anger
4434,4435,152,70,3,Colloportus!,5,Hermione Granger,hermione granger,Colloportus!,surprise
4436,4437,152,70,3,"Harry, they went the wrong way!",5,Hermione Granger,hermione granger,"Harry, they went the wrong way!",anger
4441,4442,152,70,10,Expelliarmus!,5,Neville Longbottom,neville longbottom,Expelliarmus!,surprise
4443,4444,152,70,1,Ron!,5,Harry Potter,harry potter,Ron!,surprise
4444,4445,152,70,129,Impedimenta!,5,Ghosts,ghosts,Impedimenta!,surprise
4445,4446,152,70,129,We've got him!,5,Ghosts,ghosts,We've got him!,anger
4447,4448,152,70,1,Pretificus Totalus!,5,Harry Potter,harry potter,Pretificus Totalus!,anger
4449,4450,152,70,1,Hermione!,5,Harry Potter,harry potter,Hermione!,surprise
4450,4451,152,70,1,"Please don't be dead, please don't be dead... He shakes her.",5,Harry Potter,harry potter,"Please don't be dead, please don't be dead... He shakes her.",fear
4451,4452,152,70,10,What's they do to her?,5,Neville Longbottom,neville longbottom,What's they do to her?,anger
4453,4454,152,70,1,Can we carry her?,5,Harry Potter,harry potter,Can we carry her?,fear
4456,4457,152,70,1,I don't know...,5,Harry Potter,harry potter,I don't know...,surprise
4457,4458,152,70,1,What happened.,5,Harry Potter,harry potter,What happened.,surprise
4458,4459,152,70,20,I think my ankle's broken. And somebody hit Ron with a weird spell...,5,Ginny Weasley,ginny weasley,I think my ankle's broken. And somebody hit Ron with a weird spell...,fear
4460,4461,152,70,25,They hit her with something too.,5,Luna Lovegood,luna lovegood,They hit her with something too.,anger
4462,4463,152,70,22,There they are!,5,Bellatrix Lestrange,bellatrix lestrange,There they are!,surprise
4464,4465,152,70,1,Let my friends go and I will.,5,Harry Potter,harry potter,Let my friends go and I will.,anger
4466,4467,152,70,10,"Don't do it, Harry! Don't!",5,Neville Longbottom,neville longbottom,"Don't do it, Harry! Don't!",fear
4467,4468,152,70,1,"Stop, Neville!",5,Harry Potter,harry potter,"Stop, Neville!",anger
4468,4469,152,70,22,Neville? Neville Longbottom?,5,Bellatrix Lestrange,bellatrix lestrange,Neville? Neville Longbottom?,surprise
4469,4470,152,70,22,"My dear boy, I paid your parents a visit a long time ago. We had such a time!",5,Bellatrix Lestrange,bellatrix lestrange,"My dear boy, I paid your parents a visit a long time ago. We had such a time!",surprise
4470,4471,152,70,10,You put them in St. Mungos!,5,Neville Longbottom,neville longbottom,You put them in St. Mungos!,surprise
4472,4473,152,70,10,Don't give it to them!,5,Neville Longbottom,neville longbottom,Don't give it to them!,anger
4473,4474,152,70,22,Crucio!,5,Bellatrix Lestrange,bellatrix lestrange,Crucio!,surprise
4474,4475,152,70,1,Are you all right?,5,Harry Potter,harry potter,Are you all right?,anger
4476,4477,152,70,129,Give me the prophesy!,5,Ghosts,ghosts,Give me the prophesy!,joy
4477,4478,153,70,18,"Get out of here, you two!",5,Sirius Black,sirius black,"Get out of here, you two!",anger
4479,4480,153,70,1,You come with us!,5,Harry Potter,harry potter,You come with us!,anger
4481,4482,153,70,18,"I'll always be here for you, Harry. Now go!",5,Sirius Black,sirius black,"I'll always be here for you, Harry. Now go!",joy
4482,4483,153,70,18,"Hello, cousin!",5,Sirius Black,sirius black,"Hello, cousin!",joy
4486,4487,153,70,1,Protego!,5,Harry Potter,harry potter,Protego!,surprise
4487,4488,153,70,10,It's Dumbledore!,5,Neville Longbottom,neville longbottom,It's Dumbledore!,surprise
4488,4489,153,70,18,"Is that the best you've got, cousin?",5,Sirius Black,sirius black,"Is that the best you've got, cousin?",surprise
4489,4490,153,70,11,Harry! HARRY!...he's gone...there's nothing you can do...,5,Remus Lupin,remus lupin,Harry! HARRY!...he's gone...there's nothing you can do...,surprise
4491,4492,153,70,11,"Harry, no!",5,Remus Lupin,remus lupin,"Harry, no!",anger
4492,4493,154,70,22,"You can't stop me, Potter!",5,Bellatrix Lestrange,bellatrix lestrange,"You can't stop me, Potter!",anger
4493,4494,154,70,1,I'LL KILL you!!,5,Harry Potter,harry potter,I'LL KILL you!!,anger
4496,4497,154,70,22,"Well, well, have you come to avenge your dear Godfather?",5,Bellatrix Lestrange,bellatrix lestrange,"Well, well, have you come to avenge your dear Godfather?",anger
4497,4498,154,70,1,Crucio!,5,Harry Potter,harry potter,Crucio!,surprise
4498,4499,154,70,22,Crucio!,5,Bellatrix Lestrange,bellatrix lestrange,Crucio!,surprise
4499,4500,154,70,22,"Never used an Unforgivable Curse before, have you, Potter? You have to mean it, you have to want to cause the pain in your very soul...",5,Bellatrix Lestrange,bellatrix lestrange,"Never used an Unforgivable Curse before, have you, Potter? You have to mean it, you have to want to cause the pain in your very soul...",fear
4500,4501,154,70,22,Give me the prophesy!,5,Bellatrix Lestrange,bellatrix lestrange,Give me the prophesy!,joy
4501,4502,154,70,1,Can't. It got smashed by accident!,5,Harry Potter,harry potter,Can't. It got smashed by accident!,surprise
4502,4503,154,70,22,You lie!,5,Bellatrix Lestrange,bellatrix lestrange,You lie!,anger
4504,4505,154,70,22,"Forgive me, Master! I tried, I--",5,Bellatrix Lestrange,bellatrix lestrange,"Forgive me, Master! I tried, I--",anger
4505,4506,154,70,1,"He can't hear you from here, you know!",5,Harry Potter,harry potter,"He can't hear you from here, you know!",anger
4506,4507,154,70,9,"So, you smashed my prophesy...",5,Voldemort,voldemort,"So, you smashed my prophesy...",anger
4507,4508,154,70,9,"I grow tired of you continually thwarting my plans, Harry Potter!",5,Voldemort,voldemort,"I grow tired of you continually thwarting my plans, Harry Potter!",anger
4510,4511,155,70,9,"It is you who made that mistake, Dumbledore!",5,Voldemort,voldemort,"It is you who made that mistake, Dumbledore!",anger
4511,4512,155,70,9,Avada Kedavra!,5,Voldemort,voldemort,Avada Kedavra!,joy
4512,4513,155,70,9,"You do not seek to kill me, Dumbledore?",5,Voldemort,voldemort,"You do not seek to kill me, Dumbledore?",fear
4515,4516,155,70,4,"You are quite wrong, Tom, as you have always been.",5,Albus Dumbledore,albus dumbledore,"You are quite wrong, Tom, as you have always been.",anger
4516,4517,155,70,1,Look out!,5,Harry Potter,harry potter,Look out!,anger
4517,4518,155,70,1,Professor!,5,Harry Potter,harry potter,Professor!,surprise
4518,4519,155,70,4,"Stay where you are, Harry!",5,Albus Dumbledore,albus dumbledore,"Stay where you are, Harry!",anger
4519,4520,155,70,4,Harry!,5,Albus Dumbledore,albus dumbledore,Harry!,surprise
4520,4521,155,70,4,"Are you all right, Harry?",5,Albus Dumbledore,albus dumbledore,"Are you all right, Harry?",anger
4521,4522,155,70,37,"Minister, I saw him! You-Know-Who! He was right there!",5,Percy Weasley,percy weasley,"Minister, I saw him! You-Know-Who! He was right there!",surprise
4523,4524,155,70,4,"If you and your men will proceed to the Death Room, you will find several Death Eaters which I and some others have apprehended.",5,Albus Dumbledore,albus dumbledore,"If you and your men will proceed to the Death Room, you will find several Death Eaters which I and some others have apprehended.",fear
4524,4525,155,70,17,Seize him!,5,Cornelius Fudge,cornelius fudge,Seize him!,anger
4525,4526,155,70,4,"Minister, you have just seen You- Know-Who in the flesh only seconds ago! It is time to come to your senses!",5,Albus Dumbledore,albus dumbledore,"Minister, you have just seen You- Know-Who in the flesh only seconds ago! It is time to come to your senses!",surprise
4526,4527,155,70,4,"If you insist on trying to arrest me, I am perfectly willing demonstrate how useless such an attempt will be.",5,Albus Dumbledore,albus dumbledore,"If you insist on trying to arrest me, I am perfectly willing demonstrate how useless such an attempt will be.",anger
4527,4528,155,70,17,"Dumbledore, what the blazes happened here?",5,Cornelius Fudge,cornelius fudge,"Dumbledore, what the blazes happened here?",surprise
4529,4530,155,70,17,What's he doing here? And what's happened to him?,5,Cornelius Fudge,cornelius fudge,What's he doing here? And what's happened to him?,surprise
4530,4531,155,70,4,"Minister, you will order the removal of Dolores Umbridge from my school.",5,Albus Dumbledore,albus dumbledore,"Minister, you will order the removal of Dolores Umbridge from my school.",anger
4531,4532,155,70,4,All Educational Decrees will be nullified and you will call off the search on Hagrid so he can return to work.,5,Albus Dumbledore,albus dumbledore,All Educational Decrees will be nullified and you will call off the search on Hagrid so he can return to work.,anger
4534,4535,155,70,17,"Dumbledore, I want some answers!",5,Cornelius Fudge,cornelius fudge,"Dumbledore, I want some answers!",anger
4539,4540,156,41,1,No you don't!,5,Harry Potter,harry potter,No you don't!,anger
4541,4542,156,41,4,"There is no shame in feeling pain, Harry. It is your greatest strength...",5,Albus Dumbledore,albus dumbledore,"There is no shame in feeling pain, Harry. It is your greatest strength...",sadness
4542,4543,156,41,1,You don't have a clue! You can't possibly know!,5,Harry Potter,harry potter,You don't have a clue! You can't possibly know!,surprise
4543,4544,156,41,4,What can't I know?,5,Albus Dumbledore,albus dumbledore,What can't I know?,surprise
4544,4545,156,41,4,"This pain is part of being human, Harry...",5,Albus Dumbledore,albus dumbledore,"This pain is part of being human, Harry...",sadness
4545,4546,156,41,1,I don't care! I don't care!,5,Harry Potter,harry potter,I don't care! I don't care!,anger
4547,4548,156,41,1,Let me out.,5,Harry Potter,harry potter,Let me out.,anger
4549,4550,156,41,1,You can't keep me in here!,5,Harry Potter,harry potter,You can't keep me in here!,anger
4550,4551,156,41,4,"I daresay I can. And if you actually do attack me with that wand, Harry, I'm afraid to say you will regret it.",5,Albus Dumbledore,albus dumbledore,"I daresay I can. And if you actually do attack me with that wand, Harry, I'm afraid to say you will regret it.",fear
4551,4552,156,41,4,It is my fault Sirius died tonight.,5,Albus Dumbledore,albus dumbledore,It is my fault Sirius died tonight.,sadness
4554,4555,156,41,4,"Haven't you wondered why I haven't spoken to you, even looked at you, for months?",5,Albus Dumbledore,albus dumbledore,"Haven't you wondered why I haven't spoken to you, even looked at you, for months?",surprise
4556,4557,156,41,4,"Sirius told me you believed there was a snake inside of you. This was Voldemort attempting to manipulate you. To protect you from this, I had you study Occlumency.",5,Albus Dumbledore,albus dumbledore,"Sirius told me you believed there was a snake inside of you. This was Voldemort attempting to manipulate you. To protect you from this, I had you study Occlumency.",fear
4557,4558,156,41,1,But Snape stopped giving me lessons.,5,Harry Potter,harry potter,But Snape stopped giving me lessons.,anger
4560,4561,156,41,4,"I would trust Severus Snape with my life, Harry. You have never recovered from your mistrust of him in your first year.",5,Albus Dumbledore,albus dumbledore,"I would trust Severus Snape with my life, Harry. You have never recovered from your mistrust of him in your first year.",fear
4561,4562,156,41,1,Sirius didn't trust him. Didn't believe he'd really turned to our side...,5,Harry Potter,harry potter,Sirius didn't trust him. Didn't believe he'd really turned to our side...,surprise
4563,4564,156,41,4,"During your Occulumency lessons, Professor Snape discovered that you were dreaming about the door in the Department of Mysteries.",5,Albus Dumbledore,albus dumbledore,"During your Occulumency lessons, Professor Snape discovered that you were dreaming about the door in the Department of Mysteries.",fear
4567,4568,156,41,1,But I checked Grimmauld Place! Kreacher said--,5,Harry Potter,harry potter,But I checked Grimmauld Place! Kreacher said--,surprise
4569,4570,156,41,1,Why?,5,Harry Potter,harry potter,Why?,surprise
4571,4572,156,41,1,What?,5,Harry Potter,harry potter,What?,surprise
4575,4576,156,41,1,And Hermione said we should be nice to Kreacher!,5,Harry Potter,harry potter,And Hermione said we should be nice to Kreacher!,joy
4580,4581,156,41,4,I was trying to save his life!,5,Albus Dumbledore,albus dumbledore,I was trying to save his life!,anger
4583,4584,156,41,1,She never loved me.,5,Harry Potter,harry potter,She never loved me.,sadness
4585,4586,156,41,4,"And now we come to the moment of terrible truth, the moment I have dreaded for fifteen years. The moment when I must lay another burden atop your already straining shoulders.",5,Albus Dumbledore,albus dumbledore,"And now we come to the moment of terrible truth, the moment I have dreaded for fifteen years. The moment when I must lay another burden atop your already straining shoulders.",fear
4586,4587,156,41,4,Do you remember your first year here? When you lay in the hospital wing fresh from your confrontation with Voldemort?,5,Albus Dumbledore,albus dumbledore,Do you remember your first year here? When you lay in the hospital wing fresh from your confrontation with Voldemort?,fear
4588,4589,156,41,1,I asked you why Voldemort tried to kill me.,5,Harry Potter,harry potter,I asked you why Voldemort tried to kill me.,fear
4589,4590,156,41,4,"You have no idea the pain it causes me to tell it to you, even now. But unfortunately, I must.",5,Albus Dumbledore,albus dumbledore,"You have no idea the pain it causes me to tell it to you, even now. But unfortunately, I must.",sadness
4591,4592,156,41,1,"Professor, why am I so important to",5,Harry Potter,harry potter,"Professor, why am I so important to",surprise
4593,4594,156,41,1,"Sir, it got smashed.",5,Harry Potter,harry potter,"Sir, it got smashed.",anger
4596,4597,156,41,1,"I'm not sure I understand all that, sir...",5,Harry Potter,harry potter,"I'm not sure I understand all that, sir...",surprise
4597,4598,156,41,1,And...it means me?,5,Harry Potter,harry potter,And...it means me?,surprise
4600,4601,156,41,1,What if he chose wrong?,5,Harry Potter,harry potter,What if he chose wrong?,anger
4601,4602,156,41,1,Why didn't he wait? Why attack when we were babies?,5,Harry Potter,harry potter,Why didn't he wait? Why attack when we were babies?,anger
4604,4605,156,41,4,There is a room in the Department of Mysteries which is kept locked at all times. It contains a force so wonderful and yet terrible that it is greater than death itself. It is that power which you have incredible amounts of and of which Voldemort has none.,5,Albus Dumbledore,albus dumbledore,There is a room in the Department of Mysteries which is kept locked at all times. It contains a force so wonderful and yet terrible that it is greater than death itself. It is that power which you have incredible amounts of and of which Voldemort has none.,fear
4605,4606,156,41,1,"What is it, sir?",5,Harry Potter,harry potter,"What is it, sir?",surprise
4612,4613,156,36,47,"I--Well, Madam Pomfrey asked me to tell you that Hermione and Ron are out of the hospital wing.",5,Nearly Headless Nick,nearly headless nick,"I--Well, Madam Pomfrey asked me to tell you that Hermione and Ron are out of the hospital wing.",sadness
4613,4614,156,36,1,Oh. Thanks.,5,Harry Potter,harry potter,Oh. Thanks.,joy
4614,4615,156,36,1,"Nick, I was wondering about something?",5,Harry Potter,harry potter,"Nick, I was wondering about something?",surprise
4615,4616,156,36,47,I've been expecting this...,5,Nearly Headless Nick,nearly headless nick,I've been expecting this...,surprise
4616,4617,156,36,1,Expecting what?,5,Harry Potter,harry potter,Expecting what?,surprise
4617,4618,156,36,47,A lot of people come to me when they've lost loved ones.,5,Nearly Headless Nick,nearly headless nick,A lot of people come to me when they've lost loved ones.,sadness
4620,4621,156,36,1,Why?,5,Harry Potter,harry potter,Why?,surprise
4621,4622,156,36,47,I'm sorry I couldn't be of more,5,Nearly Headless Nick,nearly headless nick,I'm sorry I couldn't be of more,sadness
4622,4623,156,36,3,Harry!,5,Hermione Granger,hermione granger,Harry!,surprise
4623,4624,156,36,1,How are you?,5,Harry Potter,harry potter,How are you?,surprise
4635,4636,156,36,25,Oh no. It all turns up in the end.,5,Luna Lovegood,luna lovegood,Oh no. It all turns up in the end.,surprise
4638,4639,156,36,25,My mother. I was nine.,5,Luna Lovegood,luna lovegood,My mother. I was nine.,sadness
4639,4640,156,36,1,I'm sorry.,5,Harry Potter,harry potter,I'm sorry.,sadness
4640,4641,156,36,25,It's okay. It's not like I'll never see her again.,5,Luna Lovegood,luna lovegood,It's okay. It's not like I'll never see her again.,sadness
4641,4642,156,36,1,Isn't it?,5,Harry Potter,harry potter,Isn't it?,surprise
4642,4643,156,36,25,Don't tell me you didn't hear them. The voices beyond the Veil?,5,Luna Lovegood,luna lovegood,Don't tell me you didn't hear them. The voices beyond the Veil?,surprise
4646,4647,157,36,3,What's that ?,5,Hermione Granger,hermione granger,What's that ?,surprise
4650,4651,158,16,22,Narcissa!,6,Bellatrix Lestrange,bellatrix lestrange,Narcissa!,surprise
4651,4652,158,16,22,Cissy! You mustn't do this.  He can't be trusted.,6,Bellatrix Lestrange,bellatrix lestrange,Cissy! You mustn't do this.  He can't be trusted.,anger
4660,4661,158,16,63,I know I ought not to be here. The Dark Lord himself has forbidden me to speak of this --,6,Narcissa Malfoy,narcissa malfoy,I know I ought not to be here. The Dark Lord himself has forbidden me to speak of this --,fear
4661,4662,158,16,6,"If the Dark Lord has forbidden it, you ought not to speak.",6,Severus Snape,severus snape,"If the Dark Lord has forbidden it, you ought not to speak.",anger
4663,4664,158,16,22,You? The Dark Lord told you?,6,Bellatrix Lestrange,bellatrix lestrange,You? The Dark Lord told you?,surprise
4664,4665,158,16,6,"Your sister doubts me, Narcissa. Understandable.",6,Severus Snape,severus snape,"Your sister doubts me, Narcissa. Understandable.",fear
4668,4669,158,16,22,"You should feel honored, Cissy. As should Draco --",6,Bellatrix Lestrange,bellatrix lestrange,"You should feel honored, Cissy. As should Draco --",joy
4669,4670,158,16,63,He's just a boy!,6,Narcissa Malfoy,narcissa malfoy,He's just a boy!,anger
4670,4671,158,16,6,I can't change the Dark Lord's mind.  But it might be possible for me to help Draco.  To provide some... protection.,6,Severus Snape,severus snape,I can't change the Dark Lord's mind.  But it might be possible for me to help Draco.  To provide some... protection.,fear
4671,4672,158,16,63,"Do you mean it, Severus?",6,Narcissa Malfoy,narcissa malfoy,"Do you mean it, Severus?",surprise
4676,4677,158,16,6,Take out your wand.,6,Severus Snape,severus snape,Take out your wand.,anger
4681,4682,158,16,22,"And should it prove necessary, if it seems Draco will fail... will you yourself carry out the deed that the Dark Lord has ordered Draco to perform?",6,Bellatrix Lestrange,bellatrix lestrange,"And should it prove necessary, if it seems Draco will fail... will you yourself carry out the deed that the Dark Lord has ordered Draco to perform?",fear
4683,4684,159,11,143,Harry Potter.  Who's Harry Potter?,6,Wizard,wizard,Harry Potter.  Who's Harry Potter?,surprise
4684,4685,159,11,1,Oh.  Um.  No one.  Bit of a tosser.,6,Harry Potter,harry potter,Oh.  Um.  No one.  Bit of a tosser.,surprise
4685,4686,159,11,143,"Funny that paper of yours.  Couple nights ago, I could swear I saw one of the pictures move.",6,Wizard,wizard,"Funny that paper of yours.  Couple nights ago, I could swear I saw one of the pictures move.",surprise
4686,4687,159,11,1,Really.,6,Harry Potter,harry potter,Really.,surprise
4687,4688,159,11,143,Thought I'd gone round the twist.,6,Wizard,wizard,Thought I'd gone round the twist.,surprise
4688,4689,159,11,1,Hey.  I was wondering...,6,Harry Potter,harry potter,Hey.  I was wondering...,surprise
4691,4692,160,11,1,I like riding round on the trains. It takes my mind off... things.,6,Harry Potter,harry potter,I like riding round on the trains. It takes my mind off... things.,joy
4692,4693,160,11,4,"Rather unpleasant to behold, isn't it?  The tale is thrilling if I do say so myself, but I'm afraid now is not the time to tell it.  Take my arm.",6,Albus Dumbledore,albus dumbledore,"Rather unpleasant to behold, isn't it?  The tale is thrilling if I do say so myself, but I'm afraid now is not the time to tell it.  Take my arm.",fear
4693,4694,160,18,1,"I just Apparated, didn't I?",6,Harry Potter,harry potter,"I just Apparated, didn't I?",surprise
4695,4696,160,18,1,Can't imagine why...,6,Harry Potter,harry potter,Can't imagine why...,surprise
4696,4697,160,18,4,"Welcome to the charming village of Budleigh Babberton, Harry.  I assume right about now you're wondering why I've brought you here, am I right?",6,Albus Dumbledore,albus dumbledore,"Welcome to the charming village of Budleigh Babberton, Harry.  I assume right about now you're wondering why I've brought you here, am I right?",surprise
4698,4699,160,18,4,"Wand out, Harry.",6,Albus Dumbledore,albus dumbledore,"Wand out, Harry.",anger
4700,4701,160,18,4,Horace!,6,Albus Dumbledore,albus dumbledore,Horace!,fear
4701,4702,160,18,8,Merlin's Beard!,6,Horace Slughorn,horace slughorn,Merlin's Beard!,surprise
4702,4703,160,18,8,"There's no need to disfigure me, Albus!",6,Horace Slughorn,horace slughorn,"There's no need to disfigure me, Albus!",anger
4706,4707,160,18,8,"Yes, well, I couldn't very well use wizard's blood, could I?  Oho!",6,Horace Slughorn,horace slughorn,"Yes, well, I couldn't very well use wizard's blood, could I?  Oho!",fear
4708,4709,160,18,4,"So why all the theatrics, Horace? You weren't perhaps expecting someone else, were you?",6,Albus Dumbledore,albus dumbledore,"So why all the theatrics, Horace? You weren't perhaps expecting someone else, were you?",surprise
4709,4710,160,18,8,S-someone else?  I'm sure I don't know what you mean.,6,Horace Slughorn,horace slughorn,S-someone else?  I'm sure I don't know what you mean.,surprise
4710,4711,160,18,8,Oh all right!  The Death Eaters have been trying to recruit me for over a year.  Do you know what that's like?  One can only say no to these people so many times before they...,6,Horace Slughorn,horace slughorn,Oh all right!  The Death Eaters have been trying to recruit me for over a year.  Do you know what that's like?  One can only say no to these people so many times before they...,joy
4714,4715,160,18,4,That was fun.  May I use the loo?,6,Albus Dumbledore,albus dumbledore,That was fun.  May I use the loo?,joy
4715,4716,160,18,8,"Don't think I don't know why you're here, Albus!  The answer is still no!  Absolutely, unequivocally no!",6,Horace Slughorn,horace slughorn,"Don't think I don't know why you're here, Albus!  The answer is still no!  Absolutely, unequivocally no!",fear
4718,4719,160,18,8,Lily.  Lovely Lily.  She was exceedingly bright -- your mother. Even more impressive when one considers she was Muggle-born.,6,Horace Slughorn,horace slughorn,Lily.  Lovely Lily.  She was exceedingly bright -- your mother. Even more impressive when one considers she was Muggle-born.,joy
4719,4720,160,18,1,One of my best friends is Muggle- born.  She's the best in our year.,6,Harry Potter,harry potter,One of my best friends is Muggle- born.  She's the best in our year.,joy
4720,4721,160,18,8,"Oh, but you mustn't think I'm prejudiced!  No, no, no! Your mother was one of my absolute favorites!  Look, there she is. Right up front.",6,Horace Slughorn,horace slughorn,"Oh, but you mustn't think I'm prejudiced!  No, no, no! Your mother was one of my absolute favorites!  Look, there she is. Right up front.",surprise
4723,4724,160,18,8,"Ah yes.  Regulus Black.  You no doubt know of his older brother Sirius.  Died a few weeks ago.  I taught the whole Black family except Sirius.  Shame.  Talented boy.  I got Regulus when he came along, of course, but I'd have liked the set.",6,Horace Slughorn,horace slughorn,"Ah yes.  Regulus Black.  You no doubt know of his older brother Sirius.  Died a few weeks ago.  I taught the whole Black family except Sirius.  Shame.  Talented boy.  I got Regulus when he came along, of course, but I'd have liked the set.",sadness
4725,4726,160,18,8,Of course.  But you're not leaving?,6,Horace Slughorn,horace slughorn,Of course.  But you're not leaving?,surprise
4727,4728,160,18,8,"All right!  I'll do it.  But I'll be wanting Professor Merrythought's old office, not that water closet I had formerly. And I expect a raise!  These are mad times we live in!  Mad!",6,Horace Slughorn,horace slughorn,"All right!  I'll do it.  But I'll be wanting Professor Merrythought's old office, not that water closet I had formerly. And I expect a raise!  These are mad times we live in!  Mad!",anger
4731,4732,160,17,4,"I fear I may have stolen a wondrous night from you, Harry. She was, truthfully, very pretty. The girl.",6,Albus Dumbledore,albus dumbledore,"I fear I may have stolen a wondrous night from you, Harry. She was, truthfully, very pretty. The girl.",fear
4736,4737,160,17,1,Sir?,6,Harry Potter,harry potter,Sir?,surprise
4737,4738,161,17,20,Hedwig...?  Mum!,6,Ginny Weasley,ginny weasley,Hedwig...?  Mum!,surprise
4738,4739,161,17,20,Exactly.  How'd you guess?,6,Ginny Weasley,ginny weasley,Exactly.  How'd you guess?,surprise
4741,4742,161,17,20,Now you're joking.  I was only wondering when Harry got here.,6,Ginny Weasley,ginny weasley,Now you're joking.  I was only wondering when Harry got here.,surprise
4742,4743,161,17,26,Harry who?,6,Molly Weasley,molly weasley,Harry who?,surprise
4744,4745,161,17,26,"I think I'd know if Harry Potter was in my house, wouldn't I?",6,Molly Weasley,molly weasley,"I think I'd know if Harry Potter was in my house, wouldn't I?",surprise
4746,4747,161,17,26,I seriously doubt that.,6,Molly Weasley,molly weasley,I seriously doubt that.,surprise
4747,4748,161,17,2,Harry?  Did someone say Harry?,6,Ron Weasley,ron weasley,Harry?  Did someone say Harry?,surprise
4748,4749,161,17,20,"Me, nosy.  Is he up there with you?",6,Ginny Weasley,ginny weasley,"Me, nosy.  Is he up there with you?",surprise
4749,4750,161,17,2,"'Course not.  Think I'd know if my best friend was in my room, wouldn't I?",6,Ron Weasley,ron weasley,"'Course not.  Think I'd know if my best friend was in my room, wouldn't I?",surprise
4750,4751,161,17,3,Was that an owl I heard?,6,Hermione Granger,hermione granger,Was that an owl I heard?,surprise
4751,4752,161,17,20,"Harry's.  Haven't seen him, have you?  Apparently, he's wandering about the house.",6,Ginny Weasley,ginny weasley,"Harry's.  Haven't seen him, have you?  Apparently, he's wandering about the house.",surprise
4752,4753,161,17,3,Really?,6,Hermione Granger,hermione granger,Really?,surprise
4753,4754,161,17,1,Really.,6,Harry Potter,harry potter,Really.,surprise
4754,4755,161,17,2,Harry!,6,Ron Weasley,ron weasley,Harry!,surprise
4755,4756,161,17,3,Harry!,6,Hermione Granger,hermione granger,Harry!,surprise
4756,4757,161,17,26,But why didn't you tell us you were coming?,6,Molly Weasley,molly weasley,But why didn't you tell us you were coming?,surprise
4757,4758,161,17,1,Didn't know. Dumbledore.,6,Harry Potter,harry potter,Didn't know. Dumbledore.,surprise
4758,4759,161,17,26,"That man.  But then, what would we do without him?  Ron!",6,Molly Weasley,molly weasley,"That man.  But then, what would we do without him?  Ron!",anger
4760,4761,161,17,1,When'd you get here?,6,Harry Potter,harry potter,When'd you get here?,surprise
4761,4762,161,17,3,"A few days ago.  Though... for a bit, I wasn't sure I was coming.",6,Hermione Granger,hermione granger,"A few days ago.  Though... for a bit, I wasn't sure I was coming.",surprise
4762,4763,161,17,2,Mum sort of lost it last week. Said Ginny and I had no business going back to Hogwarts.  That it's too dangerous.,6,Ron Weasley,ron weasley,Mum sort of lost it last week. Said Ginny and I had no business going back to Hogwarts.  That it's too dangerous.,fear
4763,4764,161,17,1,Oh come on...,6,Harry Potter,harry potter,Oh come on...,anger
4764,4765,161,17,3,She's not alone.  Even my parents -- and they're Muggles -- know something bad is happening.,6,Hermione Granger,hermione granger,She's not alone.  Even my parents -- and they're Muggles -- know something bad is happening.,sadness
4775,4776,161,6,14,Puking Pastilles!,6,Fred Weasley,fred weasley,Puking Pastilles!,anger
4778,4779,161,6,14,"What'd you think, Harry?",6,Fred Weasley,fred weasley,"What'd you think, Harry?",surprise
4779,4780,161,6,1,Amazing.,6,Harry Potter,harry potter,Amazing.,surprise
4784,4785,161,6,14,A real money spinner that.,6,Fred Weasley,fred weasley,A real money spinner that.,surprise
4788,4789,161,6,20,Meaning?,6,Ginny Weasley,ginny weasley,Meaning?,surprise
4790,4791,161,6,20,None of your business.,6,Ginny Weasley,ginny weasley,None of your business.,anger
4791,4792,161,6,3,These are adorable.,6,Hermione Granger,hermione granger,These are adorable.,joy
4792,4793,161,6,14,Aren't they now.  Pygmy Puffs. Can't breed them fast enough.,6,Fred Weasley,fred weasley,Aren't they now.  Pygmy Puffs. Can't breed them fast enough.,sadness
4793,4794,161,6,2,How much for this?,6,Ron Weasley,ron weasley,How much for this?,surprise
4796,4797,161,6,2,How much for me?,6,Ron Weasley,ron weasley,How much for me?,surprise
4799,4800,161,6,2,But I'm your brother!,6,Ron Weasley,ron weasley,But I'm your brother!,anger
4804,4805,161,6,3,How is it Fred and George are doing it?  Half the alley's closed down.,6,Hermione Granger,hermione granger,How is it Fred and George are doing it?  Half the alley's closed down.,surprise
4807,4808,161,6,3,Oh no.  Look.,6,Hermione Granger,hermione granger,Oh no.  Look.,fear
4809,4810,161,6,1,Good.  Bad.  Speaking of which...,6,Harry Potter,harry potter,Good.  Bad.  Speaking of which...,sadness
4813,4814,161,6,2,Hey.  Where's Hermione?,6,Ron Weasley,ron weasley,Hey.  Where's Hermione?,surprise
4814,4815,161,6,2,"Harry, where is she?",6,Ron Weasley,ron weasley,"Harry, where is she?",surprise
4815,4816,161,6,1,I don't know.  I'm turned around.,6,Harry Potter,harry potter,I don't know.  I'm turned around.,surprise
4816,4817,161,6,2,Bloody hell.,6,Ron Weasley,ron weasley,Bloody hell.,anger
4817,4818,161,6,3,Sorry.,6,Hermione Granger,hermione granger,Sorry.,sadness
4818,4819,161,6,1,What just happened?,6,Harry Potter,harry potter,What just happened?,surprise
4819,4820,161,6,3,I don't know.,6,Hermione Granger,hermione granger,I don't know.,surprise
4820,4821,161,42,25,Quibbler...?  Quibbler...?,6,Luna Lovegood,luna lovegood,Quibbler...?  Quibbler...?,surprise
4822,4823,161,42,25,"He's lovely.  They've been known to sing on Boxing Day, you know. Quibbler?",6,Luna Lovegood,luna lovegood,"He's lovely.  They've been known to sing on Boxing Day, you know. Quibbler?",joy
4823,4824,161,42,20,Please.  What's a Wrackspurt?,6,Ginny Weasley,ginny weasley,Please.  What's a Wrackspurt?,surprise
4826,4827,161,42,3,"Stop, Harry, I know where you're going with this --",6,Hermione Granger,hermione granger,"Stop, Harry, I know where you're going with this --",anger
4828,4829,161,42,2,One of what?,6,Ron Weasley,ron weasley,One of what?,surprise
4830,4831,161,42,2,You're barking.  What would You- Know-Who want with a sod like Malfoy?,6,Ron Weasley,ron weasley,You're barking.  What would You- Know-Who want with a sod like Malfoy?,anger
4834,4835,161,42,3,I told you.  I don't know what I saw.,6,Hermione Granger,hermione granger,I told you.  I don't know what I saw.,surprise
4836,4837,162,42,12,What just happened?  Blaise?,6,Draco Malfoy,draco malfoy,What just happened?  Blaise?,surprise
4839,4840,162,42,12,Hogwarts.  What a pathetic excuse for a school.  I think I'd pitch myself off the Astronomy Tower if I thought I had to continue on for another two years.,6,Draco Malfoy,draco malfoy,Hogwarts.  What a pathetic excuse for a school.  I think I'd pitch myself off the Astronomy Tower if I thought I had to continue on for another two years.,sadness
4840,4841,162,42,91,What's that supposed to mean?,6,Pansy Parkinson,pansy parkinson,What's that supposed to mean?,surprise
4842,4843,162,42,12,"Amused, Blaise?  We'll see just who's laughing in the end.",6,Draco Malfoy,draco malfoy,"Amused, Blaise?  We'll see just who's laughing in the end.",surprise
4848,4849,162,42,12,Enjoy the ride back to London.,6,Draco Malfoy,draco malfoy,Enjoy the ride back to London.,joy
4850,4851,162,42,1,Luna.  How'd you...?,6,Harry Potter,harry potter,Luna.  How'd you...?,surprise
4852,4853,162,42,1,"Sorry I made you miss the carriages, Luna.",6,Harry Potter,harry potter,"Sorry I made you miss the carriages, Luna.",sadness
4853,4854,162,42,25,It's alright.  I enjoyed our walk. It was like being with a friend.,6,Luna Lovegood,luna lovegood,It's alright.  I enjoyed our walk. It was like being with a friend.,joy
4854,4855,162,42,1,"I am your friend, Luna.",6,Harry Potter,harry potter,"I am your friend, Luna.",joy
4855,4856,162,42,25,That's nice.,6,Luna Lovegood,luna lovegood,That's nice.,joy
4859,4860,162,42,25,Who are those people?,6,Luna Lovegood,luna lovegood,Who are those people?,surprise
4864,4865,162,42,12,Is my father's.  He's not dead.,6,Draco Malfoy,draco malfoy,Is my father's.  He's not dead.,surprise
4868,4869,162,42,1,Have you ever fixed one?  A nose.,6,Harry Potter,harry potter,Have you ever fixed one?  A nose.,surprise
4870,4871,162,42,1,What the hell.  Give it a go.,6,Harry Potter,harry potter,What the hell.  Give it a go.,anger
4872,4873,162,42,1,Well?  How do I look?,6,Harry Potter,harry potter,Well?  How do I look?,surprise
4873,4874,162,42,25,Exceptionally ordinary.,6,Luna Lovegood,luna lovegood,Exceptionally ordinary.,surprise
4874,4875,162,42,1,Brilliant.,6,Harry Potter,harry potter,Brilliant.,joy
4875,4876,163,36,2,Don' you worry.  He'll be 'long soon 'nuff --,6,Ron Weasley,ron weasley,Don' you worry.  He'll be 'long soon 'nuff --,fear
4876,4877,163,36,3,Will.  You.  Stop.  Eating!  Your best friend is missing!,6,Hermione Granger,hermione granger,Will.  You.  Stop.  Eating!  Your best friend is missing!,sadness
4877,4878,163,36,2,"Oi!  Turn around, you lunatic.",6,Ron Weasley,ron weasley,"Oi!  Turn around, you lunatic.",surprise
4880,4881,163,36,3,"Where've you been, Harry?  And what happened to your face?",6,Hermione Granger,hermione granger,"Where've you been, Harry?  And what happened to your face?",surprise
4882,4883,163,36,2,"Sorting Hat urged us all to be brave and strong in these troubled times -- easy for it to say -- it's a hat, isn't it?  First Years seemed to enjoy it, though. Wankers. Filch give you the wand outside?",6,Ron Weasley,ron weasley,"Sorting Hat urged us all to be brave and strong in these troubled times -- easy for it to say -- it's a hat, isn't it?  First Years seemed to enjoy it, though. Wankers. Filch give you the wand outside?",joy
4884,4885,163,36,3,What's happened to his hand?,6,Hermione Granger,hermione granger,What's happened to his hand?,surprise
4885,4886,163,36,4,"The very best of evenings to you! First off, please join me in welcoming the newest member of our staff, Horace Slughorn.",6,Albus Dumbledore,albus dumbledore,"The very best of evenings to you! First off, please join me in welcoming the newest member of our staff, Horace Slughorn.",joy
4886,4887,163,36,4,"Professor Slughorn, I'm happy to say, has agreed to resume his old post of Potions master.  Meanwhile the post of Defense Against the Dark Arts will be assumed by Professor Snape.",6,Albus Dumbledore,albus dumbledore,"Professor Slughorn, I'm happy to say, has agreed to resume his old post of Potions master.  Meanwhile the post of Defense Against the Dark Arts will be assumed by Professor Snape.",joy
4888,4889,163,36,4,"Once there was a young man who, like you, sat in this very Hall. Walked this castle's corridors. Slept beneath its roof.  He seemed, to all the world, a student like any other.  His name? Tom Riddle. The Hall goes utterly silent.",6,Albus Dumbledore,albus dumbledore,"Once there was a young man who, like you, sat in this very Hall. Walked this castle's corridors. Slept beneath its roof.  He seemed, to all the world, a student like any other.  His name? Tom Riddle. The Hall goes utterly silent.",fear
4889,4890,163,36,4,"Today, of course, the world knows him by another name.  Which is why, as I stand looking out upon you all tonight, I am reminded of a sobering fact.  Each day, every hour, this very minute perhaps, dark forces attempt to penetrate this castle.  But in the end, their greatest weapon remains... you.",6,Albus Dumbledore,albus dumbledore,"Today, of course, the world knows him by another name.  Which is why, as I stand looking out upon you all tonight, I am reminded of a sobering fact.  Each day, every hour, this very minute perhaps, dark forces attempt to penetrate this castle.  But in the end, their greatest weapon remains... you.",sadness
4891,4892,163,36,2,That was cheerful.,6,Ron Weasley,ron weasley,That was cheerful.,joy
4894,4895,163,36,1,This can't be good.,6,Harry Potter,harry potter,This can't be good.,sadness
4895,4896,163,36,7,"Enjoying ourself, are we?",6,Minerva McGonagall,minerva mcgonagall,"Enjoying ourself, are we?",joy
4899,4900,163,36,7,"And so you did when Professor Snape was teaching Potions. However, Professor Slughorn is perfectly happy to accept N.E.W.T. students with 'Exceeds Expectations.'",6,Minerva McGonagall,minerva mcgonagall,"And so you did when Professor Snape was teaching Potions. However, Professor Slughorn is perfectly happy to accept N.E.W.T. students with 'Exceeds Expectations.'",joy
4900,4901,163,36,1,Really?  Well... brilliant.  I'll head there straight away.,6,Harry Potter,harry potter,Really?  Well... brilliant.  I'll head there straight away.,surprise
4901,4902,163,36,7,Good.  And take Weasley with you. He looks far too happy over there.,6,Minerva McGonagall,minerva mcgonagall,Good.  And take Weasley with you. He looks far too happy over there.,joy
4902,4903,163,36,2,But I don't want to take Potions!,6,Ron Weasley,ron weasley,But I don't want to take Potions!,anger
4903,4904,164,49,8,Harry m'boy!  I was beginning to worry!  And I see we've brought someone with us...,6,Horace Slughorn,horace slughorn,Harry m'boy!  I was beginning to worry!  And I see we've brought someone with us...,fear
4904,4905,164,49,2,"Ron Weasley, sir.  But I'm dead awful at Potions, a menace actually, so I probably should just be going --",6,Ron Weasley,ron weasley,"Ron Weasley, sir.  But I'm dead awful at Potions, a menace actually, so I probably should just be going --",fear
4906,4907,164,49,1,"Um, sorry, sir, but I haven't got my book yet -- nor's Ron.  You see --",6,Harry Potter,harry potter,"Um, sorry, sir, but I haven't got my book yet -- nor's Ron.  You see --",sadness
4911,4912,164,49,8,One of my best friends is Muggle- born.  She's the best in our year...,6,Horace Slughorn,horace slughorn,One of my best friends is Muggle- born.  She's the best in our year...,joy
4912,4913,164,49,8,"Now Amortentia doesn't create actual love, of course.  That's impossible.  But it does cause a powerful infatuation or obsession. For that reason, it is probably the most dangerous potion in this room.",6,Horace Slughorn,horace slughorn,"Now Amortentia doesn't create actual love, of course.  That's impossible.  But it does cause a powerful infatuation or obsession. For that reason, it is probably the most dangerous potion in this room.",fear
4917,4918,164,49,8,"Yes, Miss Granger.  Desperately tricky to make.  Disastrous should you get it wrong.  But brewed correctly, as this has been, it has remarkable powers.  One sip and you will find that all your endeavors succeed... at least until the effects wear off.",6,Horace Slughorn,horace slughorn,"Yes, Miss Granger.  Desperately tricky to make.  Disastrous should you get it wrong.  But brewed correctly, as this has been, it has remarkable powers.  One sip and you will find that all your endeavors succeed... at least until the effects wear off.",sadness
4919,4920,164,49,8,"Because taken in excess it causes giddiness, recklessness and dangerous overconfidence.",6,Horace Slughorn,horace slughorn,"Because taken in excess it causes giddiness, recklessness and dangerous overconfidence.",anger
4924,4925,164,49,3,How did you do that?,6,Hermione Granger,hermione granger,How did you do that?,surprise
4925,4926,164,49,1,Crush it.  Don't cut it.,6,Harry Potter,harry potter,Crush it.  Don't cut it.,anger
4927,4928,164,49,1,No.  Really --,6,Harry Potter,harry potter,No.  Really --,surprise
4928,4929,164,49,3,Sh!,6,Hermione Granger,hermione granger,Sh!,surprise
4929,4930,164,49,8,"Merlin's Beard!  But it's perfect. So perfect I daresay one sip would kill us all!  Your mother was a dab hand at potions, but this... My, my, what can't you do, m'boy? Perhaps you will save us all in the end...",6,Horace Slughorn,horace slughorn,"Merlin's Beard!  But it's perfect. So perfect I daresay one sip would kill us all!  Your mother was a dab hand at potions, but this... My, my, what can't you do, m'boy? Perhaps you will save us all in the end...",surprise
4932,4933,165,41,4,So.  How are you?,6,Albus Dumbledore,albus dumbledore,So.  How are you?,surprise
4933,4934,165,41,1,"Fine, sir.",6,Harry Potter,harry potter,"Fine, sir.",anger
4934,4935,165,41,4,"Enjoying your classes?  Professor Slughorn, for one, is most impressed with you.",6,Albus Dumbledore,albus dumbledore,"Enjoying your classes?  Professor Slughorn, for one, is most impressed with you.",surprise
4936,4937,165,41,4,Do you?,6,Albus Dumbledore,albus dumbledore,Do you?,surprise
4939,4940,165,41,1,Sir?,6,Harry Potter,harry potter,Sir?,surprise
4940,4941,165,41,4,I notice you spend a great deal of time with Miss Granger.  One can't help but wonder if --,6,Albus Dumbledore,albus dumbledore,I notice you spend a great deal of time with Miss Granger.  One can't help but wonder if --,surprise
4941,4942,165,41,1,No!  I mean... she's brilliant. And we're friends.  But... no.,6,Harry Potter,harry potter,No!  I mean... she's brilliant. And we're friends.  But... no.,surprise
4942,4943,165,41,4,"Forgive me, Harry, I...",6,Albus Dumbledore,albus dumbledore,"Forgive me, Harry, I...",anger
4943,4944,165,41,4,"... I was merely curious. In any event, I'm sure you're wondering why I've summoned you here tonight.  The answer lies here.",6,Albus Dumbledore,albus dumbledore,"... I was merely curious. In any event, I'm sure you're wondering why I've summoned you here tonight.  The answer lies here.",surprise
4946,4947,165,48,90,"I must confess to a bit of confusion upon receiving your letter, Mr. Dumbledore.  In all the years Tom's been here, he's never once had a family visitor. Frankly, I was stunned to find that someone knew of his existence.",6,Mrs. Cole,mrs. cole,"I must confess to a bit of confusion upon receiving your letter, Mr. Dumbledore.  In all the years Tom's been here, he's never once had a family visitor. Frankly, I was stunned to find that someone knew of his existence.",surprise
4948,4949,165,48,90,I see...,6,Mrs. Cole,mrs. cole,I see...,surprise
4949,4950,165,48,90,I think I should tell you.  He's a funny boy -- Tom.  Odd.  There have been incidents with the other children.  Nasty things.,6,Mrs. Cole,mrs. cole,I think I should tell you.  He's a funny boy -- Tom.  Odd.  There have been incidents with the other children.  Nasty things.,joy
4956,4957,165,48,24,"You're the doctor, aren't you?",6,Tom Riddle,tom riddle,"You're the doctor, aren't you?",anger
4957,4958,165,48,4,No.  I am a Professor.,6,Albus Dumbledore,albus dumbledore,No.  I am a Professor.,fear
4958,4959,165,48,24,"I don't believe you.  I hear Mrs. Cole talking, her and the rest of the staff.  They want me looked at.  They think I'm different.",6,Tom Riddle,tom riddle,"I don't believe you.  I hear Mrs. Cole talking, her and the rest of the staff.  They want me looked at.  They think I'm different.",fear
4960,4961,165,48,24,I'm not mad.,6,Tom Riddle,tom riddle,I'm not mad.,anger
4963,4964,165,48,4,"You can do things, can't you, Tom? Things the other children can't.",6,Albus Dumbledore,albus dumbledore,"You can do things, can't you, Tom? Things the other children can't.",anger
4966,4967,165,48,24,I can make things move -- without touching them.  I can make animals do what I want without training them.  I can make bad things happen to people who are mean to me.  I can make them hurt... if I want.,6,Tom Riddle,tom riddle,I can make things move -- without touching them.  I can make animals do what I want without training them.  I can make bad things happen to people who are mean to me.  I can make them hurt... if I want.,anger
4967,4968,165,48,24,Who are you?,6,Tom Riddle,tom riddle,Who are you?,surprise
4969,4970,165,48,24,Prove it.,6,Tom Riddle,tom riddle,Prove it.,anger
4973,4974,165,48,4,"Why did you want these things, Tom?",6,Albus Dumbledore,albus dumbledore,"Why did you want these things, Tom?",surprise
4974,4975,165,48,24,I like having things that belonged to other people.  It makes me feel ... close to them.,6,Tom Riddle,tom riddle,I like having things that belonged to other people.  It makes me feel ... close to them.,joy
4975,4976,165,48,4,"Thievery is not tolerated at Hogwarts.  At Hogwarts, you will be taught not only how to use magic, but to control it. Understood? I'll be going now, Tom.  Leave your window open tonight.  An owl will bring you a message.  Read it carefully.",6,Albus Dumbledore,albus dumbledore,"Thievery is not tolerated at Hogwarts.  At Hogwarts, you will be taught not only how to use magic, but to control it. Understood? I'll be going now, Tom.  Leave your window open tonight.  An owl will bring you a message.  Read it carefully.",fear
4978,4979,165,48,4,It is unusual.  But not unheard of.,6,Albus Dumbledore,albus dumbledore,It is unusual.  But not unheard of.,surprise
4979,4980,165,41,1,"Did you know, sir?  Then?",6,Harry Potter,harry potter,"Did you know, sir?  Then?",surprise
4980,4981,165,41,4,Did I know that I had just met the most dangerous Dark Wizard of all time?  No.  Had I...,6,Albus Dumbledore,albus dumbledore,Did I know that I had just met the most dangerous Dark Wizard of all time?  No.  Had I...,surprise
4984,4985,165,41,1,You said Professor Slughorn would try to collect me.,6,Harry Potter,harry potter,You said Professor Slughorn would try to collect me.,anger
4986,4987,165,41,1,Do you want me to let him?,6,Harry Potter,harry potter,Do you want me to let him?,anger
4988,4989,166,51,1,All right!  Queue up!  Excuse me...,6,Harry Potter,harry potter,All right!  Queue up!  Excuse me...,joy
4989,4990,166,51,20,Shut It!,6,Ginny Weasley,ginny weasley,Shut It!,anger
4992,4993,166,51,2,Hard feelings?,6,Ron Weasley,ron weasley,Hard feelings?,surprise
4994,4995,166,51,2,"Really?  Strapping guy like you, you've got a Beater's build, don't you think?  Keeper needs to be agile, quick --",6,Ron Weasley,ron weasley,"Really?  Strapping guy like you, you've got a Beater's build, don't you think?  Keeper needs to be agile, quick --",surprise
4995,4996,166,51,71,"I like my chances.  Say... think you could introduce me to your friend Granger?  Wouldn't mind getting on a first name basis, know what I mean?",6,Cormac McLaggen,cormac mclaggen,"I like my chances.  Say... think you could introduce me to your friend Granger?  Wouldn't mind getting on a first name basis, know what I mean?",joy
4997,4998,166,51,71,Hang on.  She's his sister.  How do I know she won't toss him a floater?,6,Cormac McLaggen,cormac mclaggen,Hang on.  She's his sister.  How do I know she won't toss him a floater?,anger
4998,4999,166,51,20,"Piss off, Cormac.  How 'bout I toss you a floater?",6,Ginny Weasley,ginny weasley,"Piss off, Cormac.  How 'bout I toss you a floater?",anger
4999,5000,166,51,1,Quiet!  I'm Captain.  We do it my way.  Now line up.  On three. One.  Two... Three!,6,Harry Potter,harry potter,Quiet!  I'm Captain.  We do it my way.  Now line up.  On three. One.  Two... Three!,anger
5001,5002,166,51,65,Isn't he brilliant?,6,Lavender Brown,lavender brown,Isn't he brilliant?,surprise
5002,5003,166,39,2,"Have to admit, thought I was going to miss that last one.  Hope Cormac's not taking it too hard.",6,Ron Weasley,ron weasley,"Have to admit, thought I was going to miss that last one.  Hope Cormac's not taking it too hard.",sadness
5008,5009,166,39,2,What?,6,Ron Weasley,ron weasley,What?,surprise
5012,5013,166,39,1,It's... old.  The binding is fragile.,6,Harry Potter,harry potter,It's... old.  The binding is fragile.,sadness
5013,5014,166,39,3,The binding is fragile?,6,Hermione Granger,hermione granger,The binding is fragile?,surprise
5015,5016,166,39,3,The who?,6,Hermione Granger,hermione granger,The who?,surprise
5016,5017,166,39,2,The who?,6,Ron Weasley,ron weasley,The who?,surprise
5019,5020,166,39,1,"I didn't say I wasn't curious. And, by the way, I don't sleep with it.",6,Harry Potter,harry potter,"I didn't say I wasn't curious. And, by the way, I don't sleep with it.",surprise
5021,5022,166,22,3,"Well, I was curious.  So I went to",6,Hermione Granger,hermione granger,"Well, I was curious.  So I went to",surprise
5024,5025,166,22,1,And?,6,Harry Potter,harry potter,And?,surprise
5027,5028,167,22,5,"Hey, you three!",6,Rubeus Hagrid,rubeus hagrid,"Hey, you three!",joy
5028,5029,167,22,3,"What've you got there, Hagrid?",6,Hermione Granger,hermione granger,"What've you got there, Hagrid?",surprise
5029,5030,167,22,5,Stinksap.  Burn the whiskers right off yer chin.  Trees 'ere are drippin' with it.,6,Rubeus Hagrid,rubeus hagrid,Stinksap.  Burn the whiskers right off yer chin.  Trees 'ere are drippin' with it.,sadness
5030,5031,167,22,3,"Stinksap?  You're not sick, are you?",6,Hermione Granger,hermione granger,"Stinksap?  You're not sick, are you?",surprise
5031,5032,167,22,5,"It's not fer me.  It's fer Aragog. Yeh remember Aragog, don' yeh?",6,Rubeus Hagrid,rubeus hagrid,"It's not fer me.  It's fer Aragog. Yeh remember Aragog, don' yeh?",fear
5032,5033,167,22,2,Spider?  About six feet tall?  Ten feet wide?,6,Ron Weasley,ron weasley,Spider?  About six feet tall?  Ten feet wide?,surprise
5033,5034,167,22,5,Tha's the one.  He's taken ill. I'm hopin' ter nurse 'im back. Keep yer fingers crossed.,6,Rubeus Hagrid,rubeus hagrid,Tha's the one.  He's taken ill. I'm hopin' ter nurse 'im back. Keep yer fingers crossed.,sadness
5035,5036,167,22,3,"The Aurors. I know they're here to protect us, but... somehow I don't feel any safer.",6,Hermione Granger,hermione granger,"The Aurors. I know they're here to protect us, but... somehow I don't feel any safer.",joy
5036,5037,167,22,8,Filius!  I was hoping to find you at the Three Broomsticks.,6,Horace Slughorn,horace slughorn,Filius!  I was hoping to find you at the Three Broomsticks.,surprise
5037,5038,167,22,59,"Emergency choir practice, I'm afraid, Horace.",6,Filius Flitwick,filius flitwick,"Emergency choir practice, I'm afraid, Horace.",fear
5040,5041,167,22,1,"No, no.  Sit next to me.",6,Harry Potter,harry potter,"No, no.  Sit next to me.",fear
5044,5045,167,22,2,"Aw, bloody hell...",6,Ron Weasley,ron weasley,"Aw, bloody hell...",anger
5047,5048,167,22,2,I'd like to leave.,6,Ron Weasley,ron weasley,I'd like to leave.,sadness
5048,5049,167,22,3,Leave?  You can't be serious.,6,Hermione Granger,hermione granger,Leave?  You can't be serious.,anger
5050,5051,167,22,3,So?  What if she looked over here and saw you snogging me?  Would you expect her to get up and leave?,6,Hermione Granger,hermione granger,So?  What if she looked over here and saw you snogging me?  Would you expect her to get up and leave?,surprise
5051,5052,167,22,8,"Harry, m'boy!",6,Horace Slughorn,horace slughorn,"Harry, m'boy!",anger
5052,5053,167,22,1,"Hello, sir.  Wonderful to see you.",6,Harry Potter,harry potter,"Hello, sir.  Wonderful to see you.",joy
5054,5055,167,22,8,"Oh, the Three Broomsticks and I go way back.  Longer than I'd care to admit.  In fact, I remember when it was simply One Broomstick!",6,Horace Slughorn,horace slughorn,"Oh, the Three Broomsticks and I go way back.  Longer than I'd care to admit.  In fact, I remember when it was simply One Broomstick!",surprise
5055,5056,167,22,8,"Oops!  All hands on deck, Granger!",6,Horace Slughorn,horace slughorn,"Oops!  All hands on deck, Granger!",surprise
5059,5060,167,22,3,"Be delighted, sir.",6,Hermione Granger,hermione granger,"Be delighted, sir.",joy
5060,5061,167,22,8,"Brilliant.  Look for my owl. Good to see you, Wallenby.",6,Horace Slughorn,horace slughorn,"Brilliant.  Look for my owl. Good to see you, Wallenby.",joy
5061,5062,167,22,2,What're you playing at?,6,Ron Weasley,ron weasley,What're you playing at?,surprise
5066,5067,167,22,2,Bit worried about her.  Did you hear that rubbish she was talking back in the pub?  Her and me snogging.  Ha.  As if...,6,Ron Weasley,ron weasley,Bit worried about her.  Did you hear that rubbish she was talking back in the pub?  Her and me snogging.  Ha.  As if...,fear
5067,5068,167,22,100,Katie.  You don't know what it could be!,6,Leanne,leanne,Katie.  You don't know what it could be!,surprise
5068,5069,167,22,3,What's up?,6,Hermione Granger,hermione granger,What's up?,surprise
5069,5070,167,22,100,I warned her!  I warned her not to touch it!,6,Leanne,leanne,I warned her!  I warned her not to touch it!,fear
5072,5073,167,22,1,There's no time!,6,Harry Potter,harry potter,There's no time!,anger
5073,5074,167,22,5,Get back!  All o' yeh!,6,Rubeus Hagrid,rubeus hagrid,Get back!  All o' yeh!,joy
5075,5076,167,22,5,Don' go touchin' tha' but by the wrappin's.  Unnerstan'?,6,Rubeus Hagrid,rubeus hagrid,Don' go touchin' tha' but by the wrappin's.  Unnerstan'?,fear
5078,5079,167,61,7,Did she say to whom?,6,Minerva McGonagall,minerva mcgonagall,Did she say to whom?,surprise
5080,5081,167,61,2,"Believe me, Professor, I've been asking myself the same question for six years.",6,Ron Weasley,ron weasley,"Believe me, Professor, I've been asking myself the same question for six years.",surprise
5081,5082,167,61,7,Severus. Is this it?,6,Minerva McGonagall,minerva mcgonagall,Severus. Is this it?,surprise
5082,5083,167,61,6,What do you think?,6,Severus Snape,severus snape,What do you think?,surprise
5083,5084,167,61,6,I think Miss Bell is lucky to be alive.,6,Severus Snape,severus snape,I think Miss Bell is lucky to be alive.,joy
5085,5086,167,61,7,Yes.  She was cursed.,6,Minerva McGonagall,minerva mcgonagall,Yes.  She was cursed.,sadness
5087,5088,167,61,7,"That's a very serious accusation, Potter.",6,Minerva McGonagall,minerva mcgonagall,"That's a very serious accusation, Potter.",anger
5088,5089,167,61,6,Indeed.  Your evidence?,6,Severus Snape,severus snape,Indeed.  Your evidence?,surprise
5090,5091,167,61,6,"You... just... know.  Once again you astonish with your gifts, Potter, gifts mere mortals could only dream of possessing.  How grand it must be to be the Chosen One.",6,Severus Snape,severus snape,"You... just... know.  Once again you astonish with your gifts, Potter, gifts mere mortals could only dream of possessing.  How grand it must be to be the Chosen One.",surprise
5092,5093,167,39,2,What do you suppose Dean sees in her?  Ginny.,6,Ron Weasley,ron weasley,What do you suppose Dean sees in her?  Ginny.,surprise
5093,5094,167,39,1,What does she see in him?,6,Harry Potter,harry potter,What does she see in him?,surprise
5094,5095,167,39,2,Dean?  He's brilliant.,6,Ron Weasley,ron weasley,Dean?  He's brilliant.,surprise
5096,5097,167,39,2,"Yeah, well, he was running his hands all over my sister, wasn't he?  Something snaps.  You've got to hate him.  You know, on principle.",6,Ron Weasley,ron weasley,"Yeah, well, he was running his hands all over my sister, wasn't he?  Something snaps.  You've got to hate him.  You know, on principle.",anger
5098,5099,167,39,2,So what is it?  He sees in her?,6,Ron Weasley,ron weasley,So what is it?  He sees in her?,surprise
5099,5100,167,39,1,I don't know.  She's smart. Funny.  Attractive...,6,Harry Potter,harry potter,I don't know.  She's smart. Funny.  Attractive...,joy
5100,5101,167,39,2,Attractive?,6,Ron Weasley,ron weasley,Attractive?,surprise
5102,5103,167,39,2,Skin?  You're saying Dean's dating my sister because of her skin?,6,Ron Weasley,ron weasley,Skin?  You're saying Dean's dating my sister because of her skin?,surprise
5105,5106,167,39,1,"I've never really thought about it.  But I suppose, yeah.  Very nice.",6,Harry Potter,harry potter,"I've never really thought about it.  But I suppose, yeah.  Very nice.",joy
5108,5109,168,49,8,To Hogwarts' best and brightest!,6,Horace Slughorn,horace slughorn,To Hogwarts' best and brightest!,joy
5109,5110,168,49,71,"Here, here!",6,Cormac McLaggen,cormac mclaggen,"Here, here!",joy
5115,5116,168,49,8,"And you, Miss Granger?  What is it your family does in the Muggle world?",6,Horace Slughorn,horace slughorn,"And you, Miss Granger?  What is it your family does in the Muggle world?",surprise
5118,5119,168,49,3,"No.  Though, a boy named Robbie Fenwick did bite my father once. Needed ten stitches.",6,Hermione Granger,hermione granger,"No.  Though, a boy named Robbie Fenwick did bite my father once. Needed ten stitches.",sadness
5120,5121,168,49,20,"Sorry, I'm not ordinarily late --",6,Ginny Weasley,ginny weasley,"Sorry, I'm not ordinarily late --",sadness
5122,5123,168,49,3,Look at her eyes.  They've been fighting again.  Her and Dean.,6,Hermione Granger,hermione granger,Look at her eyes.  They've been fighting again.  Her and Dean.,sadness
5123,5124,168,49,1,What?,6,Harry Potter,harry potter,What?,surprise
5125,5126,168,49,8,"Thank you, one and all, for a most stimulating evening.  We'll have to do it again.",6,Horace Slughorn,horace slughorn,"Thank you, one and all, for a most stimulating evening.  We'll have to do it again.",joy
5126,5127,168,49,8,Oh.  Potter.,6,Horace Slughorn,horace slughorn,Oh.  Potter.,surprise
5127,5128,168,49,1,"Sorry, sir, I was just admiring your hourglass.",6,Harry Potter,harry potter,"Sorry, sir, I was just admiring your hourglass.",sadness
5130,5131,168,49,8,"Nonsense.  You have nothing to fear, m'boy.  As for some of your classmates, well, let's just say, they're unlikely to make the shelf.",6,Horace Slughorn,horace slughorn,"Nonsense.  You have nothing to fear, m'boy.  As for some of your classmates, well, let's just say, they're unlikely to make the shelf.",fear
5131,5132,168,49,1,"The shelf, sir?",6,Harry Potter,harry potter,"The shelf, sir?",surprise
5132,5133,168,49,8,"Anyone who aspires to be anyone hopes to end up here.  Then again... you are already someone aren't you, Harry?",6,Horace Slughorn,horace slughorn,"Anyone who aspires to be anyone hopes to end up here.  Then again... you are already someone aren't you, Harry?",surprise
5133,5134,168,49,1,"I don't really know how to answer that, sir.",6,Harry Potter,harry potter,"I don't really know how to answer that, sir.",surprise
5136,5137,168,49,1,"You knew him, didn't you, sir? Tom Riddle.  You were his teacher.",6,Harry Potter,harry potter,"You knew him, didn't you, sir? Tom Riddle.  You were his teacher.",surprise
5139,5140,168,49,1,"I'm sorry, sir.  Forgive me.  He killed my parents, you see...",6,Harry Potter,harry potter,"I'm sorry, sir.  Forgive me.  He killed my parents, you see...",sadness
5140,5141,168,49,8,"Of course.  It's only natural that you should want to know more.  I'm afraid I must disappoint you, Harry.  When I first met young Mr. Riddle, he was simply a quiet, albeit brilliant, boy committed to becoming a first-rate wizard.  Not unlike the others I've known.  In fact, not unlike... you.  If the monster existed, it was buried deep within.",6,Horace Slughorn,horace slughorn,"Of course.  It's only natural that you should want to know more.  I'm afraid I must disappoint you, Harry.  When I first met young Mr. Riddle, he was simply a quiet, albeit brilliant, boy committed to becoming a first-rate wizard.  Not unlike the others I've known.  In fact, not unlike... you.  If the monster existed, it was buried deep within.",fear
5141,5142,169,36,10,"Good luck, eh, Ron?",6,Neville Longbottom,neville longbottom,"Good luck, eh, Ron?",joy
5143,5144,169,36,2,So.  How was it?,6,Ron Weasley,ron weasley,So.  How was it?,surprise
5144,5145,169,36,3,How was what?,6,Hermione Granger,hermione granger,How was what?,surprise
5146,5147,169,36,3,Dead boring.  Though I think Harry enjoyed dessert.,6,Hermione Granger,hermione granger,Dead boring.  Though I think Harry enjoyed dessert.,sadness
5150,5151,169,36,2,Really?,6,Ron Weasley,ron weasley,Really?,surprise
5152,5153,169,36,65,"Good luck today, Ron!  I know you'll be brilliant!",6,Lavender Brown,lavender brown,"Good luck today, Ron!  I know you'll be brilliant!",joy
5153,5154,169,36,2,I'm resigning.  After today's match.  McLaggen can have my spot.,6,Ron Weasley,ron weasley,I'm resigning.  After today's match.  McLaggen can have my spot.,sadness
5156,5157,169,36,25,"Hello, everyone.  You look dreadful, Ron.",6,Luna Lovegood,luna lovegood,"Hello, everyone.  You look dreadful, Ron.",fear
5157,5158,169,36,25,Is that why you just put something in his cup.  Is it a tonic?,6,Luna Lovegood,luna lovegood,Is that why you just put something in his cup.  Is it a tonic?,surprise
5158,5159,169,36,3,"Don't drink that, Ron!",6,Hermione Granger,hermione granger,"Don't drink that, Ron!",anger
5160,5161,169,36,1,Dunno what you're talking about.,6,Harry Potter,harry potter,Dunno what you're talking about.,surprise
5162,5163,169,51,20,What's gotten into him?,6,Ginny Weasley,ginny weasley,What's gotten into him?,surprise
5163,5164,169,51,75,Ginny!  Let's go!,6,Dean Thomas,dean thomas,Ginny!  Let's go!,joy
5164,5165,169,39,127,Weasley!  Weasley!  Weasley!,6,Students,students,Weasley!  Weasley!  Weasley!,joy
5165,5166,169,39,3,Ron seems to be enjoying himself.,6,Hermione Granger,hermione granger,Ron seems to be enjoying himself.,joy
5167,5168,169,39,3,"You shouldn't have done it, Harry.",6,Hermione Granger,hermione granger,"You shouldn't have done it, Harry.",anger
5170,5171,169,39,3,You didn't put it in? Ron only thought you did?,6,Hermione Granger,hermione granger,You didn't put it in? Ron only thought you did?,surprise
5172,5173,170,39,1,Ah.  Well... they're really good.,6,Harry Potter,harry potter,Ah.  Well... they're really good.,joy
5173,5174,170,39,3,"How does it feel, Harry?  When you see Dean with Ginny? I know, Harry.  You're my best friend.  I see how you look at her.",6,Hermione Granger,hermione granger,"How does it feel, Harry?  When you see Dean with Ginny? I know, Harry.  You're my best friend.  I see how you look at her.",joy
5174,5175,170,39,65,Oops.  I think this room's taken.,6,Lavender Brown,lavender brown,Oops.  I think this room's taken.,surprise
5175,5176,170,39,2,What's with the birds?,6,Ron Weasley,ron weasley,What's with the birds?,surprise
5176,5177,170,39,3,Oppugno!,6,Hermione Granger,hermione granger,Oppugno!,anger
5179,5180,170,44,3,"He's at perfect liberty to kiss whomever he likes.  I really couldn't care less.  Was I under the impression that he and I would be attending Slughorn's Christmas party together?  Yes.  Of course, now, given the circumstances, I've had to make other arrangements.",6,Hermione Granger,hermione granger,"He's at perfect liberty to kiss whomever he likes.  I really couldn't care less.  Was I under the impression that he and I would be attending Slughorn's Christmas party together?  Yes.  Of course, now, given the circumstances, I've had to make other arrangements.",joy
5181,5182,170,44,3,Yes.  Why?,6,Hermione Granger,hermione granger,Yes.  Why?,surprise
5183,5184,170,44,3,Why didn't I think of that?,6,Hermione Granger,hermione granger,Why didn't I think of that?,surprise
5184,5185,170,44,1,So who are you taking?,6,Harry Potter,harry potter,So who are you taking?,surprise
5185,5186,170,44,3,"Um... it's a surprise.  Besides, it's you we need to worry about. And you can't pick just anyone. See that girl over there.  That's Romilda Vane.  Rumor has it she's trying to slip you a love potion.",6,Hermione Granger,hermione granger,"Um... it's a surprise.  Besides, it's you we need to worry about. And you can't pick just anyone. See that girl over there.  That's Romilda Vane.  Rumor has it she's trying to slip you a love potion.",surprise
5186,5187,170,44,1,Really...?,6,Harry Potter,harry potter,Really...?,surprise
5187,5188,170,44,3,"Hey! She's only interested in you because she thinks you're the Chosen One.  You know that, right?",6,Hermione Granger,hermione granger,"Hey! She's only interested in you because she thinks you're the Chosen One.  You know that, right?",anger
5191,5192,171,49,8,"Someone has taken a BITE out of it. Thank you, Adrian! One of mine.  Class of '78.  I had hoped for more out of him, but at least the pictures are in focus. Oh my!  Excuse me, Harry.  I must greet the new Minister of Magical Transportation.  Class of '67. Mingle, m'boy!  Mingle!  We're all friends here.  And we run the world.",6,Horace Slughorn,horace slughorn,"Someone has taken a BITE out of it. Thank you, Adrian! One of mine.  Class of '78.  I had hoped for more out of him, but at least the pictures are in focus. Oh my!  Excuse me, Harry.  I must greet the new Minister of Magical Transportation.  Class of '67. Mingle, m'boy!  Mingle!  We're all friends here.  And we run the world.",joy
5193,5194,171,49,1,Neville...?,6,Harry Potter,harry potter,Neville...?,surprise
5195,5196,171,49,123,"Lovegood, did you say?  I once encountered a seriously unbalanced man by that name at a book signing.  Claimed to run a magazine...",6,Eldred Worple,eldred worple,"Lovegood, did you say?  I once encountered a seriously unbalanced man by that name at a book signing.  Claimed to run a magazine...",surprise
5196,5197,171,49,1,What're you doing?,6,Harry Potter,harry potter,What're you doing?,surprise
5197,5198,171,49,1,And what's happened to you?,6,Harry Potter,harry potter,And what's happened to you?,surprise
5198,5199,171,49,3,"Hm?  Oh, I've just escaped -- I mean, left Cormac.  Under the mistletoe.",6,Hermione Granger,hermione granger,"Hm?  Oh, I've just escaped -- I mean, left Cormac.  Under the mistletoe.",surprise
5199,5200,171,49,1,Cormac!  That's who you invited!,6,Harry Potter,harry potter,Cormac!  That's who you invited!,surprise
5201,5202,171,49,153,Dragon tartar?,6,Witch,witch,Dragon tartar?,surprise
5204,5205,171,49,3,"On second thought -- maybe it'll keep Cormac at bay.  Oh no, here he comes!",6,Hermione Granger,hermione granger,"On second thought -- maybe it'll keep Cormac at bay.  Oh no, here he comes!",surprise
5208,5209,171,49,6,What's going on back here?,6,Severus Snape,severus snape,What's going on back here?,surprise
5211,5212,171,49,1,"I think I should rejoin the party, sir.  My date...",6,Harry Potter,harry potter,"I think I should rejoin the party, sir.  My date...",sadness
5214,5215,171,49,1,A message...?,6,Harry Potter,harry potter,A message...?,surprise
5216,5217,171,49,1,Traveling?  Where?,6,Harry Potter,harry potter,Traveling?  Where?,surprise
5218,5219,171,49,35,"Professor Slughorn, sir!  I've just discovered this boy lurking in an upstairs corridor.  He claims to have been invited to your party.",6,Argus Filch,argus filch,"Professor Slughorn, sir!  I've just discovered this boy lurking in an upstairs corridor.  He claims to have been invited to your party.",surprise
5219,5220,171,49,12,"Okay, okay, I was gate-crashing. Happy?",6,Draco Malfoy,draco malfoy,"Okay, okay, I was gate-crashing. Happy?",joy
5222,5223,171,49,12,Maybe I did hex that Bell girl. Maybe I didn't.  What's it to you?,6,Draco Malfoy,draco malfoy,Maybe I did hex that Bell girl. Maybe I didn't.  What's it to you?,surprise
5223,5224,171,49,6,I swore to protect you.  I made the Unbreakable Vow --,6,Severus Snape,severus snape,I swore to protect you.  I made the Unbreakable Vow --,fear
5224,5225,171,49,12,I don't need protection.  I was chosen for this!  Out of all others.  Me!  And I won't fail him.,6,Draco Malfoy,draco malfoy,I don't need protection.  I was chosen for this!  Out of all others.  Me!  And I won't fail him.,fear
5225,5226,171,49,6,"You're afraid, Draco.  You attempt to conceal it, but it's obvious. Let me assist you --",6,Severus Snape,severus snape,"You're afraid, Draco.  You attempt to conceal it, but it's obvious. Let me assist you --",fear
5226,5227,171,49,12,No!  I was chosen.  This is my moment!,6,Draco Malfoy,draco malfoy,No!  I was chosen.  This is my moment!,joy
5228,5229,172,42,1,Positive.  Why?,6,Harry Potter,harry potter,Positive.  Why?,surprise
5230,5231,172,42,1,"I'd worked that much out for myself, funnily enough.",6,Harry Potter,harry potter,"I'd worked that much out for myself, funnily enough.",joy
5231,5232,172,42,2,"No, you don't understand -- Oh, bloody hell...",6,Ron Weasley,ron weasley,"No, you don't understand -- Oh, bloody hell...",anger
5232,5233,172,42,1,Lovely.,6,Harry Potter,harry potter,Lovely.,joy
5235,5236,172,42,1,So what happens?  If you break an Unbreakable Vow?,6,Harry Potter,harry potter,So what happens?  If you break an Unbreakable Vow?,fear
5236,5237,172,42,2,You die.,6,Ron Weasley,ron weasley,You die.,sadness
5237,5238,173,7,26,"Eat up, eat up, everyone!  There's more to come!",6,Molly Weasley,molly weasley,"Eat up, eat up, everyone!  There's more to come!",joy
5240,5241,173,7,1,I know it sounds mad --,6,Harry Potter,harry potter,I know it sounds mad --,anger
5246,5247,173,7,11,You're blinded by hatred.,6,Remus Lupin,remus lupin,You're blinded by hatred.,anger
5248,5249,173,7,11,"You are!  People are disappearing, Harry.  Daily.  We can only put our trust in a handful of people. If we start fighting amongst ourselves, we're doomed.",6,Remus Lupin,remus lupin,"You are!  People are disappearing, Harry.  Daily.  We can only put our trust in a handful of people. If we start fighting amongst ourselves, we're doomed.",sadness
5250,5251,173,7,20,Don't trust me?,6,Ginny Weasley,ginny weasley,Don't trust me?,fear
5251,5252,173,7,1,It's good.,6,Harry Potter,harry potter,It's good.,joy
5253,5254,173,7,16,You'll have to forgive Remus.  It takes its toll -- his condition.,6,Arthur Weasley,arthur weasley,You'll have to forgive Remus.  It takes its toll -- his condition.,sadness
5256,5257,173,7,1,Did you get my owl?,6,Harry Potter,harry potter,Did you get my owl?,surprise
5258,5259,173,7,1,Go on.,6,Harry Potter,harry potter,Go on.,anger
5260,5261,173,7,1,A Vanishing Cabinet?,6,Harry Potter,harry potter,A Vanishing Cabinet?,surprise
5262,5263,173,7,1,What happened to it?  The one at Borgin & Burkes?,6,Harry Potter,harry potter,What happened to it?  The one at Borgin & Burkes?,surprise
5263,5264,173,7,16,Nothing.  It's still there.,6,Arthur Weasley,arthur weasley,Nothing.  It's still there.,surprise
5265,5266,173,7,61,"It was delicious, Molly.  Really.",6,Nymphadora Tonks,nymphadora tonks,"It was delicious, Molly.  Really.",joy
5266,5267,173,7,26,You're sure you won't stay?,6,Molly Weasley,molly weasley,You're sure you won't stay?,surprise
5268,5269,173,7,26,Remus...?,6,Molly Weasley,molly weasley,Remus...?,surprise
5269,5270,173,7,20,Everyone gone to bed?,6,Ginny Weasley,ginny weasley,Everyone gone to bed?,surprise
5271,5272,173,7,20,"I don't sleep these days.  So I wash my hair.  Silly, right?",6,Ginny Weasley,ginny weasley,"I don't sleep these days.  So I wash my hair.  Silly, right?",sadness
5272,5273,173,7,20,"Happy Christmas, Harry.",6,Ginny Weasley,ginny weasley,"Happy Christmas, Harry.",joy
5273,5274,173,7,61,Sweetheart...,6,Nymphadora Tonks,nymphadora tonks,Sweetheart...,joy
5275,5276,173,7,20,Oh my god...,6,Ginny Weasley,ginny weasley,Oh my god...,surprise
5276,5277,173,7,16,"Harry, no!",6,Arthur Weasley,arthur weasley,"Harry, no!",anger
5277,5278,173,7,61,Remus!,6,Nymphadora Tonks,nymphadora tonks,Remus!,anger
5278,5279,173,7,16,"Ginny, stay with your mother!",6,Arthur Weasley,arthur weasley,"Ginny, stay with your mother!",anger
5279,5280,173,7,20,"No, Harry!  It's a trap!",6,Ginny Weasley,ginny weasley,"No, Harry!  It's a trap!",anger
5283,5284,173,45,3,Sorry. So tell me what Arthur said.,6,Hermione Granger,hermione granger,Sorry. So tell me what Arthur said.,sadness
5287,5288,173,45,3,"He looks different, don't you think?  Draco.  Almost... ill.",6,Hermione Granger,hermione granger,"He looks different, don't you think?  Draco.  Almost... ill.",surprise
5288,5289,173,45,1,Who could tell the difference?,6,Harry Potter,harry potter,Who could tell the difference?,surprise
5292,5293,174,48,24,"Sir, is it true that Professor Merrythought is retiring?",6,Tom Riddle,tom riddle,"Sir, is it true that Professor Merrythought is retiring?",sadness
5300,5301,174,48,8,Go on.,6,Horace Slughorn,horace slughorn,Go on.,anger
5301,5302,174,48,24,"I was in the library the other night, in the Restricted section, and I read something rather odd, about a bit of rare magic, and I thought perhaps you could illuminate me...",6,Tom Riddle,tom riddle,"I was in the library the other night, in the Restricted section, and I read something rather odd, about a bit of rare magic, and I thought perhaps you could illuminate me...",surprise
5302,5303,174,48,8,I don't know anything about such things and I wouldn't tell you if I did!  Now get out of here at once and don't ever let me catch you mentioning it again!,6,Horace Slughorn,horace slughorn,I don't know anything about such things and I wouldn't tell you if I did!  Now get out of here at once and don't ever let me catch you mentioning it again!,anger
5303,5304,174,41,4,Confused?  I would be surprised if you weren't.,6,Albus Dumbledore,albus dumbledore,Confused?  I would be surprised if you weren't.,surprise
5304,5305,174,41,1,I don't understand -- what happened?,6,Harry Potter,harry potter,I don't understand -- what happened?,surprise
5306,5307,174,41,1,But why would he tamper with his own memory?,6,Harry Potter,harry potter,But why would he tamper with his own memory?,anger
5308,5309,174,41,1,Why?,6,Harry Potter,harry potter,Why?,surprise
5309,5310,174,41,4,Why indeed.,6,Albus Dumbledore,albus dumbledore,Why indeed.,surprise
5314,5315,174,41,4,"This memory is everything, Harry. Without it, we are blind. Without it, we leave the fate of our world to chance.  You have no choice. You must not fail.",6,Albus Dumbledore,albus dumbledore,"This memory is everything, Harry. Without it, we are blind. Without it, we leave the fate of our world to chance.  You have no choice. You must not fail.",sadness
5316,5317,175,49,8,Ah! If it isn't the Prince of Potions himself!  To what do I owe the pleasure?,6,Horace Slughorn,horace slughorn,Ah! If it isn't the Prince of Potions himself!  To what do I owe the pleasure?,surprise
5317,5318,175,49,1,"Well, sir, I wondered if I might ask you something.",6,Harry Potter,harry potter,"Well, sir, I wondered if I might ask you something.",surprise
5318,5319,175,49,8,"Ask away, my dear boy, ask away!",6,Horace Slughorn,horace slughorn,"Ask away, my dear boy, ask away!",anger
5319,5320,175,49,1,"Well, you see, the other day I was in the Restricted Section -- in the library -- and I stumbled upon something rather odd while reading.  Something about a bit of rare magic...",6,Harry Potter,harry potter,"Well, you see, the other day I was in the Restricted Section -- in the library -- and I stumbled upon something rather odd while reading.  Something about a bit of rare magic...",surprise
5320,5321,175,49,8,Yes?  And exactly what was this rare magic.,6,Horace Slughorn,horace slughorn,Yes?  And exactly what was this rare magic.,surprise
5321,5322,175,49,1,"I'm not sure... That is, I don't recall the name... exactly.  But it got me wondering... Are there some kinds of magic you're not allowed to teach?",6,Harry Potter,harry potter,"I'm not sure... That is, I don't recall the name... exactly.  But it got me wondering... Are there some kinds of magic you're not allowed to teach?",surprise
5326,5327,175,49,8,Dumbledore put you up to this. Didn't he?  Didn't he!,6,Horace Slughorn,horace slughorn,Dumbledore put you up to this. Didn't he?  Didn't he!,surprise
5328,5329,175,39,3,"Dead. Did you actually expect you could just walk up to Ol' Sluggy and ask him to reveal his deepest, darkest secret?  Honestly, Harry, sometimes I think the Daily Prophet should call you the Dim One.",6,Hermione Granger,hermione granger,"Dead. Did you actually expect you could just walk up to Ol' Sluggy and ask him to reveal his deepest, darkest secret?  Honestly, Harry, sometimes I think the Daily Prophet should call you the Dim One.",surprise
5330,5331,175,39,3,"You're going to have to persuade him somehow.  And now, I'm afraid, you've made it a lot harder.",6,Hermione Granger,hermione granger,"You're going to have to persuade him somehow.  And now, I'm afraid, you've made it a lot harder.",fear
5334,5335,175,39,1,The Map is never wrong.,6,Harry Potter,harry potter,The Map is never wrong.,anger
5335,5336,175,39,2,"It's beautiful, isn't it?  The moon.",6,Ron Weasley,ron weasley,"It's beautiful, isn't it?  The moon.",joy
5337,5338,175,39,2,It was on your bed.  The box. Thought I'd try one...,6,Ron Weasley,ron weasley,It was on your bed.  The box. Thought I'd try one...,surprise
5339,5340,175,39,2,"I can't stop thinking about her, Harry.",6,Ron Weasley,ron weasley,"I can't stop thinking about her, Harry.",sadness
5340,5341,175,39,1,"Really?  Honestly, I reckoned she was starting to annoy you.",6,Harry Potter,harry potter,"Really?  Honestly, I reckoned she was starting to annoy you.",surprise
5341,5342,175,39,2,She could never annoy me.  I think... I think I love her.,6,Ron Weasley,ron weasley,She could never annoy me.  I think... I think I love her.,joy
5342,5343,175,39,1,Excuse me?,6,Harry Potter,harry potter,Excuse me?,anger
5343,5344,175,39,1,Well... Brilliant.,6,Harry Potter,harry potter,Well... Brilliant.,joy
5344,5345,175,39,2,Do you think she knows I exist?,6,Ron Weasley,ron weasley,Do you think she knows I exist?,surprise
5345,5346,175,39,1,Bloody well hope so.  She's been snogging you for three months.,6,Harry Potter,harry potter,Bloody well hope so.  She's been snogging you for three months.,sadness
5346,5347,175,39,2,Snogging?  Who're you talking about?,6,Ron Weasley,ron weasley,Snogging?  Who're you talking about?,surprise
5347,5348,175,39,1,Who're you talking about?,6,Harry Potter,harry potter,Who're you talking about?,surprise
5349,5350,175,39,1,Okay.  Very funny.,6,Harry Potter,harry potter,Okay.  Very funny.,joy
5350,5351,175,39,1,What the hell was that for?,6,Harry Potter,harry potter,What the hell was that for?,anger
5351,5352,175,39,2,It's no joke!  I'm in love with her!,6,Ron Weasley,ron weasley,It's no joke!  I'm in love with her!,joy
5352,5353,175,39,1,Okay!  Fine!  You're in love with her!  Have you ever actually met her!,6,Harry Potter,harry potter,Okay!  Fine!  You're in love with her!  Have you ever actually met her!,anger
5354,5355,175,39,1,"Ron, these chocolates, they're -- C'mon.  I'm going to introduce you to Romilda Vane.",6,Harry Potter,harry potter,"Ron, these chocolates, they're -- C'mon.  I'm going to introduce you to Romilda Vane.",joy
5356,5357,175,49,1,Devastatingly handsome.,6,Harry Potter,harry potter,Devastatingly handsome.,surprise
5357,5358,175,49,8,Damn it all!,6,Horace Slughorn,horace slughorn,Damn it all!,anger
5358,5359,175,49,8,Yes???!!!! Oh.  Potter.  It's you.  I'm afraid I'm busy at the moment --,6,Horace Slughorn,horace slughorn,Yes???!!!! Oh.  Potter.  It's you.  I'm afraid I'm busy at the moment --,surprise
5359,5360,175,49,1,Sir.  I'm sorry.  I wouldn't bother you if it weren't absolutely --,6,Harry Potter,harry potter,Sir.  I'm sorry.  I wouldn't bother you if it weren't absolutely --,sadness
5361,5362,175,49,8,What's the matter with Wenby?,6,Horace Slughorn,horace slughorn,What's the matter with Wenby?,surprise
5362,5363,175,49,8,Ah.  Very well.  Bring him in.,6,Horace Slughorn,horace slughorn,Ah.  Very well.  Bring him in.,joy
5367,5368,175,49,1,"I'm sorry, sir.  About the other day.  Our... misunderstanding.",6,Harry Potter,harry potter,"I'm sorry, sir.  About the other day.  Our... misunderstanding.",sadness
5371,5372,175,49,1,"Yes, sir.  It's just, well, Dumbledore once said that fear of a name only increases fear of the thing itself.  It seemed sensible.",6,Harry Potter,harry potter,"Yes, sir.  It's just, well, Dumbledore once said that fear of a name only increases fear of the thing itself.  It seemed sensible.",fear
5372,5373,175,49,8,"With all due respect, Dumbledore sometimes forgets that most of us do not possess powers so great that we can risk offending the most dangerous Dark Lord who ever lived.",6,Horace Slughorn,horace slughorn,"With all due respect, Dumbledore sometimes forgets that most of us do not possess powers so great that we can risk offending the most dangerous Dark Lord who ever lived.",anger
5373,5374,175,49,8,"Alright, m'boy!  Bottoms up!",6,Horace Slughorn,horace slughorn,"Alright, m'boy!  Bottoms up!",joy
5374,5375,175,49,2,What's this?,6,Ron Weasley,ron weasley,What's this?,surprise
5376,5377,175,49,2,What happened to me?,6,Ron Weasley,ron weasley,What happened to me?,surprise
5378,5379,175,49,8,And a bloody strong one at that.,6,Horace Slughorn,horace slughorn,And a bloody strong one at that.,anger
5379,5380,175,49,2,I feel really... bad.,6,Ron Weasley,ron weasley,I feel really... bad.,sadness
5381,5382,175,49,8,"There we are, Potter.  To life!",6,Horace Slughorn,horace slughorn,"There we are, Potter.  To life!",joy
5382,5383,175,49,1,"Ron!  Ron!!!  Professor, help him!",6,Harry Potter,harry potter,"Ron!  Ron!!!  Professor, help him!",anger
5383,5384,175,49,8,I d-don't understand --,6,Horace Slughorn,horace slughorn,I d-don't understand --,surprise
5384,5385,175,49,1,Professor!  Do something!!,6,Harry Potter,harry potter,Professor!  Do something!!,anger
5386,5387,175,49,1,"Breathe!  C'mon, Ron, don't be a prat.  Breathe!  BREATHE!",6,Harry Potter,harry potter,"Breathe!  C'mon, Ron, don't be a prat.  Breathe!  BREATHE!",sadness
5387,5388,175,49,2,"These girls are gonna kill me, Harry.",6,Ron Weasley,ron weasley,"These girls are gonna kill me, Harry.",anger
5389,5390,175,43,8,Hm?  Oh.  Yes... very proud.,6,Horace Slughorn,horace slughorn,Hm?  Oh.  Yes... very proud.,surprise
5391,5392,175,43,4,Why indeed.,6,Albus Dumbledore,albus dumbledore,Why indeed.,surprise
5396,5397,175,43,65,Where is he?  Where's my Won-Won! Has he been asking for me? What's she doing here?,6,Lavender Brown,lavender brown,Where is he?  Where's my Won-Won! Has he been asking for me? What's she doing here?,surprise
5398,5399,175,43,65,I happen to be his girlfriend.,6,Lavender Brown,lavender brown,I happen to be his girlfriend.,surprise
5399,5400,175,43,3,I happen to be his... friend.,6,Hermione Granger,hermione granger,I happen to be his... friend.,surprise
5402,5403,175,43,65,"Ha!  See? He senses my presence. I'm here, Won-Won. I'm here --",6,Lavender Brown,lavender brown,"Ha!  See? He senses my presence. I'm here, Won-Won. I'm here --",surprise
5403,5404,175,43,2,Er... My... Nee... Er!  My!  Nee!,6,Ron Weasley,ron weasley,Er... My... Nee... Er!  My!  Nee!,surprise
5404,5405,175,43,4,"Ah, to be young and feel love's keen sting.  Come, everyone, I think Mr. Weasley is well tended.",6,Albus Dumbledore,albus dumbledore,"Ah, to be young and feel love's keen sting.  Come, everyone, I think Mr. Weasley is well tended.",anger
5405,5406,175,43,20,"'Bout time, don't you think?",6,Ginny Weasley,ginny weasley,"'Bout time, don't you think?",anger
5406,5407,175,43,8,I've always cherished my students. They're my life...,6,Horace Slughorn,horace slughorn,I've always cherished my students. They're my life...,joy
5407,5408,175,43,3,Oh shut up.,6,Hermione Granger,hermione granger,Oh shut up.,anger
5408,5409,176,36,3,Ron.  Stop.  You're making it snow.,6,Hermione Granger,hermione granger,Ron.  Stop.  You're making it snow.,anger
5409,5410,176,36,2,Huh?,6,Ron Weasley,ron weasley,Huh?,surprise
5410,5411,176,36,2,Tell me again how I broke up with Lavender?,6,Ron Weasley,ron weasley,Tell me again how I broke up with Lavender?,sadness
5411,5412,176,36,3,"Um, well, she came to visit you in the hospital, you see, and you talked -- I don't believe it was a long conversation --",6,Hermione Granger,hermione granger,"Um, well, she came to visit you in the hospital, you see, and you talked -- I don't believe it was a long conversation --",surprise
5412,5413,176,36,2,Don't get me wrong.  I'm bloody thrilled to be shot of her.  It's just she seems... a bit put out.,6,Ron Weasley,ron weasley,Don't get me wrong.  I'm bloody thrilled to be shot of her.  It's just she seems... a bit put out.,joy
5413,5414,176,36,3,"Does, doesn't she?  And you say you don't remember a thing from that night?  Not one thing?",6,Hermione Granger,hermione granger,"Does, doesn't she?  And you say you don't remember a thing from that night?  Not one thing?",surprise
5414,5415,176,36,2,"Well... there is... something. But no.  It can't be.  Besides, I was completely boggled, wasn't I?",6,Ron Weasley,ron weasley,"Well... there is... something. But no.  It can't be.  Besides, I was completely boggled, wasn't I?",surprise
5415,5416,176,36,3,Right.  Boggled...,6,Hermione Granger,hermione granger,Right.  Boggled...,surprise
5417,5418,176,36,1,"How are you, Katie?",6,Harry Potter,harry potter,"How are you, Katie?",surprise
5419,5420,176,36,94,"I know you're going to ask, Harry. But I don't know who cursed me. I've tried to remember.  Honestly. But I just... can't...",6,Katie Bell,katie bell,"I know you're going to ask, Harry. But I don't know who cursed me. I've tried to remember.  Honestly. But I just... can't...",sadness
5421,5422,176,56,1,Sectumsempra!,6,Harry Potter,harry potter,Sectumsempra!,surprise
5422,5423,176,56,12,Don't touch me!  Don't you dare touch me!,6,Draco Malfoy,draco malfoy,Don't touch me!  Don't you dare touch me!,fear
5424,5425,177,55,20,Take my hand.,6,Ginny Weasley,ginny weasley,Take my hand.,fear
5427,5428,177,55,1,Who showed you this?  First.,6,Harry Potter,harry potter,Who showed you this?  First.,surprise
5428,5429,177,55,20,Fred and George.  First year.  I hid Tom Riddle's diary here for a time.  Wish I'd left it...,6,Ginny Weasley,ginny weasley,Fred and George.  First year.  I hid Tom Riddle's diary here for a time.  Wish I'd left it...,sadness
5429,5430,177,55,20,What was that?,6,Ginny Weasley,ginny weasley,What was that?,surprise
5430,5431,177,55,20,"See, you never know what you'll find up here.",6,Ginny Weasley,ginny weasley,"See, you never know what you'll find up here.",surprise
5434,5435,178,39,2,So.  Did you and Ginny do it?,6,Ron Weasley,ron weasley,So.  Did you and Ginny do it?,surprise
5435,5436,178,39,1,What?,6,Harry Potter,harry potter,What?,surprise
5440,5441,178,39,3,Well?  How do you feel?,6,Hermione Granger,hermione granger,Well?  How do you feel?,sadness
5441,5442,178,39,1,Excellent.  Really excellent.,6,Harry Potter,harry potter,Excellent.  Really excellent.,joy
5444,5445,178,39,3,"What?  No, Harry -- you've got to go see Slughorn.  We have a plan --",6,Hermione Granger,hermione granger,"What?  No, Harry -- you've got to go see Slughorn.  We have a plan --",surprise
5445,5446,178,39,1,"No.  I've got a good feeling about going to Hagrid's.  I feel like it's the place to be tonight, know what I mean?",6,Harry Potter,harry potter,"No.  I've got a good feeling about going to Hagrid's.  I feel like it's the place to be tonight, know what I mean?",joy
5449,5450,178,38,8,"Merlin's beard, Harry!",6,Horace Slughorn,horace slughorn,"Merlin's beard, Harry!",surprise
5450,5451,178,38,1,"Sorry, sir.  I should've announced myself.  Cleared my throat. Coughed.  You probably feared I was Madam Sprout.",6,Harry Potter,harry potter,"Sorry, sir.  I should've announced myself.  Cleared my throat. Coughed.  You probably feared I was Madam Sprout.",sadness
5451,5452,178,38,8,"Well, yes, actually -- Why would you think that?",6,Horace Slughorn,horace slughorn,"Well, yes, actually -- Why would you think that?",surprise
5454,5455,178,38,1,"Personally, these plants have always kind of freaked me out.",6,Harry Potter,harry potter,"Personally, these plants have always kind of freaked me out.",joy
5456,5457,178,38,1,"Through the front doors, sir.  I'm off to Hagrid's, you see.  He's a very dear friend and I felt like paying him a visit.  So if you don't mind, I'll be going.",6,Harry Potter,harry potter,"Through the front doors, sir.  I'm off to Hagrid's, you see.  He's a very dear friend and I felt like paying him a visit.  So if you don't mind, I'll be going.",joy
5457,5458,178,38,8,Harry!,6,Horace Slughorn,horace slughorn,Harry!,surprise
5458,5459,178,38,1,Sir?,6,Harry Potter,harry potter,Sir?,surprise
5459,5460,178,38,8,It's nearly nightfall.  Surely you realize I can't allow you to roam the grounds all by yourself.,6,Horace Slughorn,horace slughorn,It's nearly nightfall.  Surely you realize I can't allow you to roam the grounds all by yourself.,surprise
5461,5462,178,40,8,"Harry, I must insist you accompany me back to the castle immediately!",6,Horace Slughorn,horace slughorn,"Harry, I must insist you accompany me back to the castle immediately!",fear
5462,5463,178,40,1,"That would be counterproductive, sir.",6,Harry Potter,harry potter,"That would be counterproductive, sir.",anger
5463,5464,178,40,8,And what makes you say that?,6,Horace Slughorn,horace slughorn,And what makes you say that?,surprise
5469,5470,178,40,8,"My god, dear man.  How did you ever manage to kill it?",6,Horace Slughorn,horace slughorn,"My god, dear man.  How did you ever manage to kill it?",surprise
5470,5471,178,40,5,"Kill 'im! Me oldest friend, 'e was!",6,Rubeus Hagrid,rubeus hagrid,"Kill 'im! Me oldest friend, 'e was!",anger
5471,5472,178,40,8,"I'm sorry, I... didn't realize.",6,Horace Slughorn,horace slughorn,"I'm sorry, I... didn't realize.",surprise
5472,5473,178,40,5,"Ah, don' worry yerself.  Yer not alone.  Seriously misunderstood creatures -- spiders.  It's the eyes, I reckon.  Unnerve people.",6,Rubeus Hagrid,rubeus hagrid,"Ah, don' worry yerself.  Yer not alone.  Seriously misunderstood creatures -- spiders.  It's the eyes, I reckon.  Unnerve people.",fear
5474,5475,178,40,5,I reckon that too... How'd yeh get outta the castle anyways?,6,Rubeus Hagrid,rubeus hagrid,I reckon that too... How'd yeh get outta the castle anyways?,surprise
5475,5476,178,40,1,Through the front doors.,6,Harry Potter,harry potter,Through the front doors.,fear
5479,5480,178,40,5,Wish yeh coulda seen 'im in 'is prime.  Magnificent 'e was.  Jus' magnificent...,6,Rubeus Hagrid,rubeus hagrid,Wish yeh coulda seen 'im in 'is prime.  Magnificent 'e was.  Jus' magnificent...,surprise
5480,5481,178,40,8,Why don't I say a few words?  I trust he had family?,6,Horace Slughorn,horace slughorn,Why don't I say a few words?  I trust he had family?,fear
5484,5485,178,40,8,"Farewell, Aragog, king of arachnids.  Though your body will decay, your spirit lingers on in the quiet, web-spun places of your Forest home.  May your many-eyed descendents ever flourish and your human friends find solace for the loss they have sustained.",6,Horace Slughorn,horace slughorn,"Farewell, Aragog, king of arachnids.  Though your body will decay, your spirit lingers on in the quiet, web-spun places of your Forest home.  May your many-eyed descendents ever flourish and your human friends find solace for the loss they have sustained.",sadness
5485,5486,178,40,5,Tha' was... tha' was... beautiful.,6,Rubeus Hagrid,rubeus hagrid,Tha' was... tha' was... beautiful.,joy
5486,5487,179,40,8,"And Odo the hero, they bore him back home...",6,Horace Slughorn,horace slughorn,"And Odo the hero, they bore him back home...",sadness
5487,5488,179,40,5,"To the place he'd known as a lad, They laid him to rest with his hat inside out and his wand snapped in two, which was sad...",6,Rubeus Hagrid,rubeus hagrid,"To the place he'd known as a lad, They laid him to rest with his hat inside out and his wand snapped in two, which was sad...",sadness
5489,5490,179,40,8,Sweet.  I once had a fish. Francis.  Lovely little thing. One day I came downstairs and he'd vanished.  Poof.,6,Horace Slughorn,horace slughorn,Sweet.  I once had a fish. Francis.  Lovely little thing. One day I came downstairs and he'd vanished.  Poof.,surprise
5494,5495,179,40,8,"But my dear chap, do you know how much that's worth?",6,Horace Slughorn,horace slughorn,"But my dear chap, do you know how much that's worth?",surprise
5495,5496,179,40,5,No idea... no idea at all...,6,Rubeus Hagrid,rubeus hagrid,No idea... no idea at all...,surprise
5497,5498,179,40,8,"Your mother.  The day I came downstairs, the day I found the bowl empty... was the day she...",6,Horace Slughorn,horace slughorn,"Your mother.  The day I came downstairs, the day I found the bowl empty... was the day she...",surprise
5498,5499,179,40,8,I know what you want.  But I can't give it to you.  It will ruin me...,6,Horace Slughorn,horace slughorn,I know what you want.  But I can't give it to you.  It will ruin me...,sadness
5499,5500,179,40,1,Do you know why I survived?  The night I got this.,6,Harry Potter,harry potter,Do you know why I survived?  The night I got this.,surprise
5500,5501,179,40,1,Because of her.  Because she sacrificed herself.  Because she refused to step aside.  Because her love was more powerful than Voldemort.,6,Harry Potter,harry potter,Because of her.  Because she sacrificed herself.  Because she refused to step aside.  Because her love was more powerful than Voldemort.,anger
5502,5503,179,40,1,"I'm not afraid of the name, Professor.  And I'm not afraid of him.  And you shouldn't be either. She didn't just die for me that night.  She died for you too.  She died for everyone who's ever woken in the middle of the night afraid a Death Eater waited on their doorstep.",6,Harry Potter,harry potter,"I'm not afraid of the name, Professor.  And I'm not afraid of him.  And you shouldn't be either. She didn't just die for me that night.  She died for you too.  She died for everyone who's ever woken in the middle of the night afraid a Death Eater waited on their doorstep.",fear
5504,5505,179,40,1,"Only I can kill him.  But in order to do so, I need to know what Tom Riddle asked you that night in your office all those years ago. And I need to know what you told him.",6,Harry Potter,harry potter,"Only I can kill him.  But in order to do so, I need to know what Tom Riddle asked you that night in your office all those years ago. And I need to know what you told him.",fear
5505,5506,179,40,1,"Be brave, Professor.  Be brave like my mother.  Otherwise you disgrace her.  Otherwise she died for nothing.  Otherwise, the bowl remains empty forever.",6,Harry Potter,harry potter,"Be brave, Professor.  Be brave like my mother.  Otherwise you disgrace her.  Otherwise she died for nothing.  Otherwise, the bowl remains empty forever.",sadness
5507,5508,180,48,4,How is he?  Horace?,6,Albus Dumbledore,albus dumbledore,How is he?  Horace?,fear
5508,5509,180,48,24,"Sir, is it true that Professor Merrythought is retiring?",6,Tom Riddle,tom riddle,"Sir, is it true that Professor Merrythought is retiring?",sadness
5516,5517,180,48,8,Go on.,6,Horace Slughorn,horace slughorn,Go on.,anger
5517,5518,180,48,24,"I was in the library the other night, in the Restricted section, and I read something rather odd, about a bit of rare magic and I thought perhaps you could illuminate me.  It's called, as I understand it... a Horcrux.",6,Tom Riddle,tom riddle,"I was in the library the other night, in the Restricted section, and I read something rather odd, about a bit of rare magic and I thought perhaps you could illuminate me.  It's called, as I understand it... a Horcrux.",surprise
5518,5519,180,48,8,Excuse me?,6,Horace Slughorn,horace slughorn,Excuse me?,anger
5519,5520,180,48,24,Horcrux.  I came across the term while reading and I didn't fully understand it.,6,Tom Riddle,tom riddle,Horcrux.  I came across the term while reading and I didn't fully understand it.,surprise
5524,5525,180,48,8,"One splits one's soul and hides part of it in an object.  By doing so, you are protected should you be attacked and your body destroyed.",6,Horace Slughorn,horace slughorn,"One splits one's soul and hides part of it in an object.  By doing so, you are protected should you be attacked and your body destroyed.",anger
5527,5528,180,48,24,"How does one split his soul, sir?",6,Tom Riddle,tom riddle,"How does one split his soul, sir?",anger
5529,5530,180,48,24,Murder.,6,Tom Riddle,tom riddle,Murder.,fear
5532,5533,180,48,8,"Seven!  Merlin's beard, Tom! Isn't it bad enough to think of killing one person?  To rip the soul into seven pieces...",6,Horace Slughorn,horace slughorn,"Seven!  Merlin's beard, Tom! Isn't it bad enough to think of killing one person?  To rip the soul into seven pieces...",surprise
5536,5537,180,41,4,This is beyond anything I imagined.  In my life I have seen things that are unimaginably horrific.  I know now... you will see worse.,6,Albus Dumbledore,albus dumbledore,This is beyond anything I imagined.  In my life I have seen things that are unimaginably horrific.  I know now... you will see worse.,fear
5537,5538,180,41,1,"Do you mean to say he succeeded, sir?  In making a Horcrux?",6,Harry Potter,harry potter,"Do you mean to say he succeeded, sir?  In making a Horcrux?",surprise
5539,5540,180,41,1,Seven.  He made seven -- the most powerfully magical number.  But... what are they exactly?,6,Harry Potter,harry potter,Seven.  He made seven -- the most powerfully magical number.  But... what are they exactly?,surprise
5542,5543,180,41,4,"It's a Horcrux, yes.  Four years ago, when you saved Ginny Weasley's life in the Chamber of Secrets, when you brought me this I knew.  This was a different kind of magic.  Very dark.  Very powerful.  But until tonight, I had no idea just how powerful...",6,Albus Dumbledore,albus dumbledore,"It's a Horcrux, yes.  Four years ago, when you saved Ginny Weasley's life in the Chamber of Secrets, when you brought me this I knew.  This was a different kind of magic.  Very dark.  Very powerful.  But until tonight, I had no idea just how powerful...",fear
5543,5544,180,41,1,And the ring...?,6,Harry Potter,harry potter,And the ring...?,surprise
5546,5547,180,41,4,One destroys Voldemort.,6,Albus Dumbledore,albus dumbledore,One destroys Voldemort.,anger
5547,5548,180,41,1,"But how would you find them?  They could be hidden anywhere, couldn't they...",6,Harry Potter,harry potter,"But how would you find them?  They could be hidden anywhere, couldn't they...",surprise
5553,5554,180,45,3,Harry.  It's time.,6,Hermione Granger,hermione granger,Harry.  It's time.,sadness
5555,5556,180,45,3,If one wants it to be.  Why?,6,Hermione Granger,hermione granger,If one wants it to be.  Why?,surprise
5556,5557,180,45,1,It would explain why I thought Malfoy was leaving the castle when he disappeared off the Map.,6,Harry Potter,harry potter,It would explain why I thought Malfoy was leaving the castle when he disappeared off the Map.,fear
5559,5560,180,45,2,No.  I got an owl from Dad this morning.  The one at Borgin & Burke's?  It's still there.,6,Ron Weasley,ron weasley,No.  I got an owl from Dad this morning.  The one at Borgin & Burke's?  It's still there.,surprise
5560,5561,180,45,1,But I'm telling you.  I saw it --,6,Harry Potter,harry potter,But I'm telling you.  I saw it --,surprise
5561,5562,180,45,1,What if there are two?  Vanishing cabinets.,6,Harry Potter,harry potter,What if there are two?  Vanishing cabinets.,surprise
5562,5563,180,45,3,What if there are?,6,Hermione Granger,hermione granger,What if there are?,fear
5563,5564,180,45,1,I don't know...,6,Harry Potter,harry potter,I don't know...,surprise
5566,5567,180,23,6,Have you ever considered that you ask too much?  That you take too much for granted?  Has it ever crossed your brilliant mind that I don't want to do this anymore?,6,Severus Snape,severus snape,Have you ever considered that you ask too much?  That you take too much for granted?  Has it ever crossed your brilliant mind that I don't want to do this anymore?,surprise
5569,5570,180,23,4,"At times I forget how much you've grown.  At times I still see the small boy from the cupboard. Forgive my mawkishness, Harry.  I am an old man.",6,Albus Dumbledore,albus dumbledore,"At times I forget how much you've grown.  At times I still see the small boy from the cupboard. Forgive my mawkishness, Harry.  I am an old man.",fear
5572,5573,180,23,4,A trait people never fail to undervalue.  I'm afraid.,6,Albus Dumbledore,albus dumbledore,A trait people never fail to undervalue.  I'm afraid.,fear
5573,5574,180,23,4,"The place to which we journey tonight is exceedingly dangerous, Harry.  I promised that you could accompany me and I stand by that promise.  But there is a condition:  You must obey any command I give you -- without question.",6,Albus Dumbledore,albus dumbledore,"The place to which we journey tonight is exceedingly dangerous, Harry.  I promised that you could accompany me and I stand by that promise.  But there is a condition:  You must obey any command I give you -- without question.",fear
5575,5576,180,23,4,"Understand what I'm saying. Should I tell you to hide, you must hide.",6,Albus Dumbledore,albus dumbledore,"Understand what I'm saying. Should I tell you to hide, you must hide.",fear
5577,5578,180,23,4,And should I tell you to abandon me and save yourself...,6,Albus Dumbledore,albus dumbledore,And should I tell you to abandon me and save yourself...,anger
5581,5582,180,23,4,Take my arm.,6,Albus Dumbledore,albus dumbledore,Take my arm.,anger
5584,5585,180,73,1,"It's there, isn't it?",6,Harry Potter,harry potter,"It's there, isn't it?",surprise
5586,5587,180,73,4,"One wintry afternoon, he lured two younger classmates to this cave. What happened is unclear.  But this much is known:  the children were damaged.",6,Albus Dumbledore,albus dumbledore,"One wintry afternoon, he lured two younger classmates to this cave. What happened is unclear.  But this much is known:  the children were damaged.",sadness
5587,5588,180,73,1,Sir!,6,Harry Potter,harry potter,Sir!,surprise
5589,5590,180,73,1,"You should've let me, sir.",6,Harry Potter,harry potter,"You should've let me, sir.",anger
5590,5591,180,73,4,"Oh, no, Harry.  Your blood is much more precious than mine.",6,Albus Dumbledore,albus dumbledore,"Oh, no, Harry.  Your blood is much more precious than mine.",sadness
5591,5592,180,73,4,Careful.  The water.,6,Albus Dumbledore,albus dumbledore,Careful.  The water.,fear
5594,5595,180,73,1,Accio Horcrux!,6,Harry Potter,harry potter,Accio Horcrux!,surprise
5599,5600,180,73,1,Professor... there are bodies in this lake.,6,Harry Potter,harry potter,Professor... there are bodies in this lake.,surprise
5605,5606,180,73,4,"You remember the condition on which I brought you with me? This potion might paralyze me.  It might cause me to forget why I'm here.  It might create so much pain I beg for relief.  You are not to indulge these requests, Harry.  It is your job to make sure I keep drinking this potion even if you have to force it down my throat.  Understood?",6,Albus Dumbledore,albus dumbledore,"You remember the condition on which I brought you with me? This potion might paralyze me.  It might cause me to forget why I'm here.  It might create so much pain I beg for relief.  You are not to indulge these requests, Harry.  It is your job to make sure I keep drinking this potion even if you have to force it down my throat.  Understood?",fear
5606,5607,180,73,1,"Why can't I drink it, sir?",6,Harry Potter,harry potter,"Why can't I drink it, sir?",anger
5608,5609,180,73,1,Professor?,6,Harry Potter,harry potter,Professor?,surprise
5609,5610,180,73,1,Professor?  Can you hear me?,6,Harry Potter,harry potter,Professor?  Can you hear me?,surprise
5610,5611,180,73,4,Don't... don't make me...,6,Albus Dumbledore,albus dumbledore,Don't... don't make me...,fear
5611,5612,180,73,1,"You... you can't stop, Professor. You've got to keep drinking.  Like you said.  Remember.",6,Harry Potter,harry potter,"You... you can't stop, Professor. You've got to keep drinking.  Like you said.  Remember.",anger
5612,5613,180,73,4,Nooooooo!!!,6,Albus Dumbledore,albus dumbledore,Nooooooo!!!,surprise
5613,5614,180,73,4,Make it stop... Please... make it stop...,6,Albus Dumbledore,albus dumbledore,Make it stop... Please... make it stop...,fear
5614,5615,180,73,1,"It will, sir.  It'll stop.  But only if you drink...",6,Harry Potter,harry potter,"It will, sir.  It'll stop.  But only if you drink...",fear
5615,5616,180,73,4,My fault.  It's all my fault...,6,Albus Dumbledore,albus dumbledore,My fault.  It's all my fault...,anger
5616,5617,180,73,4,"Too much... I can't... take it... I want... to die... kill... kill me... KILL ME, HARRY!",6,Albus Dumbledore,albus dumbledore,"Too much... I can't... take it... I want... to die... kill... kill me... KILL ME, HARRY!",anger
5617,5618,180,73,1,What?,6,Harry Potter,harry potter,What?,surprise
5618,5619,180,73,4,"Your word, Harry!  Your word!",6,Albus Dumbledore,albus dumbledore,"Your word, Harry!  Your word!",joy
5620,5621,180,73,4,Kill me!  It's the only way!,6,Albus Dumbledore,albus dumbledore,Kill me!  It's the only way!,anger
5626,5627,180,73,4,Water!,6,Albus Dumbledore,albus dumbledore,Water!,surprise
5630,5631,180,73,1,"Don't worry, sir.  We're nearly there.",6,Harry Potter,harry potter,"Don't worry, sir.  We're nearly there.",fear
5631,5632,180,73,4,"I am not worried, Harry.  I am with you.",6,Albus Dumbledore,albus dumbledore,"I am not worried, Harry.  I am with you.",fear
5632,5633,181,23,7,To your Houses.  No dawdling.,6,Minerva McGonagall,minerva mcgonagall,To your Houses.  No dawdling.,sadness
5634,5635,181,23,4,No.  Severus... Severus is who I need... Go and wake him... Tell him what has happened...,6,Albus Dumbledore,albus dumbledore,No.  Severus... Severus is who I need... Go and wake him... Tell him what has happened...,fear
5639,5640,181,23,4,Hide yourself below.  And do not speak or show yourself without my permission.  No matter what.,6,Albus Dumbledore,albus dumbledore,Hide yourself below.  And do not speak or show yourself without my permission.  No matter what.,fear
5641,5642,181,23,4,Trust me.,6,Albus Dumbledore,albus dumbledore,Trust me.,fear
5642,5643,181,23,4,"Good evening, Draco.  What brings you out on such a fine Spring evening?  Or is it Summer?",6,Albus Dumbledore,albus dumbledore,"Good evening, Draco.  What brings you out on such a fine Spring evening?  Or is it Summer?",joy
5643,5644,181,23,12,Who else is here?  I heard you talking.,6,Draco Malfoy,draco malfoy,Who else is here?  I heard you talking.,surprise
5644,5645,181,23,4,"I often talk aloud to myself.  I find it extraordinarily useful. That which sounds sane at a whisper can seem utterly mad when said for all the world to hear. Haven't been whispering to yourself, have you, Draco?",6,Albus Dumbledore,albus dumbledore,"I often talk aloud to myself.  I find it extraordinarily useful. That which sounds sane at a whisper can seem utterly mad when said for all the world to hear. Haven't been whispering to yourself, have you, Draco?",anger
5646,5647,181,23,12,How do you know what I am?  I've done things that would shock you.,6,Draco Malfoy,draco malfoy,How do you know what I am?  I've done things that would shock you.,surprise
5647,5648,181,23,4,"Like cursing Katie Bell and hoping she would, in turn, bear a cursed necklace to me?  Like replacing a bottle of mead with one laced with poison.  Forgive me, Draco, but these are attempts so feeble I cannot help but question if your heart has been really in them. I'm curious.  When Voldemort gave you this task, when he asked you to kill me, was it in a whisper?",6,Albus Dumbledore,albus dumbledore,"Like cursing Katie Bell and hoping she would, in turn, bear a cursed necklace to me?  Like replacing a bottle of mead with one laced with poison.  Forgive me, Draco, but these are attempts so feeble I cannot help but question if your heart has been really in them. I'm curious.  When Voldemort gave you this task, when he asked you to kill me, was it in a whisper?",fear
5648,5649,181,23,12,He trusts me!  I was chosen!,6,Draco Malfoy,draco malfoy,He trusts me!  I was chosen!,joy
5650,5651,181,23,12,Expelliarumus!,6,Draco Malfoy,draco malfoy,Expelliarumus!,anger
5651,5652,181,23,4,"Well done, Draco.  But I warn you. Killing is not nearly as easy.",6,Albus Dumbledore,albus dumbledore,"Well done, Draco.  But I warn you. Killing is not nearly as easy.",fear
5652,5653,181,23,4,You're not alone.  Are you.  There are others.  How?,6,Albus Dumbledore,albus dumbledore,You're not alone.  Are you.  There are others.  How?,surprise
5658,5659,181,23,4,"A passage, yes.  Very good. I once knew a boy years ago who made all the wrong choices.  Let me help you, Draco.",6,Albus Dumbledore,albus dumbledore,"A passage, yes.  Very good. I once knew a boy years ago who made all the wrong choices.  Let me help you, Draco.",joy
5659,5660,181,23,12,I don't want your help!  Don't you see!  I have to do it!  I have to! I've got to kill you or he'll kill me.,6,Draco Malfoy,draco malfoy,I don't want your help!  Don't you see!  I have to do it!  I have to! I've got to kill you or he'll kill me.,anger
5661,5662,181,23,22,"Well now, look what we have here. Dumbledore.  Wandless and alone.",6,Bellatrix Lestrange,bellatrix lestrange,"Well now, look what we have here. Dumbledore.  Wandless and alone.",sadness
5662,5663,181,23,22,"Cornered in his own castle.  Well done, Draco.",6,Bellatrix Lestrange,bellatrix lestrange,"Cornered in his own castle.  Well done, Draco.",sadness
5664,5665,181,23,22,"Love to, Albus.  But I'm afraid we're on a bit of a tight schedule.",6,Bellatrix Lestrange,bellatrix lestrange,"Love to, Albus.  But I'm afraid we're on a bit of a tight schedule.",fear
5667,5668,181,23,6,"No!  The Dark Lord was clear.  The boy's to do it.  Go on, Draco. Now!",6,Severus Snape,severus snape,"No!  The Dark Lord was clear.  The boy's to do it.  Go on, Draco. Now!",anger
5670,5671,181,23,22,"Well, look who's here.  Hogwarts own Defense Against the Dark Arts teacher.  Come to see the slaughter?",6,Bellatrix Lestrange,bellatrix lestrange,"Well, look who's here.  Hogwarts own Defense Against the Dark Arts teacher.  Come to see the slaughter?",surprise
5673,5674,181,23,6,Avada Kedavra!,6,Severus Snape,severus snape,Avada Kedavra!,joy
5674,5675,182,23,6,You can no longer stay here.,6,Severus Snape,severus snape,You can no longer stay here.,sadness
5676,5677,182,23,22,Draco!  Draco! They'll kill you if you stay.,6,Bellatrix Lestrange,bellatrix lestrange,Draco!  Draco! They'll kill you if you stay.,anger
5677,5678,182,23,6,Go on!,6,Severus Snape,severus snape,Go on!,anger
5678,5679,182,23,6,Go on!,6,Severus Snape,severus snape,Go on!,anger
5679,5680,182,40,1,Cruciatus!,6,Harry Potter,harry potter,Cruciatus!,surprise
5680,5681,182,40,1,Incacerata!,6,Harry Potter,harry potter,Incacerata!,surprise
5681,5682,182,40,1,Impedimenta!,6,Harry Potter,harry potter,Impedimenta!,surprise
5682,5683,182,40,1,"Fight!  Fight back, you coward!",6,Harry Potter,harry potter,"Fight!  Fight back, you coward!",anger
5684,5685,182,40,6,No!  He belongs to the Dark Lord!,6,Severus Snape,severus snape,No!  He belongs to the Dark Lord!,anger
5685,5686,182,40,1,Sectumsempra!,6,Harry Potter,harry potter,Sectumsempra!,surprise
5686,5687,182,40,6,"You dare use my own spells against me, Potter?",6,Severus Snape,severus snape,"You dare use my own spells against me, Potter?",anger
5687,5688,182,40,6,"You may have gotten your mother's eyes, but you're as dim as your father.  Yes.  It's me.  I'm the Half-Blood Prince.",6,Severus Snape,severus snape,"You may have gotten your mother's eyes, but you're as dim as your father.  Yes.  It's me.  I'm the Half-Blood Prince.",sadness
5689,5690,182,40,1,Hagrid!  You alright?,6,Harry Potter,harry potter,Hagrid!  You alright?,surprise
5693,5694,182,40,5,"An' wha's this wi' the Dark Mar'? Who's been killed? Where's Dumbledore, 'arry? Where's Dumbledore!!",6,Rubeus Hagrid,rubeus hagrid,"An' wha's this wi' the Dark Mar'? Who's been killed? Where's Dumbledore, 'arry? Where's Dumbledore!!",surprise
5699,5700,183,23,1,Do you think he would've done it. Draco?,6,Harry Potter,harry potter,Do you think he would've done it. Draco?,surprise
5700,5701,183,23,1,"No.  He was lowering his wand.  In the end, it was Snape.  It was always Snape.  And I did nothing...",6,Harry Potter,harry potter,"No.  He was lowering his wand.  In the end, it was Snape.  It was always Snape.  And I did nothing...",fear
5701,5702,183,23,3,Strange.  Thinking this is a piece of Voldemort's soul...,6,Hermione Granger,hermione granger,Strange.  Thinking this is a piece of Voldemort's soul...,surprise
5704,5705,183,23,3,"'To the Dark Lord.  I know I will be dead long before you read this but I want you to know that it was I who discovered your secret.  I have stolen the real Horcrux and intend to destroy it as soon as I can.  I face death in the hope that when you meet your match, you will be mortal once more.  R.A.B.'",6,Hermione Granger,hermione granger,"'To the Dark Lord.  I know I will be dead long before you read this but I want you to know that it was I who discovered your secret.  I have stolen the real Horcrux and intend to destroy it as soon as I can.  I face death in the hope that when you meet your match, you will be mortal once more.  R.A.B.'",fear
5707,5708,183,23,1,"I'm not coming back, Hermione.",6,Harry Potter,harry potter,"I'm not coming back, Hermione.",sadness
5711,5712,183,23,3,"You don't honestly think you can find all those Horcruxes by yourself, do you? You need us, Harry.",6,Hermione Granger,hermione granger,"You don't honestly think you can find all those Horcruxes by yourself, do you? You need us, Harry.",anger
5715,5716,183,23,1,"Funny, he says the same about you.",6,Harry Potter,harry potter,"Funny, he says the same about you.",joy
5717,5718,183,23,1,You're brilliant.  You both are.,6,Harry Potter,harry potter,You're brilliant.  You both are.,surprise
5718,5719,183,23,3,Do you think we'll ever... come back?,6,Hermione Granger,hermione granger,Do you think we'll ever... come back?,surprise
5719,5720,183,23,1,I don't know. I never realised how beautiful this place was.,6,Harry Potter,harry potter,I don't know. I never realised how beautiful this place was.,surprise
5720,5721,184,70,51,"These are dark times, there is no denying.  Our world has perhaps faced no greater threat than it does today.  But I say this to our citizenry:  we, ever your servants, continue to defend your liberty and repel the forces that would seek to take it from you. Your Ministry remains strong...",7,Rufus Scrimgeour,rufus scrimgeour,"These are dark times, there is no denying.  Our world has perhaps faced no greater threat than it does today.  But I say this to our citizenry:  we, ever your servants, continue to defend your liberty and repel the forces that would seek to take it from you. Your Ministry remains strong...",fear
5723,5724,184,17,95,Don't you look lovely.  All packed?,7,Mrs. Granger,mrs. granger,Don't you look lovely.  All packed?,surprise
5729,5730,184,17,3,Goodbye.,7,Hermione Granger,hermione granger,Goodbye.,sadness
5733,5734,184,17,2,C'mon.  Mum's got dinner ready.,7,Ron Weasley,ron weasley,C'mon.  Mum's got dinner ready.,joy
5734,5735,185,13,9,Severus.  I was beginning to worry you'd lost your way.  Come.  I've saved you a seat.,7,Voldemort,voldemort,Severus.  I was beginning to worry you'd lost your way.  Come.  I've saved you a seat.,fear
5735,5736,185,13,9,"You know our hosts, of course, Severus.  Narcissa in particular has been most hospitable.  Lucius, on the other hand, is, I fear, burdened by my presence.  Are you, Lucius?",7,Voldemort,voldemort,"You know our hosts, of course, Severus.  Narcissa in particular has been most hospitable.  Lucius, on the other hand, is, I fear, burdened by my presence.  Are you, Lucius?",fear
5736,5737,185,13,23,My lord?,7,Lucius Malfoy,lucius malfoy,My lord?,surprise
5737,5738,185,13,9,Are you burdened?,7,Voldemort,voldemort,Are you burdened?,sadness
5738,5739,185,13,63,My lord is always welcome here.,7,Narcissa Malfoy,narcissa malfoy,My lord is always welcome here.,joy
5746,5747,185,13,9,"Pius, what say you?",7,Voldemort,voldemort,"Pius, what say you?",surprise
5750,5751,185,13,22,"My lord, if I might, I'd like to volunteer myself for this task. I'd like to kill the boy.",7,Bellatrix Lestrange,bellatrix lestrange,"My lord, if I might, I'd like to volunteer myself for this task. I'd like to kill the boy.",sadness
5751,5752,185,13,9,Wormtail!  Have I not spoken to you about keeping our guest quiet?,7,Voldemort,voldemort,Wormtail!  Have I not spoken to you about keeping our guest quiet?,surprise
5752,5753,185,13,44,"Yes, m-my lord.  Right away, my lord.",7,Peter Pettigrew,peter pettigrew,"Yes, m-my lord.  Right away, my lord.",fear
5753,5754,185,13,9,"As inspiring as I find your bloodlust, Bellatrix, I must be the one to kill Harry Potter.  But I face an unfortunate complication.  It has recently come to my attention that my wand and Potter's share the same core. They are, in some ways, twins.  We can wound but not fatally harm one another.  Which means, if I am to kill him... I will have to do it with another's wand.",7,Voldemort,voldemort,"As inspiring as I find your bloodlust, Bellatrix, I must be the one to kill Harry Potter.  But I face an unfortunate complication.  It has recently come to my attention that my wand and Potter's share the same core. They are, in some ways, twins.  We can wound but not fatally harm one another.  Which means, if I am to kill him... I will have to do it with another's wand.",fear
5756,5757,185,13,9,Do I detect elm?,7,Voldemort,voldemort,Do I detect elm?,fear
5760,5761,185,13,9,My wand?  You can't possibly think I would give you my wand.,7,Voldemort,voldemort,My wand?  You can't possibly think I would give you my wand.,surprise
5765,5766,185,13,9,Avada Kedavra!,7,Voldemort,voldemort,Avada Kedavra!,joy
5767,5768,186,8,21,"Come now, Dudley.  Hurry up!",7,Vernon Dursley,vernon dursley,"Come now, Dudley.  Hurry up!",joy
5768,5769,186,8,1,Time for the teary farewell.,7,Harry Potter,harry potter,Time for the teary farewell.,sadness
5769,5770,186,8,32,I've lived in this house twenty years.  And now -- in a single night -- I'm expected to leave.,7,Petunia Dursley,petunia dursley,I've lived in this house twenty years.  And now -- in a single night -- I'm expected to leave.,fear
5771,5772,186,8,32,You think I don't know that?  You think I don't know what they're capable of?,7,Petunia Dursley,petunia dursley,You think I don't know that?  You think I don't know what they're capable of?,surprise
5772,5773,186,8,32,"You didn't just lose a mother that night in Godric's Hollow, you know.  I lost a sister.",7,Petunia Dursley,petunia dursley,"You didn't just lose a mother that night in Godric's Hollow, you know.  I lost a sister.",sadness
5776,5777,186,8,31,I don't understand.  Isn't he coming with us?,7,Dudley Dursley,dudley dursley,I don't understand.  Isn't he coming with us?,surprise
5777,5778,186,8,21,Who?,7,Vernon Dursley,vernon dursley,Who?,surprise
5780,5781,186,8,31,Why?,7,Dudley Dursley,dudley dursley,Why?,surprise
5784,5785,186,8,31,I don't think you're a waste of space.,7,Dudley Dursley,dudley dursley,I don't think you're a waste of space.,surprise
5785,5786,186,8,1,Well... thanks.,7,Harry Potter,harry potter,Well... thanks.,joy
5786,5787,186,8,1,"See you, Big D.",7,Harry Potter,harry potter,"See you, Big D.",joy
5788,5789,186,8,5,"All righ', 'arry?  Yeh look fit.",7,Rubeus Hagrid,rubeus hagrid,"All righ', 'arry?  Yeh look fit.",surprise
5795,5796,186,8,73,True enough.  Owe it all to a werewolf by name of Greyback. Hope to repay the favor one day.,7,Bill Weasley,bill weasley,True enough.  Owe it all to a werewolf by name of Greyback. Hope to repay the favor one day.,surprise
5796,5797,186,8,81,"You are still beautiful to me, William.",7,Fleur Delacour,fleur delacour,"You are still beautiful to me, William.",joy
5799,5800,186,8,13,"All right, all right!  You'll all have time for a cozy catch-up later!  We've got to get the hell out of here and soon!",7,Alastor Moody,alastor moody,"All right, all right!  You'll all have time for a cozy catch-up later!  We've got to get the hell out of here and soon!",joy
5803,5804,186,8,1,The real one...?,7,Harry Potter,harry potter,The real one...?,surprise
5805,5806,186,8,1,No!  Absolutely not!,7,Harry Potter,harry potter,No!  Absolutely not!,surprise
5807,5808,186,8,1,If you think I'm going to let people risk their lives for me --,7,Harry Potter,harry potter,If you think I'm going to let people risk their lives for me --,anger
5808,5809,186,8,2,"Never done that before, have we?",7,Ron Weasley,ron weasley,"Never done that before, have we?",surprise
5814,5815,186,8,13,"Nip it, Mundungus!  All right, Granger, as discussed.",7,Alastor Moody,alastor moody,"Nip it, Mundungus!  All right, Granger, as discussed.",anger
5815,5816,186,8,1,"Blimey, Hermione!",7,Harry Potter,harry potter,"Blimey, Hermione!",joy
5820,5821,186,8,14,Wow -- we're identical!,7,Fred Weasley,fred weasley,Wow -- we're identical!,surprise
5821,5822,186,8,19,Wow -- we're identical!,7,George Weasley,george weasley,Wow -- we're identical!,surprise
5826,5827,186,8,81,"Bill, look away -- I'm 'ideous.",7,Fleur Delacour,fleur delacour,"Bill, look away -- I'm 'ideous.",fear
5829,5830,186,8,13,Blimey.  I almost forgot.,7,Alastor Moody,alastor moody,Blimey.  I almost forgot.,surprise
5831,5832,186,8,1,Yes?,7,Harry Potter,harry potter,Yes?,surprise
5832,5833,186,8,13,"The real Harry!  Where the devil are you, anyway?",7,Alastor Moody,alastor moody,"The real Harry!  Where the devil are you, anyway?",surprise
5837,5838,187,17,13,"Good luck, everyone.  On the count of three.  One... two --",7,Alastor Moody,alastor moody,"Good luck, everyone.  On the count of three.  One... two --",joy
5838,5839,187,17,1,Hagrid!  We've got to help the others!,7,Harry Potter,harry potter,Hagrid!  We've got to help the others!,sadness
5839,5840,187,17,5,"Can't do it, 'arry.  My job's ter get you where we're goin' safe 'n sound -- Mad-Eye's orders!",7,Rubeus Hagrid,rubeus hagrid,"Can't do it, 'arry.  My job's ter get you where we're goin' safe 'n sound -- Mad-Eye's orders!",anger
5840,5841,187,17,1,What was that?,7,Harry Potter,harry potter,What was that?,surprise
5841,5842,187,17,5,Dragon fire!,7,Rubeus Hagrid,rubeus hagrid,Dragon fire!,anger
5842,5843,187,17,129,That's him!  The real one!,7,Ghosts,ghosts,That's him!  The real one!,surprise
5843,5844,187,17,5,"Hol' tight, 'arry!  We've got ter get yeh out of here!",7,Rubeus Hagrid,rubeus hagrid,"Hol' tight, 'arry!  We've got ter get yeh out of here!",anger
5844,5845,187,17,1,Hagrid... HAGRID...!,7,Harry Potter,harry potter,Hagrid... HAGRID...!,surprise
5846,5847,188,17,26,Harry!  Hagrid!  What happened?! Have you seen the others?,7,Molly Weasley,molly weasley,Harry!  Hagrid!  What happened?! Have you seen the others?,surprise
5848,5849,188,17,5,"They were on us from the star', Molly -- the Death Eaters.  And You-Know-Who as well.",7,Rubeus Hagrid,rubeus hagrid,"They were on us from the star', Molly -- the Death Eaters.  And You-Know-Who as well.",fear
5849,5850,188,17,26,"Well, thank goodness you two are all right.",7,Molly Weasley,molly weasley,"Well, thank goodness you two are all right.",joy
5852,5853,188,17,20,Oh my God!  George!,7,Ginny Weasley,ginny weasley,Oh my God!  George!,surprise
5853,5854,188,17,11,The house!  Quickly!,7,Remus Lupin,remus lupin,The house!  Quickly!,surprise
5854,5855,188,17,26,My boy!  My darling boy!  What've they done to you?!,7,Molly Weasley,molly weasley,My boy!  My darling boy!  What've they done to you?!,surprise
5855,5856,188,17,20,Remus!  What're you doing!,7,Ginny Weasley,ginny weasley,Remus!  What're you doing!,surprise
5856,5857,188,17,11,What creature sat in the corner the first time that Harry Potter visited my office at Hogwarts!,7,Remus Lupin,remus lupin,What creature sat in the corner the first time that Harry Potter visited my office at Hogwarts!,surprise
5857,5858,188,17,1,Are you mad...?,7,Harry Potter,harry potter,Are you mad...?,anger
5858,5859,188,17,11,What Creature!,7,Remus Lupin,remus lupin,What Creature!,surprise
5859,5860,188,17,1,A grindylow!,7,Harry Potter,harry potter,A grindylow!,surprise
5861,5862,188,17,1,Who did this to him?,7,Harry Potter,harry potter,Who did this to him?,surprise
5866,5867,188,17,56,What gave you away?,7,Kingsley Shacklebolt,kingsley shacklebolt,What gave you away?,surprise
5867,5868,188,17,1,Hedwig -- I think.  She was trying to protect me --,7,Harry Potter,harry potter,Hedwig -- I think.  She was trying to protect me --,fear
5868,5869,188,17,2,Hey ya -- Well... thanks.,7,Ron Weasley,ron weasley,Hey ya -- Well... thanks.,joy
5869,5870,188,17,61,"Deserves that.  Brilliant, he was. Wouldn't be standing here without him.",7,Nymphadora Tonks,nymphadora tonks,"Deserves that.  Brilliant, he was. Wouldn't be standing here without him.",surprise
5870,5871,188,17,3,Really?,7,Hermione Granger,hermione granger,Really?,surprise
5871,5872,188,17,2,Always the tone of surprise.,7,Ron Weasley,ron weasley,Always the tone of surprise.,surprise
5872,5873,188,17,16,Are we the last?  Where's George?,7,Arthur Weasley,arthur weasley,Are we the last?  Where's George?,surprise
5873,5874,188,17,16,Remus.  Where's my son?,7,Arthur Weasley,arthur weasley,Remus.  Where's my son?,surprise
5874,5875,188,17,14,"How do you feel, Georgie?",7,Fred Weasley,fred weasley,"How do you feel, Georgie?",sadness
5876,5877,188,17,14,Come again?,7,Fred Weasley,fred weasley,Come again?,surprise
5880,5881,188,17,73,Mad-Eye's dead.,7,Bill Weasley,bill weasley,Mad-Eye's dead.,sadness
5882,5883,188,17,11,Mad-Eye reckoned You-Know-Who would expect the real Harry to be with the most skilled Auror.  He knew he'd be in the most danger.,7,Remus Lupin,remus lupin,Mad-Eye reckoned You-Know-Who would expect the real Harry to be with the most skilled Auror.  He knew he'd be in the most danger.,fear
5883,5884,188,17,16,It doesn't explain how they knew we were moving Harry tonight.,7,Arthur Weasley,arthur weasley,It doesn't explain how they knew we were moving Harry tonight.,surprise
5884,5885,188,17,5,"Wha'?  One of us?  Tha's mad.  I'd wager me life it wasn' none of you lot.  An' if it was me I'd kno', wouldn' I?  Talk in me sleep on occasion, I'll admit, but there's only Fang aroun' ter hear an' mostly it's gibberish an' besides I'd cut me tongue out 'fore 'd betray 'arry e'en in me dreams --",7,Rubeus Hagrid,rubeus hagrid,"Wha'?  One of us?  Tha's mad.  I'd wager me life it wasn' none of you lot.  An' if it was me I'd kno', wouldn' I?  Talk in me sleep on occasion, I'll admit, but there's only Fang aroun' ter hear an' mostly it's gibberish an' besides I'd cut me tongue out 'fore 'd betray 'arry e'en in me dreams --",fear
5885,5886,188,17,5,Wha's so funny!,7,Rubeus Hagrid,rubeus hagrid,Wha's so funny!,surprise
5886,5887,188,17,1,"I trust you with my life, Hagrid. I trust everyone in this room. Understood?",7,Harry Potter,harry potter,"I trust you with my life, Hagrid. I trust everyone in this room. Understood?",fear
5889,5890,188,17,43,"No!  No!  I believed a different wand would work, I swear!",7,Garrick Ollivander,garrick ollivander,"No!  No!  I believed a different wand would work, I swear!",surprise
5890,5891,188,17,9,Then explain this!,7,Voldemort,voldemort,Then explain this!,anger
5893,5894,188,17,43,No!  There must be a way!  I'll think of something else!,7,Garrick Ollivander,garrick ollivander,No!  There must be a way!  I'll think of something else!,surprise
5894,5895,188,17,9,"I hope so, Ollivander, for your sake.  I won't be so forgiving next time...",7,Voldemort,voldemort,"I hope so, Ollivander, for your sake.  I won't be so forgiving next time...",sadness
5895,5896,188,17,2,Going somewhere?,7,Ron Weasley,ron weasley,Going somewhere?,surprise
5896,5897,188,17,1,No one else is going to die.  Not for me.,7,Harry Potter,harry potter,No one else is going to die.  Not for me.,sadness
5897,5898,188,17,2,"For you?  You think Madeye died for you?  You think George took that curse for you?  You may be the Chosen One, mate, but this is a whole lot bigger than that.",7,Ron Weasley,ron weasley,"For you?  You think Madeye died for you?  You think George took that curse for you?  You may be the Chosen One, mate, but this is a whole lot bigger than that.",surprise
5899,5900,188,17,2,And leave Hermione?  Are you mad? We wouldn't last two days without her.,7,Ron Weasley,ron weasley,And leave Hermione?  Are you mad? We wouldn't last two days without her.,anger
5901,5902,188,17,1,Wedding?,7,Harry Potter,harry potter,Wedding?,surprise
5902,5903,188,17,2,"Bill and Fleur.  Mum's been planning it for months.  Only thing that's kept her sane, I reckon.  She'll kill me if I miss it.  Kill you too.  Rather go face to face with You-Know-Who if I'm honest.",7,Ron Weasley,ron weasley,"Bill and Fleur.  Mum's been planning it for months.  Only thing that's kept her sane, I reckon.  She'll kill me if I miss it.  Kill you too.  Rather go face to face with You-Know-Who if I'm honest.",fear
5903,5904,188,17,1,I don't care about a bloody wedding -- no matter whose it is. I have to start searching for the Horcruxes.  It's the only chance we have to beat him.  And the longer we wait the stronger he gets.,7,Harry Potter,harry potter,I don't care about a bloody wedding -- no matter whose it is. I have to start searching for the Horcruxes.  It's the only chance we have to beat him.  And the longer we wait the stronger he gets.,anger
5905,5906,188,17,2,Do you think he knows?,7,Ron Weasley,ron weasley,Do you think he knows?,surprise
5907,5908,188,17,2,"What I'm saying is, if we do this thing right, if we find the Horcruxes and begin to destroy them one by one...",7,Ron Weasley,ron weasley,"What I'm saying is, if we do this thing right, if we find the Horcruxes and begin to destroy them one by one...",anger
5908,5909,188,17,2,Won't he know he's being hunted?,7,Ron Weasley,ron weasley,Won't he know he's being hunted?,fear
5909,5910,189,17,16,All together now!,7,Arthur Weasley,arthur weasley,All together now!,joy
5910,5911,189,17,16,One.  Two.  Three!,7,Arthur Weasley,arthur weasley,One.  Two.  Three!,surprise
5911,5912,189,17,20,Were you going to tell me?,7,Ginny Weasley,ginny weasley,Were you going to tell me?,surprise
5913,5914,189,17,20,And Ron and Hermione.  They'll not be going back to Hogwarts either?,7,Ginny Weasley,ginny weasley,And Ron and Hermione.  They'll not be going back to Hogwarts either?,sadness
5914,5915,189,17,20,I see.,7,Ginny Weasley,ginny weasley,I see.,surprise
5915,5916,189,17,1,"Dumbledore didn't want anyone to know what it is we're doing.  If I tell you, I'd be betraying him.",7,Harry Potter,harry potter,"Dumbledore didn't want anyone to know what it is we're doing.  If I tell you, I'd be betraying him.",anger
5917,5918,189,17,20,"Seems silly, doesn't it?  A wedding.  Given everything that's going on.",7,Ginny Weasley,ginny weasley,"Seems silly, doesn't it?  A wedding.  Given everything that's going on.",sadness
5921,5922,189,17,14,Brilliant!,7,Fred Weasley,fred weasley,Brilliant!,joy
5922,5923,189,17,19,"Bloody hell, what's the Minister of Magic doing here?",7,George Weasley,george weasley,"Bloody hell, what's the Minister of Magic doing here?",anger
5926,5927,189,17,1,And this would be...?,7,Harry Potter,harry potter,And this would be...?,surprise
5927,5928,189,17,51,"Don't be coy, Mr. Potter.  Mr. Weasley.  Would you say you were close to your former Headmaster?",7,Rufus Scrimgeour,rufus scrimgeour,"Don't be coy, Mr. Potter.  Mr. Weasley.  Would you say you were close to your former Headmaster?",fear
5929,5930,189,17,51,"And you, Miss Granger?  How would you characterize your relationship?",7,Rufus Scrimgeour,rufus scrimgeour,"And you, Miss Granger?  How would you characterize your relationship?",surprise
5931,5932,189,17,1,What's this all about?,7,Harry Potter,harry potter,What's this all about?,surprise
5934,5935,189,17,51,"Come now, you don't expect me to believe...",7,Rufus Scrimgeour,rufus scrimgeour,"Come now, you don't expect me to believe...",anger
5935,5936,189,17,51,"'Herein is set forth the Last Will and Testament of Albus Percival Wulfric Brian Dumbledore.  First, to Ronald Bilius Weasley, I leave my Deluminator, a device of my own making, in the hope that -- when things seem most dark -- it will show him the light.'",7,Rufus Scrimgeour,rufus scrimgeour,"'Herein is set forth the Last Will and Testament of Albus Percival Wulfric Brian Dumbledore.  First, to Ronald Bilius Weasley, I leave my Deluminator, a device of my own making, in the hope that -- when things seem most dark -- it will show him the light.'",fear
5936,5937,189,17,2,Dumbledore left this?  For me? Brilliant.  Er -- what is it?,7,Ron Weasley,ron weasley,Dumbledore left this?  For me? Brilliant.  Er -- what is it?,surprise
5938,5939,189,17,51,"'To Miss Hermione Jean Granger, I leave my copy of The Tales of Beedle the Bard, in the hope that she will find it entertaining and instructive.'",7,Rufus Scrimgeour,rufus scrimgeour,"'To Miss Hermione Jean Granger, I leave my copy of The Tales of Beedle the Bard, in the hope that she will find it entertaining and instructive.'",joy
5939,5940,189,17,2,"Mum used to read me those!  The Wizard and the Hopping Pot, Babbitty Rabbity and her Cackling Stump...",7,Ron Weasley,ron weasley,"Mum used to read me those!  The Wizard and the Hopping Pot, Babbitty Rabbity and her Cackling Stump...",joy
5940,5941,189,17,2,"Oh, c'mon!  Beedle's stories are famous!  Babbity Rabbitty? No...?",7,Ron Weasley,ron weasley,"Oh, c'mon!  Beedle's stories are famous!  Babbity Rabbitty? No...?",joy
5942,5943,189,17,1,That's it then?,7,Harry Potter,harry potter,That's it then?,surprise
5943,5944,189,17,51,"Not quite.  Dumbledore left you a second bequest:  The Sword of Godric Gryffindor.  Unfortunately, the Sword of Gryffindor was not Dumbledore's to give away.  As an important historical artifact, it belongs...",7,Rufus Scrimgeour,rufus scrimgeour,"Not quite.  Dumbledore left you a second bequest:  The Sword of Godric Gryffindor.  Unfortunately, the Sword of Gryffindor was not Dumbledore's to give away.  As an important historical artifact, it belongs...",sadness
5944,5945,189,17,3,To Harry!  It belongs to Harry! It chose him!  It came to him in the Chamber of Secrets when he most needed it!,7,Hermione Granger,hermione granger,To Harry!  It belongs to Harry! It chose him!  It came to him in the Chamber of Secrets when he most needed it!,anger
5946,5947,189,17,1,Excuse me?,7,Harry Potter,harry potter,Excuse me?,anger
5951,5952,189,17,51,I came alone.  I don't really need them anymore...,7,Rufus Scrimgeour,rufus scrimgeour,I came alone.  I don't really need them anymore...,sadness
5953,5954,190,17,1,You mean -- But that's brilliant -- I... don't know what to say.,7,Harry Potter,harry potter,You mean -- But that's brilliant -- I... don't know what to say.,surprise
5955,5956,190,17,25,"Hello, Harry!",7,Luna Lovegood,luna lovegood,"Hello, Harry!",joy
5956,5957,190,17,25,"Oh, I've interrupted a deep thought, haven't I?  I can see it growing smaller in your eyes.",7,Luna Lovegood,luna lovegood,"Oh, I've interrupted a deep thought, haven't I?  I can see it growing smaller in your eyes.",surprise
5957,5958,190,17,1,"No, 'course not.  How are you, Luna?",7,Harry Potter,harry potter,"No, 'course not.  How are you, Luna?",surprise
5958,5959,190,17,25,Very well.  I was bitten by a garden gnome only moments ago.,7,Luna Lovegood,luna lovegood,Very well.  I was bitten by a garden gnome only moments ago.,fear
5960,5961,190,17,1,"Nice to meet you, sir.",7,Harry Potter,harry potter,"Nice to meet you, sir.",joy
5962,5963,190,17,25,"Come, Daddy.  Harry doesn't want to talk to us right now.  He's just too nice to say so.",7,Luna Lovegood,luna lovegood,"Come, Daddy.  Harry doesn't want to talk to us right now.  He's just too nice to say so.",sadness
5964,5965,190,17,62,Mr. Potter!  By all means!,7,Elphias Doge,elphias doge,Mr. Potter!  By all means!,joy
5965,5966,190,17,1,"I found what you wrote in the Daily Prophet very moving, sir.  I take it you knew Professor Dumbledore well?",7,Harry Potter,harry potter,"I found what you wrote in the Daily Prophet very moving, sir.  I take it you knew Professor Dumbledore well?",surprise
5967,5968,190,17,1,"I never even knew he had a brother, sir.",7,Harry Potter,harry potter,"I never even knew he had a brother, sir.",surprise
5969,5970,190,17,1,"Sir, I was wondering if you'd had much contact with him before he died.",7,Harry Potter,harry potter,"Sir, I was wondering if you'd had much contact with him before he died.",surprise
5970,5971,190,17,62,The occasional owl.  Though it was strange...,7,Elphias Doge,elphias doge,The occasional owl.  Though it was strange...,fear
5971,5972,190,17,1,"Strange, sir?",7,Harry Potter,harry potter,"Strange, sir?",surprise
5974,5975,190,17,62,"I'm afraid not.  Albus' messages mostly referenced our days together as schoolboys.  They were surprisingly intimate.  When he did speak of his current activities his words would turn elliptical.  Still, I sensed he was under great stress.  Why do you ask?",7,Elphias Doge,elphias doge,"I'm afraid not.  Albus' messages mostly referenced our days together as schoolboys.  They were surprisingly intimate.  When he did speak of his current activities his words would turn elliptical.  Still, I sensed he was under great stress.  Why do you ask?",fear
5975,5976,190,17,1,Just curious.  I was... close to Professor Dumbledore.,7,Harry Potter,harry potter,Just curious.  I was... close to Professor Dumbledore.,surprise
5977,5978,190,17,140,"Don't despair, Elphias.  I'm told he's been thoroughly unriddled by Rita Skeeter.  In 800 pages no less.",7,Woman,woman,"Don't despair, Elphias.  I'm told he's been thoroughly unriddled by Rita Skeeter.  In 800 pages no less.",sadness
5980,5981,190,17,62,"I'm sorry you think so, Muriel.  I assure you I was writing from the heart.",7,Elphias Doge,elphias doge,"I'm sorry you think so, Muriel.  I assure you I was writing from the heart.",sadness
5983,5984,190,17,1,Who are you talking about?,7,Harry Potter,harry potter,Who are you talking about?,surprise
5985,5986,190,17,1,Who?,7,Harry Potter,harry potter,Who?,surprise
5986,5987,190,17,77,"Who? Bathilda Bagshot!  My god, boy, she's only the most celebrated magical historian of the last century.  Don't they read History of Magic at Hogwarts anymore?",7,Muriel,muriel,"Who? Bathilda Bagshot!  My god, boy, she's only the most celebrated magical historian of the last century.  Don't they read History of Magic at Hogwarts anymore?",surprise
5989,5990,190,17,1,Godric's Hollow?  Bathilda Bagshot lives in Godric's Hollow?,7,Harry Potter,harry potter,Godric's Hollow?  Bathilda Bagshot lives in Godric's Hollow?,surprise
5991,5992,190,17,1,Excuse me?  You don't mean to say Dumbledore lived there too?,7,Harry Potter,harry potter,Excuse me?  You don't mean to say Dumbledore lived there too?,surprise
5992,5993,190,17,77,"Of course.  The family moved there after his father killed those three Muggles.  It was quite the scandal. Honestly, my boy, are you sure you knew him at all?",7,Muriel,muriel,"Of course.  The family moved there after his father killed those three Muggles.  It was quite the scandal. Honestly, my boy, are you sure you knew him at all?",surprise
5993,5994,190,17,56,The Ministry has fallen.  The Minister of Magic is dead.  They are coming...,7,Kingsley Shacklebolt,kingsley shacklebolt,The Ministry has fallen.  The Minister of Magic is dead.  They are coming...,sadness
5994,5995,190,17,62,"Nice meeting you, Mr. Potter!",7,Elphias Doge,elphias doge,"Nice meeting you, Mr. Potter!",joy
5995,5996,190,17,3,Ron!  Ron!,7,Hermione Granger,hermione granger,Ron!  Ron!,joy
5996,5997,190,17,11,Harry!  Go!  Go!,7,Remus Lupin,remus lupin,Harry!  Go!  Go!,surprise
5998,5999,191,7,3,Shaftesbury Avenue.  I used to come here to the theater with my mum and dad.  Just popped into my head.  I don't know why...,7,Hermione Granger,hermione granger,Shaftesbury Avenue.  I used to come here to the theater with my mum and dad.  Just popped into my head.  I don't know why...,surprise
5999,6000,191,7,3,This way!,7,Hermione Granger,hermione granger,This way!,anger
6003,6004,191,7,2,"You're amazing, you are.",7,Ron Weasley,ron weasley,"You're amazing, you are.",surprise
6004,6005,191,7,3,Always the tone of surprise.,7,Hermione Granger,hermione granger,Always the tone of surprise.,surprise
6007,6008,191,7,2,"They were after you, mate.  We'd just put everyone in danger going back.",7,Ron Weasley,ron weasley,"They were after you, mate.  We'd just put everyone in danger going back.",fear
6012,6013,191,7,2,So where do we go from here?  The Leaky Cauldron?,7,Ron Weasley,ron weasley,So where do we go from here?  The Leaky Cauldron?,surprise
6013,6014,191,7,3,"Too dangerous.  If Voldemort's taken over the Ministry, none of the old places are safe.",7,Hermione Granger,hermione granger,"Too dangerous.  If Voldemort's taken over the Ministry, none of the old places are safe.",fear
6017,6018,191,7,2,By the way -- these jeans?  Not my favorite.  Bit tight.,7,Ron Weasley,ron weasley,By the way -- these jeans?  Not my favorite.  Bit tight.,surprise
6018,6019,191,7,1,Down!,7,Harry Potter,harry potter,Down!,anger
6019,6020,191,7,1,Stupefy!,7,Harry Potter,harry potter,Stupefy!,fear
6020,6021,191,7,3,Petrificus Totalus! Go.,7,Hermione Granger,hermione granger,Petrificus Totalus! Go.,anger
6023,6024,191,7,1,This one's name is Rowle.  He was on the Astronomy Tower the night Snape killed Dumbledore.,7,Harry Potter,harry potter,This one's name is Rowle.  He was on the Astronomy Tower the night Snape killed Dumbledore.,fear
6025,6026,191,7,2,"So what do we do with you, huh? Kill us if it was turned round, wouldn't you?",7,Ron Weasley,ron weasley,"So what do we do with you, huh? Kill us if it was turned round, wouldn't you?",anger
6028,6029,191,7,2,You're the boss. Hermione?,7,Ron Weasley,ron weasley,You're the boss. Hermione?,anger
6031,6032,191,7,1,How is it they knew we were there?,7,Harry Potter,harry potter,How is it they knew we were there?,surprise
6034,6035,191,7,2,What?,7,Ron Weasley,ron weasley,What?,surprise
6036,6037,191,7,1,Hermione.  I appreciate the thought -- honestly.  But given that we were almost killed by a couple of Death Eaters a few minutes ago...,7,Harry Potter,harry potter,Hermione.  I appreciate the thought -- honestly.  But given that we were almost killed by a couple of Death Eaters a few minutes ago...,joy
6041,6042,191,7,1,Mad-Eye...?,7,Harry Potter,harry potter,Mad-Eye...?,surprise
6042,6043,191,7,2,What was that about?,7,Ron Weasley,ron weasley,What was that about?,surprise
6044,6045,191,7,3,Homenum revelio.,7,Hermione Granger,hermione granger,Homenum revelio.,joy
6046,6047,191,7,3,We're alone.,7,Hermione Granger,hermione granger,We're alone.,sadness
6048,6049,191,7,45,Dear Sirius.  Thank you for Harry's birthday present.  You'd think he'd been born on a broom.,7,Lily Potter,lily potter,Dear Sirius.  Thank you for Harry's birthday present.  You'd think he'd been born on a broom.,joy
6049,6050,191,7,45,"James says he's got the look of a Seeker, but then James would.  We had a very quiet birthday tea, just us and old Bathilda, who dotes on Harry.  Wormy dropped by late in the day, but seemed down and didn't stay long.  James is frustrated being shut up here, but Dumbledore's still got his Invisibility Cloak, so he doesn't have much choice.  By the way, Bathilda tells the most amazing stories about our old Headmaster. I don't know how much to believe. Can it really be true that Dumbledore --",7,Lily Potter,lily potter,"James says he's got the look of a Seeker, but then James would.  We had a very quiet birthday tea, just us and old Bathilda, who dotes on Harry.  Wormy dropped by late in the day, but seemed down and didn't stay long.  James is frustrated being shut up here, but Dumbledore's still got his Invisibility Cloak, so he doesn't have much choice.  By the way, Bathilda tells the most amazing stories about our old Headmaster. I don't know how much to believe. Can it really be true that Dumbledore --",surprise
6050,6051,191,7,3,Harry!  Harry!,7,Hermione Granger,hermione granger,Harry!  Harry!,surprise
6051,6052,191,7,3,Ron!  I've found him!,7,Hermione Granger,hermione granger,Ron!  I've found him!,surprise
6052,6053,191,7,2,Good!  Tell him from me he's a git!,7,Ron Weasley,ron weasley,Good!  Tell him from me he's a git!,joy
6054,6055,191,7,3,It's from your Mum.  To Sirius. Bathilda Bagshot...?,7,Hermione Granger,hermione granger,It's from your Mum.  To Sirius. Bathilda Bagshot...?,surprise
6056,6057,191,7,3,Did she now?,7,Hermione Granger,hermione granger,Did she now?,surprise
6058,6059,191,7,3,"Harry.  I can imagine why you'd want to go there, but... I don't think Bathilda Bagshot is going to know where Voldemort hid his Horcruxes.",7,Hermione Granger,hermione granger,"Harry.  I can imagine why you'd want to go there, but... I don't think Bathilda Bagshot is going to know where Voldemort hid his Horcruxes.",surprise
6059,6060,191,7,2,Hey!  I think you two better come down here.,7,Ron Weasley,ron weasley,Hey!  I think you two better come down here.,joy
6060,6061,191,7,2,"The two clinging to the tree are Death Eaters for sure.  Dunno 'bout the bloke on the bench. Can't see us, of course.  But we'll have to be careful coming and going.  C'mon.  There's something else you need to see.",7,Ron Weasley,ron weasley,"The two clinging to the tree are Death Eaters for sure.  Dunno 'bout the bloke on the bench. Can't see us, of course.  But we'll have to be careful coming and going.  C'mon.  There's something else you need to see.",fear
6061,6062,191,7,3,Lovely.,7,Hermione Granger,hermione granger,Lovely.,joy
6062,6063,191,7,1,To the Dark Lord.  I know I will be dead long before you read this... I have stolen the real Horcrux and intend to destroy it...,7,Harry Potter,harry potter,To the Dark Lord.  I know I will be dead long before you read this... I have stolen the real Horcrux and intend to destroy it...,sadness
6065,6066,192,7,1,Stop!  I order you!,7,Harry Potter,harry potter,Stop!  I order you!,anger
6070,6071,192,7,1,Ever seen this before?,7,Harry Potter,harry potter,Ever seen this before?,surprise
6073,6074,192,7,1,"That's right.  But there were two, weren't there?",7,Harry Potter,harry potter,"That's right.  But there were two, weren't there?",surprise
6075,6076,192,7,48,Kreacher doesn't know where the other locket is.,7,Kreacher,kreacher,Kreacher doesn't know where the other locket is.,surprise
6076,6077,192,7,3,But was it here?  Did you ever see it?,7,Hermione Granger,hermione granger,But was it here?  Did you ever see it?,surprise
6077,6078,192,7,48,Filthy Mudblood -- The Death Eaters will soon be coming for you!,7,Kreacher,kreacher,Filthy Mudblood -- The Death Eaters will soon be coming for you!,fear
6079,6080,192,7,3,Ron!  RON!,7,Hermione Granger,hermione granger,Ron!  RON!,joy
6082,6083,192,7,1,How do you mean?,7,Harry Potter,harry potter,How do you mean?,surprise
6084,6085,192,7,1,"Where is it now?  Did someone take it, Kreacher?",7,Harry Potter,harry potter,"Where is it now?  Did someone take it, Kreacher?",surprise
6086,6087,192,7,1,"Who, Kreacher?  Who was it?",7,Harry Potter,harry potter,"Who, Kreacher?  Who was it?",surprise
6089,6090,192,7,96,"As your new Minister for Magic, I promise to restore this temple of tolerance to its former glory. Therefore, beginning today, each employee will be required to submit themselves for evaluation. But know this:  You have nothing to fear... as long as you have nothing to hide...",7,Pius Thicknesse,pius thicknesse,"As your new Minister for Magic, I promise to restore this temple of tolerance to its former glory. Therefore, beginning today, each employee will be required to submit themselves for evaluation. But know this:  You have nothing to fear... as long as you have nothing to hide...",fear
6091,6092,192,7,10,"He's not here, you fools.",7,Neville Longbottom,neville longbottom,"He's not here, you fools.",anger
6094,6095,192,7,1,You mean... it remembers me?,7,Harry Potter,harry potter,You mean... it remembers me?,surprise
6096,6097,193,7,27,Harry Potter!  So long it's been --,7,Dobby,dobby,Harry Potter!  So long it's been --,surprise
6097,6098,193,7,3,Expelliarmus!,7,Hermione Granger,hermione granger,Expelliarmus!,surprise
6100,6101,193,7,76,What are you playing at -- setting a pair of bleedin' 'ouse-elves on me!,7,Mundungus Fletcher,mundungus fletcher,What are you playing at -- setting a pair of bleedin' 'ouse-elves on me!,anger
6101,6102,193,7,27,"Dobby was only trying to help! Dobby saw Kreacher in Diagon Alley, which Dobby thought was curious.  And then Dobby heard Kreacher mention Harry Potter's name, which Dobby thought was very curious.  And then Dobby saw that Kreacher was talking to the thief Mundungus Fletcher, which Dobby thought was very, very --",7,Dobby,dobby,"Dobby was only trying to help! Dobby saw Kreacher in Diagon Alley, which Dobby thought was curious.  And then Dobby heard Kreacher mention Harry Potter's name, which Dobby thought was very curious.  And then Dobby saw that Kreacher was talking to the thief Mundungus Fletcher, which Dobby thought was very, very --",surprise
6103,6104,193,7,2,"You're a thief, Dung.  Everyone knows it.",7,Ron Weasley,ron weasley,"You're a thief, Dung.  Everyone knows it.",anger
6104,6105,193,7,27,Master Weasley!  So good to see you again!,7,Dobby,dobby,Master Weasley!  So good to see you again!,joy
6106,6107,193,7,76,"Listen, I panicked that night, all right?  I never volunteered to die for you, mate.  Can I help it if Mad-Eye fell off his broom --",7,Mundungus Fletcher,mundungus fletcher,"Listen, I panicked that night, all right?  I never volunteered to die for you, mate.  Can I help it if Mad-Eye fell off his broom --",fear
6107,6108,193,7,3,Stop lying!,7,Hermione Granger,hermione granger,Stop lying!,anger
6109,6110,193,7,1,"When you turned this place over -- don't deny it! -- you found a locket, am I right?",7,Harry Potter,harry potter,"When you turned this place over -- don't deny it! -- you found a locket, am I right?",anger
6110,6111,193,7,76,Why?  Was it valuable?,7,Mundungus Fletcher,mundungus fletcher,Why?  Was it valuable?,surprise
6112,6113,193,7,2,No.  He's worried he should have got more money for it.,7,Ron Weasley,ron weasley,No.  He's worried he should have got more money for it.,fear
6114,6115,193,7,1,Who was she?  This witch?,7,Harry Potter,harry potter,Who was she?  This witch?,surprise
6122,6123,194,70,3,"Completely, utterly, without question.",7,Hermione Granger,hermione granger,"Completely, utterly, without question.",anger
6128,6129,194,70,135,"Morning, Reg!  Good luck today.",7,Guard,guard,"Morning, Reg!  Good luck today.",joy
6129,6130,194,70,2,Oh... yeah.  Thanks.,7,Ron Weasley,ron weasley,Oh... yeah.  Thanks.,joy
6133,6134,194,70,1,Are those...?,7,Harry Potter,harry potter,Are those...?,surprise
6135,6136,194,70,135,"Move it, will you -- oh, Runcorn! Forgive me...",7,Guard,guard,"Move it, will you -- oh, Runcorn! Forgive me...",anger
6137,6138,194,70,2,"I gotta tell you, I'm starting to freak out a bit.",7,Ron Weasley,ron weasley,"I gotta tell you, I'm starting to freak out a bit.",fear
6142,6143,194,70,70,Cattlemole!,7,Corban Yaxley,corban yaxley,Cattlemole!,joy
6143,6144,194,70,70,It's still raining in my office. Two days now.,7,Corban Yaxley,corban yaxley,It's still raining in my office. Two days now.,sadness
6144,6145,194,70,2,Really?  Have you tried an umbrella?,7,Ron Weasley,ron weasley,Really?  Have you tried an umbrella?,surprise
6145,6146,194,70,70,"You do realize I'm on my way downstairs, don't you, Cattermole?",7,Corban Yaxley,corban yaxley,"You do realize I'm on my way downstairs, don't you, Cattermole?",surprise
6146,6147,194,70,2,Downstairs...?,7,Ron Weasley,ron weasley,Downstairs...?,surprise
6147,6148,194,70,70,"To interrogate your wife!  If my wife's blood status were in doubt and the Head of the Department of Magical Law Enforcement needed a job doing, I think I'd make it a priority.  You've got one hour.",7,Corban Yaxley,corban yaxley,"To interrogate your wife!  If my wife's blood status were in doubt and the Head of the Department of Magical Law Enforcement needed a job doing, I think I'd make it a priority.  You've got one hour.",fear
6148,6149,194,70,2,Oh my god.  What am I going to do? My wife's all alone downstairs?,7,Ron Weasley,ron weasley,Oh my god.  What am I going to do? My wife's all alone downstairs?,surprise
6150,6151,194,70,1,"Look, we'll go with you --",7,Harry Potter,harry potter,"Look, we'll go with you --",anger
6151,6152,194,70,2,"No, that's mad.  You two find Umbridge.  I'll be fine.  But how do I stop it raining?",7,Ron Weasley,ron weasley,"No, that's mad.  You two find Umbridge.  I'll be fine.  But how do I stop it raining?",anger
6155,6156,194,70,2,"Finite Incantatem, okay.  And if that doesn't work...?",7,Ron Weasley,ron weasley,"Finite Incantatem, okay.  And if that doesn't work...?",anger
6157,6158,194,70,1,Ron's been coming here since he was two years old.  It's us you should be worrying about.,7,Harry Potter,harry potter,Ron's been coming here since he was two years old.  It's us you should be worrying about.,fear
6160,6161,194,70,15,"Ah, Mafalda!  Travers sent you, did he?  Good.  We'll go straight down.",7,Dolores Umbridge,dolores umbridge,"Ah, Mafalda!  Travers sent you, did he?  Good.  We'll go straight down.",surprise
6171,6172,194,70,2,"Harry!  Blimey, I forgot what you looked like.  Where's Hermione?",7,Ron Weasley,ron weasley,"Harry!  Blimey, I forgot what you looked like.  Where's Hermione?",surprise
6175,6176,194,70,140,Let me guess.  It's raining in Yaxley's office again?,7,Woman,woman,Let me guess.  It's raining in Yaxley's office again?,surprise
6177,6178,194,70,1,"Arthur!  You know you're being tracked, don't you?",7,Harry Potter,harry potter,"Arthur!  You know you're being tracked, don't you?",surprise
6178,6179,194,70,16,"Is that a threat, Runcorn?",7,Arthur Weasley,arthur weasley,"Is that a threat, Runcorn?",fear
6179,6180,194,70,1,"No, Arthur.  It's a fact.  They're watching you.",7,Harry Potter,harry potter,"No, Arthur.  It's a fact.  They're watching you.",fear
6181,6182,194,70,2,Bloody cold down here.,7,Ron Weasley,ron weasley,Bloody cold down here.,anger
6182,6183,194,70,139,"I'm half-blood, I tell you!  My father was a wizard!  Look him up! William Alderton!  He worked here for thirty years...",7,Man,man,"I'm half-blood, I tell you!  My father was a wizard!  Look him up! William Alderton!  He worked here for thirty years...",surprise
6183,6184,194,70,2,What is it?,7,Ron Weasley,ron weasley,What is it?,surprise
6186,6187,194,70,15,Mary Elizabeth Cattermole?,7,Dolores Umbridge,dolores umbridge,Mary Elizabeth Cattermole?,surprise
6188,6189,194,70,15,"Mother to Maisie, Ellie and Alfred?  Wife to Reginald?",7,Dolores Umbridge,dolores umbridge,"Mother to Maisie, Ellie and Alfred?  Wife to Reginald?",surprise
6190,6191,194,70,15,"A wand was taken from you upon your arrival at the Ministry today, Mrs. Cattermole.  Is this that wand?",7,Dolores Umbridge,dolores umbridge,"A wand was taken from you upon your arrival at the Ministry today, Mrs. Cattermole.  Is this that wand?",surprise
6194,6195,194,70,83,"But I am!  Tell them, Reg!  Tell them what I am!",7,Mary Cattermole,mary cattermole,"But I am!  Tell them, Reg!  Tell them what I am!",anger
6195,6196,194,70,15,"What the devil are you doing, Albert?",7,Dolores Umbridge,dolores umbridge,"What the devil are you doing, Albert?",anger
6196,6197,194,70,1,"You're lying.  And one mustn't tell lies, Dolores... Stupefy!",7,Harry Potter,harry potter,"You're lying.  And one mustn't tell lies, Dolores... Stupefy!",fear
6197,6198,194,70,1,Expecto PATRONUM!,7,Harry Potter,harry potter,Expecto PATRONUM!,anger
6198,6199,194,70,3,Relashio!,7,Hermione Granger,hermione granger,Relashio!,surprise
6199,6200,194,70,83,"You?  It's you! Reg, it's Harry Potter!",7,Mary Cattermole,mary cattermole,"You?  It's you! Reg, it's Harry Potter!",surprise
6201,6202,194,70,135,Harry Potter...?,7,Guard,guard,Harry Potter...?,surprise
6204,6205,194,70,2,Mary!  Do as I say!,7,Ron Weasley,ron weasley,Mary!  Do as I say!,anger
6205,6206,194,70,2,I'm sorry.  It's just --,7,Ron Weasley,ron weasley,I'm sorry.  It's just --,sadness
6206,6207,194,70,2,Long story.  Nice meeting you.,7,Ron Weasley,ron weasley,Long story.  Nice meeting you.,joy
6207,6208,194,70,2,Piss off.,7,Ron Weasley,ron weasley,Piss off.,anger
6208,6209,194,70,70,Seal the exits!  Now!,7,Corban Yaxley,corban yaxley,Seal the exits!  Now!,surprise
6209,6210,195,74,3,"Harry, quickly, in my bag, there's a small bottle labeled 'Essence of Dittany.'",7,Hermione Granger,hermione granger,"Harry, quickly, in my bag, there's a small bottle labeled 'Essence of Dittany.'",surprise
6210,6211,195,74,3,Quickly!,7,Hermione Granger,hermione granger,Quickly!,surprise
6214,6215,195,74,3,Just do it!,7,Hermione Granger,hermione granger,Just do it!,anger
6215,6216,195,74,1,What happened?  I thought we were going back to Grimmauld Place.,7,Harry Potter,harry potter,What happened?  I thought we were going back to Grimmauld Place.,surprise
6216,6217,195,74,3,"We were.  We were there.  But Yaxley had hold of me.  I knew we couldn't stay once he'd seen, so when he let go I brought us here. Ron got Splinched.  I'm... sorry.",7,Hermione Granger,hermione granger,"We were.  We were there.  But Yaxley had hold of me.  I knew we couldn't stay once he'd seen, so when he let go I brought us here. Ron got Splinched.  I'm... sorry.",sadness
6217,6218,195,74,1,Don't be stupid.,7,Harry Potter,harry potter,Don't be stupid.,anger
6218,6219,195,74,3,It's all I feel safe doing.,7,Hermione Granger,hermione granger,It's all I feel safe doing.,joy
6220,6221,195,74,1,What're you doing?,7,Harry Potter,harry potter,What're you doing?,surprise
6222,6223,195,74,1,Tent?  Where am I supposed to find --,7,Harry Potter,harry potter,Tent?  Where am I supposed to find --,surprise
6224,6225,195,74,3,How're the mushrooms?  Seem to be the only edible things growing round here.,7,Hermione Granger,hermione granger,How're the mushrooms?  Seem to be the only edible things growing round here.,surprise
6225,6226,195,74,1,They're great.,7,Harry Potter,harry potter,They're great.,joy
6232,6233,195,74,3,"It scares me a bit, that, thinking it's a piece of Vol--",7,Hermione Granger,hermione granger,"It scares me a bit, that, thinking it's a piece of Vol--",fear
6233,6234,195,74,2,"No, don't!  Don't say it!",7,Ron Weasley,ron weasley,"No, don't!  Don't say it!",fear
6235,6236,195,74,1,How d'you know?,7,Harry Potter,harry potter,How d'you know?,surprise
6236,6237,195,74,2,"I overheard a bloke from the Enforcement office talking about it at the Ministry.  Blimey, what's that smell?",7,Ron Weasley,ron weasley,"I overheard a bloke from the Enforcement office talking about it at the Ministry.  Blimey, what's that smell?",surprise
6237,6238,195,74,3,Dinner?,7,Hermione Granger,hermione granger,Dinner?,surprise
6239,6240,195,74,3,Tea?,7,Hermione Granger,hermione granger,Tea?,surprise
6240,6241,195,74,2,Is that it?,7,Ron Weasley,ron weasley,Is that it?,surprise
6241,6242,195,74,1,"I know.  I felt it too. It's... it's like it's ticking or something, like it has a tiny metal heart, like it's --",7,Harry Potter,harry potter,"I know.  I felt it too. It's... it's like it's ticking or something, like it has a tiny metal heart, like it's --",surprise
6243,6244,195,74,3,I hate it.  It's like he's here with us.,7,Hermione Granger,hermione granger,I hate it.  It's like he's here with us.,anger
6244,6245,195,74,1,That's why we're going to kill it.,7,Harry Potter,harry potter,That's why we're going to kill it.,anger
6246,6247,195,74,3,Incendio!,7,Hermione Granger,hermione granger,Incendio!,surprise
6247,6248,195,74,1,Expulso!,7,Harry Potter,harry potter,Expulso!,surprise
6248,6249,195,74,3,Confringo!,7,Hermione Granger,hermione granger,Confringo!,surprise
6249,6250,195,74,2,It's angry.,7,Ron Weasley,ron weasley,It's angry.,anger
6250,6251,195,74,3,What're you doing?,7,Hermione Granger,hermione granger,What're you doing?,surprise
6254,6255,195,74,2,"Seems strange, mate.  Dumbledore sends you off to find a load of Horcruxes, but doesn't bother to tell you how to destroy them. Doesn't that bother you?",7,Ron Weasley,ron weasley,"Seems strange, mate.  Dumbledore sends you off to find a load of Horcruxes, but doesn't bother to tell you how to destroy them. Doesn't that bother you?",surprise
6255,6256,195,74,9,"You wouldn't be lying to me, would you, Gregorovitch?  Because, I must tell you... that will only make it worse for you...",7,Voldemort,voldemort,"You wouldn't be lying to me, would you, Gregorovitch?  Because, I must tell you... that will only make it worse for you...",anger
6256,6257,195,74,9,Who was he?  The thief?,7,Voldemort,voldemort,Who was he?  The thief?,surprise
6257,6258,195,74,125,Just a boy!  Not of the village. It was he who took it.  I never saw it again.  I swear on my life.,7,Mykew Gregorovitch,mykew gregorovitch,Just a boy!  Not of the village. It was he who took it.  I never saw it again.  I swear on my life.,surprise
6258,6259,195,74,9,I believe you...,7,Voldemort,voldemort,I believe you...,surprise
6259,6260,195,74,3,I thought it had stopped.,7,Hermione Granger,hermione granger,I thought it had stopped.,surprise
6260,6261,195,74,3,"You can't let him in, Harry. Dumbledore himself said it.  You have to close your mind.  It's too dangerous --",7,Hermione Granger,hermione granger,"You can't let him in, Harry. Dumbledore himself said it.  You have to close your mind.  It's too dangerous --",fear
6265,6266,195,74,3,The wandmaker?,7,Hermione Granger,hermione granger,The wandmaker?,surprise
6266,6267,195,74,1,Yes.  How'd you know?,7,Harry Potter,harry potter,Yes.  How'd you know?,surprise
6270,6271,195,74,1,Well it sets my teeth on edge. What's he expecting to hear?  Good news?,7,Harry Potter,harry potter,Well it sets my teeth on edge. What's he expecting to hear?  Good news?,anger
6276,6277,195,74,1,You're not doing enough.,7,Harry Potter,harry potter,You're not doing enough.,anger
6277,6278,195,74,3,Take it off.,7,Hermione Granger,hermione granger,Take it off.,anger
6279,6280,195,74,3,Better?,7,Hermione Granger,hermione granger,Better?,surprise
6283,6284,196,74,53,What's that?  That... smell?,7,Scabior,scabior,What's that?  That... smell?,surprise
6285,6286,196,74,1,Good to know your enchantments work.,7,Harry Potter,harry potter,Good to know your enchantments work.,joy
6287,6288,197,74,1,We have to leave.  We're not safe here.,7,Harry Potter,harry potter,We have to leave.  We're not safe here.,sadness
6290,6291,197,74,2,I'm hungry.,7,Ron Weasley,ron weasley,I'm hungry.,sadness
6295,6296,197,74,2,"Oh, speak English, can't you?",7,Ron Weasley,ron weasley,"Oh, speak English, can't you?",anger
6297,6298,197,74,1,It'll be dark soon.  We need to find a place to sleep.,7,Harry Potter,harry potter,It'll be dark soon.  We need to find a place to sleep.,sadness
6299,6300,197,74,2,"Yeah.  Brilliant.  Only, correct me if I'm wrong... wasn't that yesterday's plan?  And the day before that?  And the day before that?  Walk.  Sleep.  Walk. Sleep.",7,Ron Weasley,ron weasley,"Yeah.  Brilliant.  Only, correct me if I'm wrong... wasn't that yesterday's plan?  And the day before that?  And the day before that?  Walk.  Sleep.  Walk. Sleep.",surprise
6301,6302,197,74,2,"He doesn't know what he's doing, does he?",7,Ron Weasley,ron weasley,"He doesn't know what he's doing, does he?",surprise
6305,6306,197,74,3,I want to go.,7,Hermione Granger,hermione granger,I want to go.,sadness
6309,6310,197,74,1,Brilliant.,7,Harry Potter,harry potter,Brilliant.,joy
6313,6314,197,74,1,With a basilisk fang.  If you tell me you've got one of those in that bloody beaded bag of yours --,7,Harry Potter,harry potter,With a basilisk fang.  If you tell me you've got one of those in that bloody beaded bag of yours --,anger
6314,6315,197,74,3,"Don't you see!  In the Chamber of Secrets, you stabbed the basilisk with the Sword of Gryffindor.",7,Hermione Granger,hermione granger,"Don't you see!  In the Chamber of Secrets, you stabbed the basilisk with the Sword of Gryffindor.",anger
6317,6318,197,74,3,Exactly!  Which means...,7,Hermione Granger,hermione granger,Exactly!  Which means...,surprise
6318,6319,197,74,1,... it can destroy Horcruxes.,7,Harry Potter,harry potter,... it can destroy Horcruxes.,fear
6323,6324,197,74,2,The sword was stolen.,7,Ron Weasley,ron weasley,The sword was stolen.,anger
6325,6326,197,74,1,What's the problem?,7,Harry Potter,harry potter,What's the problem?,anger
6327,6328,197,74,1,"Look, don't be shy.  If you've got something to say, spit it out.",7,Harry Potter,harry potter,"Look, don't be shy.  If you've got something to say, spit it out.",fear
6328,6329,197,74,2,"All right, I'll spit it out. Don't expect me to skip up and down because now there's some other damn thing we've got to find.",7,Ron Weasley,ron weasley,"All right, I'll spit it out. Don't expect me to skip up and down because now there's some other damn thing we've got to find.",anger
6330,6331,197,74,1,I thought you knew what you signed up for.,7,Harry Potter,harry potter,I thought you knew what you signed up for.,surprise
6332,6333,197,74,1,I don't understand.  What part of this isn't living up to your expectations?  Did you think we'd be staying in five-star hotels? Finding a Horcrux every other day? Did you think you'd be back to Mummy by Christmas?,7,Harry Potter,harry potter,I don't understand.  What part of this isn't living up to your expectations?  Did you think we'd be staying in five-star hotels? Finding a Horcrux every other day? Did you think you'd be back to Mummy by Christmas?,surprise
6333,6334,197,74,2,"No, I just reckoned after all this time, we'd have actually achieved something.  I reckoned you knew what you were doing.  I reckoned Dumbledore had told you something worthwhile! I reckoned you had a plan!",7,Ron Weasley,ron weasley,"No, I just reckoned after all this time, we'd have actually achieved something.  I reckoned you knew what you were doing.  I reckoned Dumbledore had told you something worthwhile! I reckoned you had a plan!",surprise
6334,6335,197,74,1,"I've told you everything Dumbledore told me! And in case you haven't noticed, we've found a Horcrux!",7,Harry Potter,harry potter,"I've told you everything Dumbledore told me! And in case you haven't noticed, we've found a Horcrux!",surprise
6335,6336,197,74,2,"Yeah, and we're about as near getting rid of it as we are to finding the rest of them, aren't we!",7,Ron Weasley,ron weasley,"Yeah, and we're about as near getting rid of it as we are to finding the rest of them, aren't we!",anger
6336,6337,197,74,3,"Take it off, Ron.  Please take it off.  You wouldn't be talking like this if you hadn't been wearing it all day --",7,Hermione Granger,hermione granger,"Take it off, Ron.  Please take it off.  You wouldn't be talking like this if you hadn't been wearing it all day --",fear
6337,6338,197,74,1,"Yeah, he would.  D'you think I haven't noticed the two of you whispering behind my back?  D'you think I haven't guessed what you were thinking?",7,Harry Potter,harry potter,"Yeah, he would.  D'you think I haven't noticed the two of you whispering behind my back?  D'you think I haven't guessed what you were thinking?",surprise
6339,6340,197,74,2,"Don't lie!  You said it, too, you said you were disappointed --",7,Ron Weasley,ron weasley,"Don't lie!  You said it, too, you said you were disappointed --",anger
6340,6341,197,74,3,I didn't!  Not like that!  Harry -- I didn't!,7,Hermione Granger,hermione granger,I didn't!  Not like that!  Harry -- I didn't!,sadness
6342,6343,197,74,1,You think I don't listen!  You think I don't know what it's like --,7,Harry Potter,harry potter,You think I don't listen!  You think I don't know what it's like --,surprise
6343,6344,197,74,3,Stop!  Stop!,7,Hermione Granger,hermione granger,Stop!  Stop!,anger
6345,6346,197,74,2,And you?,7,Ron Weasley,ron weasley,And you?,surprise
6346,6347,197,74,3,Me?,7,Hermione Granger,hermione granger,Me?,surprise
6347,6348,197,74,2,Are you staying?  Or coming?,7,Ron Weasley,ron weasley,Are you staying?  Or coming?,surprise
6349,6350,197,74,3,"What?  Ron, no -- please --",7,Hermione Granger,hermione granger,"What?  Ron, no -- please --",surprise
6353,6354,198,74,1,You were right.  It's like you said.  Snitches have flesh memories.  But I didn't catch my first Snitch with my hand.  I almost swallowed it.,7,Harry Potter,harry potter,You were right.  It's like you said.  Snitches have flesh memories.  But I didn't catch my first Snitch with my hand.  I almost swallowed it.,fear
6354,6355,198,74,3,'I open at the close?',7,Hermione Granger,hermione granger,'I open at the close?',surprise
6355,6356,198,74,1,What do you reckon it means?,7,Harry Potter,harry potter,What do you reckon it means?,surprise
6359,6360,198,74,3,What d'you mean -- wearing it?,7,Hermione Granger,hermione granger,What d'you mean -- wearing it?,surprise
6361,6362,198,74,3,Why would someone have drawn it in a children's book?,7,Hermione Granger,hermione granger,Why would someone have drawn it in a children's book?,surprise
6362,6363,198,74,1,"Hermione, I've been thinking.  I -- I want to go to Godric's Hollow. It's where I was born, it's where my parents died --",7,Harry Potter,harry potter,"Hermione, I've been thinking.  I -- I want to go to Godric's Hollow. It's where I was born, it's where my parents died --",sadness
6364,6365,198,74,1,"But it means something to him too, Hermione.  You-Know-Who nearly died there.  Wouldn't that be just the kind of place he'd hide a Horcrux?",7,Harry Potter,harry potter,"But it means something to him too, Hermione.  You-Know-Who nearly died there.  Wouldn't that be just the kind of place he'd hide a Horcrux?",fear
6365,6366,198,74,3,"It's dangerous, Harry.  But I have to admit, recently even I've been thinking we might have to go.  I think it's possible something else is hidden there. The sword.  If Dumbledore didn't want it falling into the Ministry's hands, but wanted you to find it, what better place to hide it than the birthplace of the founder of Gryffindor himself?",7,Hermione Granger,hermione granger,"It's dangerous, Harry.  But I have to admit, recently even I've been thinking we might have to go.  I think it's possible something else is hidden there. The sword.  If Dumbledore didn't want it falling into the Ministry's hands, but wanted you to find it, what better place to hide it than the birthplace of the founder of Gryffindor himself?",fear
6367,6368,198,74,3,"Harry, did you ever even open A History of Magic?",7,Hermione Granger,hermione granger,"Harry, did you ever even open A History of Magic?",surprise
6370,6371,198,74,3,Don't ever let me give you a haircut again.,7,Hermione Granger,hermione granger,Don't ever let me give you a haircut again.,anger
6373,6374,199,9,3,"Harry, I think it's Christmas Eve! Listen...",7,Hermione Granger,hermione granger,"Harry, I think it's Christmas Eve! Listen...",surprise
6374,6375,199,9,1,Do you think they'd be in there? My mum and dad?,7,Harry Potter,harry potter,Do you think they'd be in there? My mum and dad?,surprise
6378,6379,199,9,3,No.  But look.,7,Hermione Granger,hermione granger,No.  But look.,fear
6379,6380,199,9,3,Did you know he had a sister?,7,Hermione Granger,hermione granger,Did you know he had a sister?,surprise
6382,6383,199,9,3,"Ignotus... Hey, Har --",7,Hermione Granger,hermione granger,"Ignotus... Hey, Har --",joy
6383,6384,199,9,1,"Happy Christmas, Hermione.",7,Harry Potter,harry potter,"Happy Christmas, Hermione.",joy
6384,6385,199,9,3,"Happy Christmas, Harry.",7,Hermione Granger,hermione granger,"Happy Christmas, Harry.",joy
6387,6388,199,9,3,Someone's watching us.  By the gate.,7,Hermione Granger,hermione granger,Someone's watching us.  By the gate.,surprise
6393,6394,199,9,3,Omigod.  Harry...,7,Hermione Granger,hermione granger,Omigod.  Harry...,surprise
6395,6396,200,9,1,"You're Bathilda, aren't you?",7,Harry Potter,harry potter,"You're Bathilda, aren't you?",surprise
6401,6402,200,9,3,"You have a lovely house, Miss Bagshot.",7,Hermione Granger,hermione granger,"You have a lovely house, Miss Bagshot.",joy
6402,6403,200,9,1,Miss Bagshot?  Who is this man?,7,Harry Potter,harry potter,Miss Bagshot?  Who is this man?,surprise
6403,6404,200,9,1,His name.  Can you tell me his name?,7,Harry Potter,harry potter,His name.  Can you tell me his name?,surprise
6405,6406,200,9,1,She wants us to go upstairs.,7,Harry Potter,harry potter,She wants us to go upstairs.,anger
6407,6408,200,9,1,She wants me to go.  Alone.,7,Harry Potter,harry potter,She wants me to go.  Alone.,sadness
6408,6409,200,9,3,Why?,7,Hermione Granger,hermione granger,Why?,surprise
6412,6413,200,9,104,You are Potter?,7,Bathilda Bagshot,bathilda bagshot,You are Potter?,surprise
6415,6416,200,9,3,Harry!,7,Hermione Granger,hermione granger,Harry!,surprise
6416,6417,200,9,3,Confringo!,7,Hermione Granger,hermione granger,Confringo!,surprise
6417,6418,200,68,3,"Harry... Harry, can you hear me...?",7,Hermione Granger,hermione granger,"Harry... Harry, can you hear me...?",surprise
6419,6420,200,68,3,Good.  That's good...,7,Hermione Granger,hermione granger,Good.  That's good...,joy
6423,6424,200,68,3,I'm fine.  But you've been sick. Rest... Rest a bit more...,7,Hermione Granger,hermione granger,I'm fine.  But you've been sick. Rest... Rest a bit more...,sadness
6427,6428,200,68,3,"Wendell and Monica Wilkens now reside happily in Sydney, Australia.  They have two dogs, run a small sweet shop, but floss daily.  No children.",7,Hermione Granger,hermione granger,"Wendell and Monica Wilkens now reside happily in Sydney, Australia.  They have two dogs, run a small sweet shop, but floss daily.  No children.",joy
6431,6432,200,68,1,"Who is he, Hermione?  The thief? Did Dumbledore know him?",7,Harry Potter,harry potter,"Who is he, Hermione?  The thief? Did Dumbledore know him?",fear
6433,6434,200,68,1,Well?,7,Harry Potter,harry potter,Well?,surprise
6435,6436,200,68,1,"Tell me, Hermione.  Who is he?",7,Harry Potter,harry potter,"Tell me, Hermione.  Who is he?",surprise
6442,6443,200,68,1,And Dumbledore believed in it?,7,Harry Potter,harry potter,And Dumbledore believed in it?,surprise
6445,6446,200,68,3,"It was something Dumbledore came up with.  He believed wizards were superior and should rule over Muggles, but gently, for their own good.  Grindelwald took a more violent position.",7,Hermione Granger,hermione granger,"It was something Dumbledore came up with.  He believed wizards were superior and should rule over Muggles, but gently, for their own good.  Grindelwald took a more violent position.",anger
6447,6448,200,68,1,"We're young, Hermione.  And here we are, risking our lives to fight against the very thing Dumbledore supported.",7,Harry Potter,harry potter,"We're young, Hermione.  And here we are, risking our lives to fight against the very thing Dumbledore supported.",fear
6450,6451,200,68,1,Hermione.  Where's my wand?,7,Harry Potter,harry potter,Hermione.  Where's my wand?,surprise
6451,6452,200,68,3,"It's my fault.  As we were leaving Godric's Hollow, I cast a curse and it rebounded... I'm sorry, Harry, I tried to mend it but wands are different --",7,Hermione Granger,hermione granger,"It's my fault.  As we were leaving Godric's Hollow, I cast a curse and it rebounded... I'm sorry, Harry, I tried to mend it but wands are different --",sadness
6456,6457,201,68,3,"He loved you, Harry.  I know he loved you.",7,Hermione Granger,hermione granger,"He loved you, Harry.  I know he loved you.",joy
6461,6462,201,68,2,Are -- you -- mental?,7,Ron Weasley,ron weasley,Are -- you -- mental?,surprise
6462,6463,201,68,1,It was you!,7,Harry Potter,harry potter,It was you!,surprise
6465,6466,201,68,2,No.  I reckoned it was you.,7,Ron Weasley,ron weasley,No.  I reckoned it was you.,surprise
6468,6469,201,68,1,You didn't see anyone else?,7,Harry Potter,harry potter,You didn't see anyone else?,surprise
6469,6470,201,68,2,"No, I... I did think maybe I saw something -- when I was running -- over there --",7,Ron Weasley,ron weasley,"No, I... I did think maybe I saw something -- when I was running -- over there --",surprise
6470,6471,201,68,2,Anything?,7,Ron Weasley,ron weasley,Anything?,surprise
6472,6473,201,68,2,"And we did, didn't we?",7,Ron Weasley,ron weasley,"And we did, didn't we?",anger
6473,6474,201,68,1,See that?  It knows.  It's afraid. Do it.,7,Harry Potter,harry potter,See that?  It knows.  It's afraid. Do it.,fear
6475,6476,201,68,1,All the more reason.,7,Harry Potter,harry potter,All the more reason.,anger
6476,6477,201,68,2,No.  I can't --,7,Ron Weasley,ron weasley,No.  I can't --,sadness
6477,6478,201,68,1,Then why are you here?  Why did you come back?,7,Harry Potter,harry potter,Then why are you here?  Why did you come back?,surprise
6478,6479,201,68,1,"I'll have to speak to it in order for it to open.  When it does, don't hesitate.  I don't know what's in here, but it'll put up a fight.  The bit of Riddle that was in his diary tried to kill me.",7,Harry Potter,harry potter,"I'll have to speak to it in order for it to open.  When it does, don't hesitate.  I don't know what's in here, but it'll put up a fight.  The bit of Riddle that was in his diary tried to kill me.",fear
6482,6483,201,68,1,Don't listen to it.,7,Harry Potter,harry potter,Don't listen to it.,anger
6483,6484,201,68,1,Ron.  Don't listen to it!,7,Harry Potter,harry potter,Ron.  Don't listen to it!,anger
6484,6485,201,68,1,Ron.  Stab it!,7,Harry Potter,harry potter,Ron.  Stab it!,anger
6485,6486,201,68,1,"We were better without you, happier without you.",7,Harry Potter,harry potter,"We were better without you, happier without you.",sadness
6486,6487,201,68,3,"Who could look at you beside Harry Potter?  What are you, compared with the Chosen One...?",7,Hermione Granger,hermione granger,"Who could look at you beside Harry Potter?  What are you, compared with the Chosen One...?",surprise
6487,6488,201,68,1,Ron.  It lies!  Stab it!  STAB IT!,7,Harry Potter,harry potter,Ron.  It lies!  Stab it!  STAB IT!,surprise
6490,6491,201,68,1,"Do it, Ron!  Kill it!",7,Harry Potter,harry potter,"Do it, Ron!  Kill it!",anger
6491,6492,201,68,1,"After you left, she cried for a week.  She's like my sister.",7,Harry Potter,harry potter,"After you left, she cried for a week.  She's like my sister.",sadness
6492,6493,201,68,2,I'm sorry.  I'm sorry I left.,7,Ron Weasley,ron weasley,I'm sorry.  I'm sorry I left.,sadness
6494,6495,201,68,2,Saving your life.,7,Ron Weasley,ron weasley,Saving your life.,sadness
6497,6498,201,68,1,Hermione!,7,Harry Potter,harry potter,Hermione!,surprise
6501,6502,201,68,2,Wo -- hey -- ouch!,7,Ron Weasley,ron weasley,Wo -- hey -- ouch!,joy
6502,6503,201,68,3,"You -- complete -- arse -- Ronald -- Weasley!  You crawl back here after all these weeks and say, 'Hey?' Where's my wand?  Harry, where's my wand!",7,Hermione Granger,hermione granger,"You -- complete -- arse -- Ronald -- Weasley!  You crawl back here after all these weeks and say, 'Hey?' Where's my wand?  Harry, where's my wand!",surprise
6503,6504,201,68,1,Um... I don't know?,7,Harry Potter,harry potter,Um... I don't know?,surprise
6504,6505,201,68,3,"Harry Potter, you give me my wand!",7,Hermione Granger,hermione granger,"Harry Potter, you give me my wand!",anger
6505,6506,201,68,2,How come he's got your wand?,7,Ron Weasley,ron weasley,How come he's got your wand?,surprise
6507,6508,201,68,3,What is that?,7,Hermione Granger,hermione granger,What is that?,surprise
6508,6509,201,68,3,You destroyed it?,7,Hermione Granger,hermione granger,You destroyed it?,anger
6511,6512,201,68,2,"No, of course not.  I only destroyed a bloody freaking Horcrux!  Why would that change anything!  Do you know what it was like for me to hear those words coming from you!  To see you doing those things --",7,Ron Weasley,ron weasley,"No, of course not.  I only destroyed a bloody freaking Horcrux!  Why would that change anything!  Do you know what it was like for me to hear those words coming from you!  To see you doing those things --",surprise
6513,6514,201,68,3,What happened out there?,7,Hermione Granger,hermione granger,What happened out there?,surprise
6515,6516,202,68,2,"Look, I wanted to come back the minute I'd left.  I just... didn't know how to find you.",7,Ron Weasley,ron weasley,"Look, I wanted to come back the minute I'd left.  I just... didn't know how to find you.",surprise
6516,6517,202,68,1,Exactly how did you find us?,7,Harry Potter,harry potter,Exactly how did you find us?,surprise
6519,6520,202,68,1,It?,7,Harry Potter,harry potter,It?,surprise
6522,6523,202,68,3,And what may I ask did I say?,7,Hermione Granger,hermione granger,And what may I ask did I say?,surprise
6523,6524,202,68,2,My name.  Just my name.  Like a whisper.,7,Ron Weasley,ron weasley,My name.  Just my name.  Like a whisper.,fear
6524,6525,202,68,2,So I took this and I clicked it and this tiny ball of light appeared.  And I knew.,7,Ron Weasley,ron weasley,So I took this and I clicked it and this tiny ball of light appeared.  And I knew.,surprise
6525,6526,202,68,1,Knew what?,7,Harry Potter,harry potter,Knew what?,surprise
6526,6527,202,68,2,"Just knew.  On account of Hermione's voice.  And sure enough, it floated toward me, the ball of light, right to my chest and then -- went straight through -- right here.",7,Ron Weasley,ron weasley,"Just knew.  On account of Hermione's voice.  And sure enough, it floated toward me, the ball of light, right to my chest and then -- went straight through -- right here.",surprise
6527,6528,202,68,2,"I could feel it inside me.  It was warm, like the first sip of a good cup of tea.  And I knew it would take me where I needed to go.",7,Ron Weasley,ron weasley,"I could feel it inside me.  It was warm, like the first sip of a good cup of tea.  And I knew it would take me where I needed to go.",joy
6528,6529,202,68,2,So I Disapparated and came out on this hillside.  It was dark.  I didn't have any idea where I was. I just had to hope one of you would show yourselves in the end. And you did.,7,Ron Weasley,ron weasley,So I Disapparated and came out on this hillside.  It was dark.  I didn't have any idea where I was. I just had to hope one of you would show yourselves in the end. And you did.,surprise
6529,6530,202,68,2,I've always liked it.  These flames Hermione makes.,7,Ron Weasley,ron weasley,I've always liked it.  These flames Hermione makes.,joy
6530,6531,202,68,2,How long you reckon she'll stay mad at me?,7,Ron Weasley,ron weasley,How long you reckon she'll stay mad at me?,anger
6531,6532,202,68,1,Keep talking 'bout that little ball of light touching your heart -- she'll come round.,7,Harry Potter,harry potter,Keep talking 'bout that little ball of light touching your heart -- she'll come round.,anger
6533,6534,202,68,2,"Bloody hell.  I just realized. You need a wand, right?",7,Ron Weasley,ron weasley,"Bloody hell.  I just realized. You need a wand, right?",anger
6539,6540,202,68,1,Reducio!,7,Harry Potter,harry potter,Reducio!,surprise
6540,6541,202,68,3,What's going on in there?,7,Hermione Granger,hermione granger,What's going on in there?,surprise
6546,6547,202,68,3,I want to go and see Xenophilius Lovegood.,7,Hermione Granger,hermione granger,I want to go and see Xenophilius Lovegood.,sadness
6547,6548,202,68,1,Sorry?,7,Harry Potter,harry potter,Sorry?,sadness
6549,6550,202,68,3,It keeps cropping up.  Here.  In Beedle the Bard.  In the graveyard in Godric's Hollow -- what?,7,Hermione Granger,hermione granger,It keeps cropping up.  Here.  In Beedle the Bard.  In the graveyard in Godric's Hollow -- what?,surprise
6550,6551,202,68,1,Jesus.  It was there too.,7,Harry Potter,harry potter,Jesus.  It was there too.,surprise
6552,6553,202,68,1,Outside Gregorovitch's wand shop. on the alley wall...,7,Harry Potter,harry potter,Outside Gregorovitch's wand shop. on the alley wall...,surprise
6556,6557,202,68,2,"Sorry, Harry.  Looks like it's Hermione and me this time.",7,Ron Weasley,ron weasley,"Sorry, Harry.  Looks like it's Hermione and me this time.",sadness
6557,6558,202,68,1,"Not still mad at him, are you?",7,Harry Potter,harry potter,"Not still mad at him, are you?",anger
6558,6559,202,68,3,I'm always mad at him.,7,Hermione Granger,hermione granger,I'm always mad at him.,anger
6559,6560,203,12,2,Luna?,7,Ron Weasley,ron weasley,Luna?,surprise
6563,6564,203,12,34,What is it? Who are you? What do you want --,7,Xenophilius Lovegood,xenophilius lovegood,What is it? Who are you? What do you want --,surprise
6566,6567,203,12,34,Excuse me.,7,Xenophilius Lovegood,xenophilius lovegood,Excuse me.,anger
6568,6569,203,12,1,"Well, sir, we need some help.",7,Harry Potter,harry potter,"Well, sir, we need some help.",sadness
6569,6570,203,12,34,"Ah.  Help.  I see.  Yes, well, the thing is, helping Harry Potter, rather dangerous these days...",7,Xenophilius Lovegood,xenophilius lovegood,"Ah.  Help.  I see.  Yes, well, the thing is, helping Harry Potter, rather dangerous these days...",fear
6572,6573,203,12,1,What's going on here?,7,Harry Potter,harry potter,What's going on here?,surprise
6574,6575,203,12,3,Do you see that?,7,Hermione Granger,hermione granger,Do you see that?,surprise
6576,6577,203,12,3,No!  Don't go near it!,7,Hermione Granger,hermione granger,No!  Don't go near it!,fear
6581,6582,203,12,34,"Luna?  Oh, um, she'll be along. Now how can I help you, Mr. Potter?",7,Xenophilius Lovegood,xenophilius lovegood,"Luna?  Oh, um, she'll be along. Now how can I help you, Mr. Potter?",fear
6583,6584,203,12,34,You mean this?,7,Xenophilius Lovegood,xenophilius lovegood,You mean this?,surprise
6584,6585,203,12,1,"Yes!  Exactly.  What we wondered, sir, is, well, what is it?",7,Harry Potter,harry potter,"Yes!  Exactly.  What we wondered, sir, is, well, what is it?",surprise
6586,6587,203,12,1,The what?,7,Harry Potter,harry potter,The what?,surprise
6587,6588,203,12,2,The what?,7,Ron Weasley,ron weasley,The what?,surprise
6588,6589,203,12,3,The what?,7,Hermione Granger,hermione granger,The what?,surprise
6596,6597,203,12,2,Midnight.  Mum always said midnight. But twilight's fine.  Better actually.,7,Ron Weasley,ron weasley,Midnight.  Mum always said midnight. But twilight's fine.  Better actually.,sadness
6597,6598,203,12,3,"In time, the brothers reached a river too treacherous to pass...",7,Hermione Granger,hermione granger,"In time, the brothers reached a river too treacherous to pass...",fear
6599,6600,203,12,1,Sorry... I still don't really understand...,7,Harry Potter,harry potter,Sorry... I still don't really understand...,sadness
6605,6606,203,12,34,"Ah, but your tea's grown cold. Excuse me, I'll be right back.",7,Xenophilius Lovegood,xenophilius lovegood,"Ah, but your tea's grown cold. Excuse me, I'll be right back.",sadness
6607,6608,204,12,1,Which one would you choose if you could?  Of the Deathly Hallows?,7,Harry Potter,harry potter,Which one would you choose if you could?  Of the Deathly Hallows?,fear
6608,6609,204,12,3,"It's obvious, isn't it?",7,Hermione Granger,hermione granger,"It's obvious, isn't it?",surprise
6612,6613,204,12,2,"You're supposed to say the Cloak, but who wants to spend all day being invisible.  Dead boring if you ask me.  But an unbeatable wand!",7,Ron Weasley,ron weasley,"You're supposed to say the Cloak, but who wants to spend all day being invisible.  Dead boring if you ask me.  But an unbeatable wand!",surprise
6613,6614,204,12,3,Its owner grew drunk with power and was murdered.,7,Hermione Granger,hermione granger,Its owner grew drunk with power and was murdered.,sadness
6615,6616,204,12,3,"Why the Stone, Harry?",7,Hermione Granger,hermione granger,"Why the Stone, Harry?",surprise
6618,6619,204,12,1,But I have one.  The Invisibility Cloak my father left me.,7,Harry Potter,harry potter,But I have one.  The Invisibility Cloak my father left me.,sadness
6622,6623,204,12,3,"Mr. Lovegood.  Thank you, sir --",7,Hermione Granger,hermione granger,"Mr. Lovegood.  Thank you, sir --",joy
6624,6625,204,12,34,The water?,7,Xenophilius Lovegood,xenophilius lovegood,The water?,surprise
6626,6627,204,12,34,"Did, didn't I?  How silly of me.",7,Xenophilius Lovegood,xenophilius lovegood,"Did, didn't I?  How silly of me.",surprise
6627,6628,204,12,3,"No matter, sir.  We really ought to be go--",7,Hermione Granger,hermione granger,"No matter, sir.  We really ought to be go--",fear
6629,6630,204,12,1,Sir?,7,Harry Potter,harry potter,Sir?,surprise
6630,6631,204,12,34,"You're my only hope.  They were angry, you see, about what I'd been writing, so they took her. They took my Luna... But it's really you they want...",7,Xenophilius Lovegood,xenophilius lovegood,"You're my only hope.  They were angry, you see, about what I'd been writing, so they took her. They took my Luna... But it's really you they want...",anger
6631,6632,204,12,1,"Who took her, sir?",7,Harry Potter,harry potter,"Who took her, sir?",surprise
6633,6634,204,12,2,Nooooooooo!,7,Ron Weasley,ron weasley,Nooooooooo!,anger
6634,6635,204,12,34,Stop!  I've got him --,7,Xenophilius Lovegood,xenophilius lovegood,Stop!  I've got him --,anger
6635,6636,204,12,3,Ron!  Harry!  Take my hand!,7,Hermione Granger,hermione granger,Ron!  Harry!  Take my hand!,joy
6636,6637,204,68,2,That treacherous old bleeder!  Is there no one we can trust!,7,Ron Weasley,ron weasley,That treacherous old bleeder!  Is there no one we can trust!,fear
6641,6642,204,68,9,"If not you, then who?",7,Voldemort,voldemort,"If not you, then who?",surprise
6644,6645,204,68,98,"Can't you guess, Tom?  It lies with him, of course.  Buried within the earth.  It is he who possesses it, even in death.  Your old friend and mine... Dumbledore.",7,Gellert Grindelwald,gellert grindelwald,"Can't you guess, Tom?  It lies with him, of course.  Buried within the earth.  It is he who possesses it, even in death.  Your old friend and mine... Dumbledore.",fear
6647,6648,204,68,3,What're you saying?,7,Hermione Granger,hermione granger,What're you saying?,surprise
6649,6650,205,68,2,Don't touch her!,7,Ron Weasley,ron weasley,Don't touch her!,fear
6650,6651,205,68,3,Stop it!,7,Hermione Granger,hermione granger,Stop it!,anger
6655,6656,205,68,53,"Check the list.  And you, ginger?",7,Scabior,scabior,"Check the list.  And you, ginger?",surprise
6659,6660,205,68,53,"Weasley, eh?  Wouldn't be related to that blood traitor Arthur Weasley, would you?",7,Scabior,scabior,"Weasley, eh?  Wouldn't be related to that blood traitor Arthur Weasley, would you?",surprise
6660,6661,205,68,2,Piss off!  Arthur Weasley's ten times the wizard you are!,7,Ron Weasley,ron weasley,Piss off!  Arthur Weasley's ten times the wizard you are!,anger
6662,6663,205,68,53,"How 'bout you, lovely?  What do they call you...?",7,Scabior,scabior,"How 'bout you, lovely?  What do they call you...?",surprise
6669,6670,205,68,1,What did you put on me?,7,Harry Potter,harry potter,What did you put on me?,surprise
6670,6671,205,68,3,A Stinging Jinx.,7,Hermione Granger,hermione granger,A Stinging Jinx.,joy
6677,6678,206,13,23,You dare to talk to me like that in my own house?,7,Lucius Malfoy,lucius malfoy,You dare to talk to me like that in my own house?,anger
6678,6679,206,13,22,"Lucius. Don't be shy, sweetie. Come over. Now, if this isn't who we think it is, Draco, and we call him, he'll kill us all. We need to be absolutely sure.",7,Bellatrix Lestrange,bellatrix lestrange,"Lucius. Don't be shy, sweetie. Come over. Now, if this isn't who we think it is, Draco, and we call him, he'll kill us all. We need to be absolutely sure.",fear
6679,6680,206,13,12,What's wrong with his face?,7,Draco Malfoy,draco malfoy,What's wrong with his face?,anger
6680,6681,206,13,22,"Yes, what is wrong with his face?",7,Bellatrix Lestrange,bellatrix lestrange,"Yes, what is wrong with his face?",anger
6682,6683,206,13,22,"Or ran into a Stinging Jinx. Was it you, dearie? Give me her wand. We'll see what her last spell was. Ah. Got you. What is that? Where'd you get that from?",7,Bellatrix Lestrange,bellatrix lestrange,"Or ran into a Stinging Jinx. Was it you, dearie? Give me her wand. We'll see what her last spell was. Ah. Got you. What is that? Where'd you get that from?",surprise
6683,6684,206,13,145,It was in her bag when we searched her. Reckon it's mine now. Are you mad? Go! Get out!,7,Trolley witch,trolley witch,It was in her bag when we searched her. Reckon it's mine now. Are you mad? Go! Get out!,anger
6685,6686,206,13,2,What are we gonna do? We can't leave Hermione alone with her.,7,Ron Weasley,ron weasley,What are we gonna do? We can't leave Hermione alone with her.,anger
6686,6687,206,13,25,Ron? Harry?,7,Luna Lovegood,luna lovegood,Ron? Harry?,surprise
6687,6688,206,13,1,Luna?,7,Harry Potter,harry potter,Luna?,surprise
6688,6689,206,13,22,That sword is meant to be in my vault at Gringotts. How did you get it? What else did you and your friends take from my vault?!,7,Bellatrix Lestrange,bellatrix lestrange,That sword is meant to be in my vault at Gringotts. How did you get it? What else did you and your friends take from my vault?!,surprise
6689,6690,206,13,3,I didn't take anything. Please. I didn't take anything.,7,Hermione Granger,hermione granger,I didn't take anything. Please. I didn't take anything.,fear
6690,6691,206,13,22,I don't believe it.,7,Bellatrix Lestrange,bellatrix lestrange,I don't believe it.,surprise
6693,6694,206,13,3,Please! please!,7,Hermione Granger,hermione granger,Please! please!,anger
6694,6695,206,13,22,Shut up!,7,Bellatrix Lestrange,bellatrix lestrange,Shut up!,anger
6697,6698,206,13,2,Let her go.,7,Ron Weasley,ron weasley,Let her go.,anger
6698,6699,206,13,44,"Shut up. Get back. You, goblin, come with me.",7,Peter Pettigrew,peter pettigrew,"Shut up. Get back. You, goblin, come with me.",anger
6700,6701,207,13,1,Dobby? What are you doing here?,7,Harry Potter,harry potter,Dobby? What are you doing here?,surprise
6706,6707,207,13,2,Shell Cottage on the outskirts of Tinworth. Trust me.,7,Ron Weasley,ron weasley,Shell Cottage on the outskirts of Tinworth. Trust me.,fear
6708,6709,207,13,27,Sir? I like her very much. Meet me at the top of the stairs in 10 seconds.,7,Dobby,dobby,Sir? I like her very much. Meet me at the top of the stairs in 10 seconds.,joy
6712,6713,207,13,30,I don't know.,7,Griphook,griphook,I don't know.,surprise
6713,6714,207,13,22,You don't know? Why weren't you doing your job? Who got into my vault? Who stole it? Who stole it? Well?,7,Bellatrix Lestrange,bellatrix lestrange,You don't know? Why weren't you doing your job? Who got into my vault? Who stole it? Who stole it? Well?,surprise
6718,6719,207,13,2,Expellliarmus!,7,Ron Weasley,ron weasley,Expellliarmus!,surprise
6719,6720,207,13,1,Stupefy.,7,Harry Potter,harry potter,Stupefy.,fear
6720,6721,207,13,22,"Stop! Drop your wands. I said, drop them! Pick them up, Draco, now. Well, well, well, look what we have here. It's Harry Potter. He's all bright and shiny and new again, just in time for the Dark Lord. Call him. Call him.",7,Bellatrix Lestrange,bellatrix lestrange,"Stop! Drop your wands. I said, drop them! Pick them up, Draco, now. Well, well, well, look what we have here. It's Harry Potter. He's all bright and shiny and new again, just in time for the Dark Lord. Call him. Call him.",anger
6721,6722,207,13,1,Stupefy!,7,Harry Potter,harry potter,Stupefy!,fear
6722,6723,207,13,22,Stupid elf. You could've killed me.,7,Bellatrix Lestrange,bellatrix lestrange,Stupid elf. You could've killed me.,anger
6724,6725,207,13,22,How dare you take a witch's wand? How dare you defy your masters?,7,Bellatrix Lestrange,bellatrix lestrange,How dare you take a witch's wand? How dare you defy your masters?,anger
6728,6729,208,15,1,"Dobby. Dobby. No, just-- Hold on. Hold on. Look, just hold on, okay? We'll fix you. Hermione will have something. In your bag. Hermione? Hermione? What is it? Help me.",7,Harry Potter,harry potter,"Dobby. Dobby. No, just-- Hold on. Hold on. Look, just hold on, okay? We'll fix you. Hermione will have something. In your bag. Hermione? Hermione? What is it? Help me.",fear
6729,6730,208,15,27,Such a beautiful place... ...to be with friends. Dobby is happy to be with his friend... ...Harry Potter.,7,Dobby,dobby,Such a beautiful place... ...to be with friends. Dobby is happy to be with his friend... ...Harry Potter.,joy
6731,6732,208,15,1,I want to bury him. Properly. Without magic.,7,Harry Potter,harry potter,I want to bury him. Properly. Without magic.,sadness
6732,6733,209,15,25,It's beautiful here.,8,Luna Lovegood,luna lovegood,It's beautiful here.,joy
6736,6737,210,15,1,How are you?,8,Harry Potter,harry potter,How are you?,surprise
6741,6742,210,15,30,You are a very unusual wizard.,8,Griphook,griphook,You are a very unusual wizard.,surprise
6742,6743,210,15,1,Why did you leave Gringotts?,8,Harry Potter,harry potter,Why did you leave Gringotts?,surprise
6743,6744,210,15,30,Soon the Death Eaters will control it. That was unacceptable to me.,8,Griphook,griphook,Soon the Death Eaters will control it. That was unacceptable to me.,anger
6745,6746,210,15,30,This is a wizard's war. I take no side.,8,Griphook,griphook,This is a wizard's war. I take no side.,anger
6748,6749,210,15,30,How did you come by this sword?,8,Griphook,griphook,How did you come by this sword?,surprise
6753,6754,210,15,1,And she never suspected?,8,Harry Potter,harry potter,And she never suspected?,surprise
6755,6756,210,15,2,Who put it there? The fake.,8,Ron Weasley,ron weasley,Who put it there? The fake.,anger
6759,6760,210,15,30,I have no interest in gold.,8,Griphook,griphook,I have no interest in gold.,sadness
6760,6761,210,15,1,Then what? The goblin twists the curl at his chin... then his eyes,8,Harry Potter,harry potter,Then what? The goblin twists the curl at his chin... then his eyes,surprise
6763,6764,210,15,3,"Harry, are you thinking there's a Horcrux in Bellatrix's vault?",8,Hermione Granger,hermione granger,"Harry, are you thinking there's a Horcrux in Bellatrix's vault?",surprise
6764,6765,210,15,1,"She was terrified when she thought we'd been in there. She kept asking you what else we'd taken. I'd bet anything there's a Horcrux there. If we find it, we can kill it. And if we kill it, we're one step closer to killing him.",8,Harry Potter,harry potter,"She was terrified when she thought we'd been in there. She kept asking you what else we'd taken. I'd bet anything there's a Horcrux there. If we find it, we can kill it. And if we kill it, we're one step closer to killing him.",fear
6768,6769,211,15,43,Forgive me if I don't get up.,8,Garrick Ollivander,garrick ollivander,Forgive me if I don't get up.,anger
6773,6774,211,15,1,And this?,8,Harry Potter,harry potter,And this?,surprise
6775,6776,211,15,1,Was? Isn't it still?,8,Harry Potter,harry potter,Was? Isn't it still?,surprise
6780,6781,211,15,1,"But you, sir? Do you believe they exist?",8,Harry Potter,harry potter,"But you, sir? Do you believe they exist?",surprise
6782,6783,211,15,43,"He tortured me! Besides, I conveyed only rumors. There's no guarantee he will find it --",8,Garrick Ollivander,garrick ollivander,"He tortured me! Besides, I conveyed only rumors. There's no guarantee he will find it --",anger
6785,6786,211,15,43,"He's after you, Mr. Potter. If it's true, what you say, that he has the Elder Wand, I'm afraid you really don't stand a chance.",8,Garrick Ollivander,garrick ollivander,"He's after you, Mr. Potter. If it's true, what you say, that he has the Elder Wand, I'm afraid you really don't stand a chance.",fear
6787,6788,211,15,2,You're sure it's hers?,8,Ron Weasley,ron weasley,You're sure it's hers?,surprise
6791,6792,211,15,3,But I hate that thing -- that's the wand that killed Sirius! How can I hold it and not feel...,8,Hermione Granger,hermione granger,But I hate that thing -- that's the wand that killed Sirius! How can I hold it and not feel...,anger
6795,6796,211,15,2,That's a bit scary.,8,Ron Weasley,ron weasley,That's a bit scary.,fear
6799,6800,211,15,3,"It's perfect. Thank you, Fleur.",8,Hermione Granger,hermione granger,"It's perfect. Thank you, Fleur.",joy
6800,6801,211,15,73,"You're leaving, aren't you.",8,Bill Weasley,bill weasley,"You're leaving, aren't you.",anger
6801,6802,211,15,1,In the morning.,8,Harry Potter,harry potter,In the morning.,fear
6803,6804,211,15,1,He'll be leaving too.,8,Harry Potter,harry potter,He'll be leaving too.,sadness
6805,6806,211,15,25,The sky has lost a star.,8,Luna Lovegood,luna lovegood,The sky has lost a star.,sadness
6806,6807,211,15,25,"My father used to say that when a child died. She looks up, smiles.",8,Luna Lovegood,luna lovegood,"My father used to say that when a child died. She looks up, smiles.",sadness
6808,6809,211,15,25,"I know you understand why my father did what he did, Harry. That's why we don't need to talk about it.",8,Luna Lovegood,luna lovegood,"I know you understand why my father did what he did, Harry. That's why we don't need to talk about it.",anger
6812,6813,211,15,2,Always good value. I'll miss her.,8,Ron Weasley,ron weasley,Always good value. I'll miss her.,sadness
6813,6814,211,15,2,What d'you think?,8,Ron Weasley,ron weasley,What d'you think?,surprise
6814,6815,211,15,1,Wouldn't know you if I didn't know you.,8,Harry Potter,harry potter,Wouldn't know you if I didn't know you.,surprise
6815,6816,211,15,2,You want to tell me what that is?,8,Ron Weasley,ron weasley,You want to tell me what that is?,surprise
6817,6818,211,15,2,You mean he could see you?,8,Ron Weasley,ron weasley,You mean he could see you?,surprise
6818,6819,211,15,1,Something like that. I don't know. He died before I ever got to use it. The thing is...,8,Harry Potter,harry potter,Something like that. I don't know. He died before I ever got to use it. The thing is...,surprise
6819,6820,211,15,2,Go on.,8,Ron Weasley,ron weasley,Go on.,anger
6823,6824,211,15,2,Hideous.,8,Ron Weasley,ron weasley,Hideous.,fear
6824,6825,211,15,22,"Oh dear, I missed a spot, didn't I? Hold still...",8,Bellatrix Lestrange,bellatrix lestrange,"Oh dear, I missed a spot, didn't I? Hold still...",sadness
6829,6830,212,2,30,"Good morning? Good morning? You're Bellatrix Lestrange, not some dewy-eyed schoolgirl!",8,Griphook,griphook,"Good morning? Good morning? You're Bellatrix Lestrange, not some dewy-eyed schoolgirl!",joy
6830,6831,212,2,2,Hey. Easy.,8,Ron Weasley,ron weasley,Hey. Easy.,joy
6831,6832,212,2,30,She gives us away and we might as well use that sword to slit our own throats. Understand?,8,Griphook,griphook,She gives us away and we might as well use that sword to slit our own throats. Understand?,anger
6832,6833,212,2,3,He's right. I was being stupid.,8,Hermione Granger,hermione granger,He's right. I was being stupid.,anger
6833,6834,212,2,1,C'mon. Let's do it.,8,Harry Potter,harry potter,C'mon. Let's do it.,anger
6835,6836,212,2,22,I wish to enter my vault.,8,Bellatrix Lestrange,bellatrix lestrange,I wish to enter my vault.,sadness
6840,6841,212,2,30,They know!,8,Griphook,griphook,They know!,surprise
6841,6842,212,2,2,What do you mean?,8,Ron Weasley,ron weasley,What do you mean?,surprise
6842,6843,212,2,30,They know she's an imposter! They've been warned!,8,Griphook,griphook,They know she's an imposter! They've been warned!,anger
6844,6845,212,2,22,And why should I do that?,8,Bellatrix Lestrange,bellatrix lestrange,And why should I do that?,anger
6845,6846,212,2,2,"Harry, what do we do? Harry...?",8,Ron Weasley,ron weasley,"Harry, what do we do? Harry...?",fear
6848,6849,212,2,64,I'm afraid I must insist.,8,Bogrod,bogrod,I'm afraid I must insist.,fear
6854,6855,212,2,64,"Let me be specific with you, Ricbert. I've run this bank for forty-five years, long before anyone had even heard of a Death Eater. The day may come that they feel they can run this place better than me, but that day has not yet arrived. Am I understood!",8,Bogrod,bogrod,"Let me be specific with you, Ricbert. I've run this bank for forty-five years, long before anyone had even heard of a Death Eater. The day may come that they feel they can run this place better than me, but that day has not yet arrived. Am I understood!",surprise
6857,6858,212,2,2,What's that? Up ahead.,8,Ron Weasley,ron weasley,What's that? Up ahead.,surprise
6860,6861,212,2,1,Griphook! What is that!,8,Harry Potter,harry potter,Griphook! What is that!,surprise
6861,6862,212,2,1,Well done. Hey.,8,Harry Potter,harry potter,Well done. Hey.,joy
6862,6863,212,2,30,The Thief's Downfall. Washes away all enchantments. Can be deadly.,8,Griphook,griphook,The Thief's Downfall. Washes away all enchantments. Can be deadly.,fear
6865,6866,212,2,64,What the devil are you all doing down here!,8,Bogrod,bogrod,What the devil are you all doing down here!,anger
6866,6867,212,2,30,We need him!,8,Griphook,griphook,We need him!,anger
6867,6868,212,2,64,"Is this your doing, Griphook? You have no rights here anymore. When you gave up your keys, you --",8,Bogrod,bogrod,"Is this your doing, Griphook? You have no rights here anymore. When you gave up your keys, you --",anger
6868,6869,212,2,2,Imperio!,8,Ron Weasley,ron weasley,Imperio!,surprise
6871,6872,212,2,2,Bloody hell. That's a Welsh Green.,8,Ron Weasley,ron weasley,Bloody hell. That's a Welsh Green.,anger
6873,6874,212,2,30,Go on.,8,Griphook,griphook,Go on.,anger
6884,6885,212,2,3,No wonder Bellatrix thought it was real.,8,Hermione Granger,hermione granger,No wonder Bellatrix thought it was real.,surprise
6885,6886,213,2,2,"Is it here, Harry? Can you feel anything?",8,Ron Weasley,ron weasley,"Is it here, Harry? Can you feel anything?",surprise
6886,6887,213,2,3,"It's hot! All eyes turn to the bowl, WOBBLING MADLY on the floor, when... it SPLITS APART and begins to MULTIPLY.",8,Hermione Granger,hermione granger,"It's hot! All eyes turn to the bowl, WOBBLING MADLY on the floor, when... it SPLITS APART and begins to MULTIPLY.",anger
6887,6888,213,2,3,"Ron, your foot!",8,Hermione Granger,hermione granger,"Ron, your foot!",anger
6888,6889,213,2,30,We'll be crushed! Hurry!,8,Griphook,griphook,We'll be crushed! Hurry!,anger
6891,6892,213,2,1,Give me the sword! The real one.,8,Harry Potter,harry potter,Give me the sword! The real one.,anger
6892,6893,213,2,2,Keep going!,8,Ron Weasley,ron weasley,Keep going!,joy
6893,6894,213,2,3,Harry! Behind you!,8,Hermione Granger,hermione granger,Harry! Behind you!,surprise
6894,6895,213,2,2,The cup!,8,Ron Weasley,ron weasley,The cup!,surprise
6895,6896,213,2,3,In here!,8,Hermione Granger,hermione granger,In here!,surprise
6898,6899,213,2,1,Griphook! Griphook!,8,Harry Potter,harry potter,Griphook! Griphook!,surprise
6900,6901,214,2,2,Foul little git. Least we've got Bogrod.,8,Ron Weasley,ron weasley,Foul little git. Least we've got Bogrod.,anger
6901,6902,214,2,2,That's unfortunate.,8,Ron Weasley,ron weasley,That's unfortunate.,sadness
6902,6903,214,2,3,We can't just stand here! Who's got an idea?,8,Hermione Granger,hermione granger,We can't just stand here! Who's got an idea?,anger
6903,6904,214,2,2,You're asking us? You're the brilliant one.,8,Ron Weasley,ron weasley,You're asking us? You're the brilliant one.,surprise
6904,6905,214,2,3,I've got something. But it's mad.,8,Hermione Granger,hermione granger,I've got something. But it's mad.,anger
6905,6906,214,2,3,Relashio!,8,Hermione Granger,hermione granger,Relashio!,surprise
6906,6907,214,2,2,That's your idea?,8,Ron Weasley,ron weasley,That's your idea?,surprise
6907,6908,214,2,1,Come on!,8,Harry Potter,harry potter,Come on!,anger
6908,6909,214,2,3,It doesn't realize it's free!,8,Hermione Granger,hermione granger,It doesn't realize it's free!,surprise
6909,6910,214,74,2,That was brilliant! BRILLIANT!,8,Ron Weasley,ron weasley,That was brilliant! BRILLIANT!,joy
6910,6911,214,74,2,Bloody hell.,8,Ron Weasley,ron weasley,Bloody hell.,anger
6911,6912,214,74,1,We're dropping!,8,Harry Potter,harry potter,We're dropping!,surprise
6912,6913,214,74,2,I say we jump!,8,Ron Weasley,ron weasley,I say we jump!,anger
6913,6914,214,74,3,When?,8,Hermione Granger,hermione granger,When?,surprise
6918,6919,214,74,3,"You let him in! Harry, you can't --",8,Hermione Granger,hermione granger,"You let him in! Harry, you can't --",anger
6919,6920,214,74,1,"I can't always help it, Hermione!",8,Harry Potter,harry potter,"I can't always help it, Hermione!",anger
6920,6921,214,74,2,Never mind! What did you see?,8,Ron Weasley,ron weasley,Never mind! What did you see?,anger
6921,6922,214,74,1,He's angry. But he's scared too. He's going to make sure the other Horcruxes are safe.,8,Harry Potter,harry potter,He's angry. But he's scared too. He's going to make sure the other Horcruxes are safe.,anger
6922,6923,214,74,2,What happens when he finds out four are gone?,8,Ron Weasley,ron weasley,What happens when he finds out four are gone?,surprise
6924,6925,214,74,3,What?,8,Hermione Granger,hermione granger,What?,surprise
6925,6926,214,74,2,What?,8,Ron Weasley,ron weasley,What?,surprise
6926,6927,214,74,3,You saw it?,8,Hermione Granger,hermione granger,You saw it?,surprise
6929,6930,214,74,2,'Fraid he's right. One problem: Snape's Headmaster now. We can't just walk in the front door.,8,Ron Weasley,ron weasley,'Fraid he's right. One problem: Snape's Headmaster now. We can't just walk in the front door.,fear
6931,6932,215,74,1,"There's something wrong with him. In the past, I could always follow his thoughts. Now everything feels disconnected.",8,Harry Potter,harry potter,"There's something wrong with him. In the past, I could always follow his thoughts. Now everything feels disconnected.",sadness
6937,6938,215,21,2,What's he mean by that?,8,Ron Weasley,ron weasley,What's he mean by that?,surprise
6938,6939,215,21,3,"No, you'll give us away.",8,Hermione Granger,hermione granger,"No, you'll give us away.",anger
6939,6940,215,21,1,Expecto Patronum!,8,Harry Potter,harry potter,Expecto Patronum!,surprise
6941,6942,216,21,2,Did you get a look at him! Fora second I thought it was --,8,Ron Weasley,ron weasley,Did you get a look at him! Fora second I thought it was --,surprise
6943,6944,216,21,3,Harry! I can see you! In here!,8,Hermione Granger,hermione granger,Harry! I can see you! In here!,surprise
6944,6945,216,21,40,You bloody fools! What were you thinking coming here? Do you have any idea how dangerous it is --,8,Aberforth Dumbledore,aberforth dumbledore,You bloody fools! What were you thinking coming here? Do you have any idea how dangerous it is --,anger
6948,6949,216,21,1,He's dead.,8,Harry Potter,harry potter,He's dead.,sadness
6949,6950,216,21,40,Sorry to hear it. I liked that elf.,8,Aberforth Dumbledore,aberforth dumbledore,Sorry to hear it. I liked that elf.,sadness
6957,6958,216,21,40,Did he now? Nice job? Easy?,8,Aberforth Dumbledore,aberforth dumbledore,Did he now? Nice job? Easy?,surprise
6959,6960,216,21,1,"If we can find it and kill it, then we kill him, and then we can end this war once and for all. We need to get into Hogwarts tonight.",8,Harry Potter,harry potter,"If we can find it and kill it, then we kill him, and then we can end this war once and for all. We need to get into Hogwarts tonight.",anger
6960,6961,216,21,40,"It's not a job my brother's given you, it's a suicide mission. Do yourself a favor boy. Go home. Live a little longer.",8,Aberforth Dumbledore,aberforth dumbledore,"It's not a job my brother's given you, it's a suicide mission. Do yourself a favor boy. Go home. Live a little longer.",anger
6962,6963,216,21,1,Why should he...,8,Harry Potter,harry potter,Why should he...,anger
6963,6964,216,21,40,Keep secrets? You tell me.,8,Aberforth Dumbledore,aberforth dumbledore,Keep secrets? You tell me.,anger
6965,6966,216,21,40,Did you now? And why is that?,8,Aberforth Dumbledore,aberforth dumbledore,Did you now? And why is that?,surprise
6966,6967,216,21,1,I had no reason not to --,8,Harry Potter,harry potter,I had no reason not to --,fear
6967,6968,216,21,40,"That's a boy's answer. A boy who goes chasing Horcruxes on the word of a man who won't even tell him where to start. You're lying. Not just to me, which doesn't matter, but to yourself as well. That's what a fool does.",8,Aberforth Dumbledore,aberforth dumbledore,"That's a boy's answer. A boy who goes chasing Horcruxes on the word of a man who won't even tell him where to start. You're lying. Not just to me, which doesn't matter, but to yourself as well. That's what a fool does.",anger
6969,6970,216,21,40,"You don't strike me as a fool, Mr. Potter. So I'll ask you again. There must be a reason. Why do you trust anything my brother ever said to you? Why?",8,Aberforth Dumbledore,aberforth dumbledore,"You don't strike me as a fool, Mr. Potter. So I'll ask you again. There must be a reason. Why do you trust anything my brother ever said to you? Why?",anger
6973,6974,216,21,3,"That's Ariana, isn't it? Your sister. She's beautiful.",8,Hermione Granger,hermione granger,"That's Ariana, isn't it? Your sister. She's beautiful.",surprise
6975,6976,216,21,3,"She died very young, didn't she.",8,Hermione Granger,hermione granger,"She died very young, didn't she.",sadness
6977,6978,216,21,3,Mr. Dumbledore... thank you.,8,Hermione Granger,hermione granger,Mr. Dumbledore... thank you.,joy
6979,6980,216,21,3,She's coming back! And she's got someone with her!,8,Hermione Granger,hermione granger,She's coming back! And she's got someone with her!,anger
6980,6981,216,21,2,Who's that with her? Bloody hell...,8,Ron Weasley,ron weasley,Who's that with her? Bloody hell...,anger
6981,6982,217,55,10,I knew you'd come! I told them alii! Harry Potter would never abandon Hogwarts!,8,Neville Longbottom,neville longbottom,I knew you'd come! I told them alii! Harry Potter would never abandon Hogwarts!,anger
6990,6991,217,55,1,The Carrows?,8,Harry Potter,harry potter,The Carrows?,surprise
6992,6993,217,55,3,They did that to you? But why?,8,Hermione Granger,hermione granger,They did that to you? But why?,surprise
6994,6995,217,55,10,"Aw, c'mon. Don't be grim. We're all used to it by now. And the thing is, it helps when people stand up, gives everyone hope. I used to notice that when you did it, Harry. C'mon, we're almost there.",8,Neville Longbottom,neville longbottom,"Aw, c'mon. Don't be grim. We're all used to it by now. And the thing is, it helps when people stand up, gives everyone hope. I used to notice that when you did it, Harry. C'mon, we're almost there.",sadness
6995,6996,217,55,10,"Let's have a bit of fun, shall we?  Hey! Listen up, you lot! I've brought you a surprise!",8,Neville Longbottom,neville longbottom,"Let's have a bit of fun, shall we?  Hey! Listen up, you lot! I've brought you a surprise!",joy
6999,7000,217,55,10,"Okay, okay! Stand down! lLet's not kill them before You-Know-Who gets the chance!",8,Neville Longbottom,neville longbottom,"Okay, okay! Stand down! lLet's not kill them before You-Know-Who gets the chance!",anger
7001,7002,217,55,10,What is it?,8,Neville Longbottom,neville longbottom,What is it?,surprise
7002,7003,217,55,1,We don't know.,8,Harry Potter,harry potter,We don't know.,surprise
7010,7011,217,55,2,Excuse me. But would someone tell me: what's a bloody diadem?,8,Ron Weasley,ron weasley,Excuse me. But would someone tell me: what's a bloody diadem?,anger
7015,7016,217,55,2,"Six months she hasn't seen me and it's like I'm Frankie First Year. I mean, I'm only her brother.",8,Ron Weasley,ron weasley,"Six months she hasn't seen me and it's like I'm Frankie First Year. I mean, I'm only her brother.",surprise
7017,7018,217,55,2,"Shut up, Seamus.",8,Ron Weasley,ron weasley,"Shut up, Seamus.",anger
7018,7019,217,55,10,"What is it, Ginny?",8,Neville Longbottom,neville longbottom,"What is it, Ginny?",surprise
7021,7022,218,36,6,Many of you are surely wondering why I have summoned you here at this hour. It has come to my attention that earlier this evening... Harry Potter was sighted in Hogsmeade.,8,Severus Snape,severus snape,Many of you are surely wondering why I have summoned you here at this hour. It has come to my attention that earlier this evening... Harry Potter was sighted in Hogsmeade.,surprise
7023,7024,218,36,6,"For myself and a few select members of the staff this comes as little surprise. We have, for some time, considered Mr. Potter's return to Hogwarts to be not only possible but inevitable. Consequently, in the past several months and under my specific direction, exhaustive defensive strategies have been employed to defeat any attempt Mr. Potter might make to breach these walls. But know this. Should anyone -- student or staff -- attempt to aid Mr. Potter, that person will be punished in a manner consistent with the severity of their transgression. Rest assured: So long as I am Headmaster at Hogwarts, Harry Potter will never again step foot in this castle.",8,Severus Snape,severus snape,"For myself and a few select members of the staff this comes as little surprise. We have, for some time, considered Mr. Potter's return to Hogwarts to be not only possible but inevitable. Consequently, in the past several months and under my specific direction, exhaustive defensive strategies have been employed to defeat any attempt Mr. Potter might make to breach these walls. But know this. Should anyone -- student or staff -- attempt to aid Mr. Potter, that person will be punished in a manner consistent with the severity of their transgression. Rest assured: So long as I am Headmaster at Hogwarts, Harry Potter will never again step foot in this castle.",anger
7026,7027,218,36,1,And I'm afraid it's rather extensive.,8,Harry Potter,harry potter,And I'm afraid it's rather extensive.,fear
7027,7028,218,36,1,How dare you stand where he stood.,8,Harry Potter,harry potter,How dare you stand where he stood.,anger
7028,7029,218,36,1,"Tell them how it was that night. Tell then how you looked him in the eye, a man who trusted you... and killed him. Tell them!",8,Harry Potter,harry potter,"Tell them how it was that night. Tell then how you looked him in the eye, a man who trusted you... and killed him. Tell them!",anger
7031,7032,218,36,9,I wish you no harm. TI have great respect for the students of Hogwarts. I was once one myself after all. I ask for but one thing and if granted no magical blood shail be spiit...,8,Voldemort,voldemort,I wish you no harm. TI have great respect for the students of Hogwarts. I was once one myself after all. I ask for but one thing and if granted no magical blood shail be spiit...,sadness
7032,7033,218,36,9,Give me Harry Potter. Do this and none shall be harmed. Give me Harry Potter and I shail leave Hogwarts untouched. Give me Harry Potter and you will be rewarded.,8,Voldemort,voldemort,Give me Harry Potter. Do this and none shall be harmed. Give me Harry Potter and I shail leave Hogwarts untouched. Give me Harry Potter and you will be rewarded.,anger
7033,7034,218,36,91,But he's there! Potter's there! Someone grab him!,8,Pansy Parkinson,pansy parkinson,But he's there! Potter's there! Someone grab him!,surprise
7034,7035,218,36,35,Students out of bed! Students in the corridors!,8,Argus Filch,argus filch,Students out of bed! Students in the corridors!,surprise
7035,7036,218,36,35,"Oh. Sorry, mum.",8,Argus Filch,argus filch,"Oh. Sorry, mum.",sadness
7038,7039,219,36,1,"Is that possible, Professor?",8,Harry Potter,harry potter,"Is that possible, Professor?",surprise
7041,7042,219,66,10,"Let me get this straight, Professor. You're giving us permission to do this?",8,Neville Longbottom,neville longbottom,"Let me get this straight, Professor. You're giving us permission to do this?",anger
7042,7043,219,66,10,To blow it up. Boom.,8,Neville Longbottom,neville longbottom,To blow it up. Boom.,surprise
7044,7045,219,66,29,I can bring 'er down.,8,Seamus Finnigan,seamus finnigan,I can bring 'er down.,anger
7049,7050,219,66,3,Unless we can destroy it.,8,Hermione Granger,hermione granger,Unless we can destroy it.,anger
7051,7052,219,66,3,You were thinking. It's Ron's idea. And it's brilliant.,8,Hermione Granger,hermione granger,You were thinking. It's Ron's idea. And it's brilliant.,joy
7056,7057,220,53,25,Harry! Wait! I need to talk to,8,Luna Lovegood,luna lovegood,Harry! Wait! I need to talk to,surprise
7063,7064,220,53,25,"He's very impressive, isn't he?",8,Luna Lovegood,luna lovegood,"He's very impressive, isn't he?",surprise
7067,7068,221,53,14,Nice night for it!,8,Fred Weasley,fred weasley,Nice night for it!,joy
7069,7070,221,29,29,That's it. I want a charge on each and every joist.,8,Seamus Finnigan,seamus finnigan,That's it. I want a charge on each and every joist.,anger
7070,7071,221,29,10,"You do know what you're doing, don't you, Seamus?",8,Neville Longbottom,neville longbottom,"You do know what you're doing, don't you, Seamus?",anger
7074,7075,221,53,25,No. I think it best if you two talk alone. She's very shy.,8,Luna Lovegood,luna lovegood,No. I think it best if you two talk alone. She's very shy.,fear
7077,7078,221,66,56,Dean!,8,Kingsley Shacklebolt,kingsley shacklebolt,Dean!,surprise
7079,7080,221,66,56,Who said that?,8,Kingsley Shacklebolt,kingsley shacklebolt,Who said that?,surprise
7085,7086,221,29,10,Ha! dal,8,Neville Longbottom,neville longbottom,Ha! dal,joy
7086,7087,221,29,10,Yeah! You and whose army!,8,Neville Longbottom,neville longbottom,Yeah! You and whose army!,anger
7087,7088,221,29,29,Woah! Easy up there!,8,Seamus Finnigan,seamus finnigan,Woah! Easy up there!,surprise
7088,7089,221,29,10,Sorry.,8,Neville Longbottom,neville longbottom,Sorry.,sadness
7089,7090,221,25,2,Harry talks in his sleep. Haven't you noticed?,8,Ron Weasley,ron weasley,Harry talks in his sleep. Haven't you noticed?,surprise
7091,7092,221,25,2,I've never got this far before.,8,Ron Weasley,ron weasley,I've never got this far before.,surprise
7092,7093,221,25,3,I'm scared.,8,Hermione Granger,hermione granger,I'm scared.,fear
7093,7094,221,25,2,Me too. Hermione: I didn't expect it to be like this.,8,Ron Weasley,ron weasley,Me too. Hermione: I didn't expect it to be like this.,surprise
7095,7096,222,53,1,"You're the Grey Lady, the ghost of Ravenclaw Tower.",8,Harry Potter,harry potter,"You're the Grey Lady, the ghost of Ravenclaw Tower.",fear
7097,7098,222,53,1,"I'm sorry. It's Helena, isn't it? Helena Ravenclaw. Rowena's daughter. Luna told me.",8,Harry Potter,harry potter,"I'm sorry. It's Helena, isn't it? Helena Ravenclaw. Rowena's daughter. Luna told me.",sadness
7098,7099,222,53,54,Are you a friend of Luna's?,8,Helena Ravenclaw,helena ravenclaw,Are you a friend of Luna's?,surprise
7100,7101,222,53,54,You seek my mother's diadem.,8,Helena Ravenclaw,helena ravenclaw,You seek my mother's diadem.,anger
7103,7104,222,53,1,Wait! Please!,8,Harry Potter,harry potter,Wait! Please!,fear
7106,7107,222,53,1,I don't seek it for myself! You have to believe me!,8,Harry Potter,harry potter,I don't seek it for myself! You have to believe me!,anger
7107,7108,222,53,1,I want to destroy it.,8,Harry Potter,harry potter,I want to destroy it.,anger
7108,7109,222,53,1,"That's what you want, isn't it, Helena? You want it destroyed.",8,Harry Potter,harry potter,"That's what you want, isn't it, Helena? You want it destroyed.",anger
7109,7110,222,53,54,"But I only wanted to be more like her, clever and wise. She wore it so beautifully, but on me... I grew to hate it... the pain I felt... the pain I feel even now...",8,Helena Ravenclaw,helena ravenclaw,"But I only wanted to be more like her, clever and wise. She wore it so beautifully, but on me... I grew to hate it... the pain I felt... the pain I feel even now...",sadness
7110,7111,222,53,1,"I'll end your pain, Helena. Tell me where it is and I'll destroy it, I swear, on my mother's memory --",8,Harry Potter,harry potter,"I'll end your pain, Helena. Tell me where it is and I'll destroy it, I swear, on my mother's memory --",anger
7111,7112,222,53,54,"Another swore to destroy it, many years ago, a strange boy with a strange name...",8,Helena Ravenclaw,helena ravenclaw,"Another swore to destroy it, many years ago, a strange boy with a strange name...",surprise
7115,7116,222,53,54,I know what he's done! I know who he is! He defiled it! With Dark Magic!,8,Helena Ravenclaw,helena ravenclaw,I know what he's done! I know who he is! He defiled it! With Dark Magic!,anger
7116,7117,222,53,54,Strange... you remind me of him a bit...,8,Helena Ravenclaw,helena ravenclaw,Strange... you remind me of him a bit...,surprise
7121,7122,223,25,2,You do it.,8,Ron Weasley,ron weasley,You do it.,anger
7124,7125,223,29,20,Ready!?,8,Ginny Weasley,ginny weasley,Ready!?,surprise
7125,7126,223,29,10,Are you bloody joking?!,8,Neville Longbottom,neville longbottom,Are you bloody joking?!,anger
7128,7129,223,29,20,What?,8,Ginny Weasley,ginny weasley,What?,surprise
7129,7130,223,29,10,That was kind of exciting. Seamus grins and winks knowingly. Ginny shakes her head.,8,Neville Longbottom,neville longbottom,That was kind of exciting. Seamus grins and winks knowingly. Ginny shakes her head.,joy
7130,7131,223,29,20,Mad. The both of you.,8,Ginny Weasley,ginny weasley,Mad. The both of you.,anger
7134,7135,223,66,1,Ginny! Neville! You alright?,8,Harry Potter,harry potter,Ginny! Neville! You alright?,anger
7135,7136,223,66,10,"Never better! Feel like I could spit fire! Haven't seen Luna, have you?",8,Neville Longbottom,neville longbottom,"Never better! Feel like I could spit fire! Haven't seen Luna, have you?",anger
7137,7138,223,66,10,"I'm mad for her! Think it's about time I told her, seeing as there's a pretty good chance we'll both be dead by dawn!",8,Neville Longbottom,neville longbottom,"I'm mad for her! Think it's about time I told her, seeing as there's a pretty good chance we'll both be dead by dawn!",anger
7139,7140,223,66,2,Bloody hell. We/'ll never find him on this.,8,Ron Weasley,ron weasley,Bloody hell. We/'ll never find him on this.,anger
7141,7142,223,66,2,Brilliant.,8,Ron Weasley,ron weasley,Brilliant.,joy
7142,7143,223,66,3,He vanished. Just now. I saw it. Ron glances at MAP -- then:,8,Hermione Granger,hermione granger,He vanished. Just now. I saw it. Ron glances at MAP -- then:,surprise
7145,7146,223,66,3,Brilliant.,8,Hermione Granger,hermione granger,Brilliant.,joy
7146,7147,223,55,12,Take my hand.,8,Draco Malfoy,draco malfoy,Take my hand.,fear
7151,7152,223,55,1,What's wrong with the one you have?,8,Harry Potter,harry potter,What's wrong with the one you have?,anger
7153,7154,223,55,1,Why didn't you tell her?,8,Harry Potter,harry potter,Why didn't you tell her?,anger
7154,7155,223,55,1,Bellatrix. You knew it was me. But you didn't say anything.,8,Harry Potter,harry potter,Bellatrix. You knew it was me. But you didn't say anything.,anger
7157,7158,223,55,1,"Besides, its allegiance is to me now. If you want it, you'll have to win it back. Perhaps even kill me...",8,Harry Potter,harry potter,"Besides, its allegiance is to me now. If you want it, you'll have to win it back. Perhaps even kill me...",anger
7159,7160,223,55,99,Avada Kedavra!,8,Gregory Goyle,gregory goyle,Avada Kedavra!,joy
7160,7161,223,55,1,Expelliarmus!,8,Harry Potter,harry potter,Expelliarmus!,surprise
7161,7162,223,55,3,Did you see where it went? The diadem!,8,Hermione Granger,hermione granger,Did you see where it went? The diadem!,surprise
7163,7164,223,55,2,RUN! Goyle's set the bioody place on fire!,8,Ron Weasley,ron weasley,RUN! Goyle's set the bioody place on fire!,anger
7164,7165,223,55,1,Split up!,8,Harry Potter,harry potter,Split up!,anger
7165,7166,223,55,3,Do we climb!,8,Hermione Granger,hermione granger,Do we climb!,fear
7166,7167,223,55,1,"No, it''ll just follow us!",8,Harry Potter,harry potter,"No, it''ll just follow us!",anger
7167,7168,223,55,1,Here! Take one!,8,Harry Potter,harry potter,Here! Take one!,joy
7169,7170,223,55,3,C'mon! This way!,8,Hermione Granger,hermione granger,C'mon! This way!,joy
7171,7172,223,55,2,Brilliant.,8,Ron Weasley,ron weasley,Brilliant.,joy
7173,7174,223,55,2,You're bloody well welcome!,8,Ron Weasley,ron weasley,You're bloody well welcome!,joy
7177,7178,223,55,2,Where will he take her?,8,Ron Weasley,ron weasley,Where will he take her?,anger
7182,7183,224,24,9,Stop looking at her. She smells your fear. It agitates her. Be grateful she's just eaten.,8,Voldemort,voldemort,Stop looking at her. She smells your fear. It agitates her. Be grateful she's just eaten.,fear
7183,7184,224,24,23,"Forgive me, my Lord, but wouldn't it be more prudent to call off this battle and seek the boy yourself?",8,Lucius Malfoy,lucius malfoy,"Forgive me, my Lord, but wouldn't it be more prudent to call off this battle and seek the boy yourself?",anger
7184,7185,224,24,9,"I do not need to seek the boy! Before the night is out, he will come to me! Do you understand!",8,Voldemort,voldemort,"I do not need to seek the boy! Before the night is out, he will come to me! Do you understand!",fear
7186,7187,224,24,9,"How do you live with yourself, Lucius?  Go. Find Severus. Tell him I need to see him immediately.",8,Voldemort,voldemort,"How do you live with yourself, Lucius?  Go. Find Severus. Tell him I need to see him immediately.",fear
7188,7189,224,24,38,"There's more to me than incense and tea leaves, Mr. Finnegan.",8,Sybill Trelawney,sybill trelawney,"There's more to me than incense and tea leaves, Mr. Finnegan.",anger
7191,7192,224,24,9,Why doesn't it work for me?,8,Voldemort,voldemort,Why doesn't it work for me?,anger
7192,7193,224,24,6,"You have performed extraordinary magic with this wand, my Lord. In the last few hours alone --",8,Severus Snape,severus snape,"You have performed extraordinary magic with this wand, my Lord. In the last few hours alone --",surprise
7193,7194,224,24,9,No! I am extraordinary! But the wand resists me!,8,Voldemort,voldemort,No! I am extraordinary! But the wand resists me!,surprise
7195,7196,224,24,9,Does it?,8,Voldemort,voldemort,Does it?,surprise
7196,7197,224,24,6,My Lord?,8,Severus Snape,severus snape,My Lord?,surprise
7197,7198,224,24,9,The wand. Does it truly answer to me?,8,Voldemort,voldemort,The wand. Does it truly answer to me?,surprise
7201,7202,224,24,9,"The Elder Wand cannot serve me properly, Severus, because I am",8,Voldemort,voldemort,"The Elder Wand cannot serve me properly, Severus, because I am",sadness
7203,7204,224,24,6,My Lord --,8,Severus Snape,severus snape,My Lord --,surprise
7205,7206,224,24,9,But only I can live forever...,8,Voldemort,voldemort,But only I can live forever...,sadness
7207,7208,224,24,9,Nagini! Come!,8,Voldemort,voldemort,Nagini! Come!,joy
7209,7210,225,24,6,Take them!,8,Severus Snape,severus snape,Take them!,anger
7211,7212,225,24,1,Give me something! Quickly! A flask! Anything.,8,Harry Potter,harry potter,Give me something! Quickly! A flask! Anything.,surprise
7215,7216,225,24,9,You have fought valiantly... but in vain. I do not wish this. Every drop of magical bliood,8,Voldemort,voldemort,You have fought valiantly... but in vain. I do not wish this. Every drop of magical bliood,sadness
7217,7218,225,24,2,Never! Do you hear me! NEVER!,8,Ron Weasley,ron weasley,Never! Do you hear me! NEVER!,anger
7220,7221,225,48,32,Lily! Come out of there! Now!,8,Petunia Dursley,petunia dursley,Lily! Come out of there! Now!,joy
7225,7226,225,48,6,No! Don't kill me!,8,Severus Snape,severus snape,No! Don't kill me!,fear
7228,7229,225,48,4,Is this about the Prophecy?,8,Albus Dumbledore,albus dumbledore,Is this about the Prophecy?,surprise
7231,7232,225,48,6,Only what I heard. But now... he thinks it refers to her.,8,Severus Snape,severus snape,Only what I heard. But now... he thinks it refers to her.,surprise
7233,7234,225,48,6,Yes! But he thinks it's her son! He intends to hunt them down now! To kill them!,8,Severus Snape,severus snape,Yes! But he thinks it's her son! He intends to hunt them down now! To kill them!,anger
7237,7238,225,48,6,She's more than that! She's different! Beautiful. Kind.,8,Severus Snape,severus snape,She's more than that! She's different! Beautiful. Kind.,joy
7238,7239,225,48,4,"And should I do so, what will you give me in return, Severus?",8,Albus Dumbledore,albus dumbledore,"And should I do so, what will you give me in return, Severus?",fear
7240,7241,225,48,6,You said you would keep her safe!,8,Severus Snape,severus snape,You said you would keep her safe!,anger
7245,7246,225,48,4,The Dark Lord will return. And the boy will be in terrible danger when he does.,8,Albus Dumbledore,albus dumbledore,The Dark Lord will return. And the boy will be in terrible danger when he does.,fear
7246,7247,225,48,6,No one can know. Your word.,8,Severus Snape,severus snape,No one can know. Your word.,anger
7247,7248,225,48,4,"My word that I shall never reveal the best of you, Severus? If you insist.",8,Albus Dumbledore,albus dumbledore,"My word that I shall never reveal the best of you, Severus? If you insist.",anger
7251,7252,225,48,4,Perhaps. oOh. Severus.,8,Albus Dumbledore,albus dumbledore,Perhaps. oOh. Severus.,surprise
7252,7253,225,48,6,Why did you put it on? Surely you realized it carried a curse.,8,Severus Snape,severus snape,Why did you put it on? Surely you realized it carried a curse.,surprise
7253,7254,225,48,4,I was... foolish... greedy...,8,Albus Dumbledore,albus dumbledore,I was... foolish... greedy...,anger
7260,7261,225,48,4,"Do not ignore me, Severus. Was it not you who told me of Lord Voldemort's plan to have the Malfoy boy murder me?",8,Albus Dumbledore,albus dumbledore,"Do not ignore me, Severus. Was it not you who told me of Lord Voldemort's plan to have the Malfoy boy murder me?",fear
7261,7262,225,48,6,It is not expected that he will succeed.,8,Severus Snape,severus snape,It is not expected that he will succeed.,surprise
7263,7264,225,48,4,"Yes. You must be the one to kill me, Severus. It is the only way. Only then will the Dark Lord trust you completely.",8,Albus Dumbledore,albus dumbledore,"Yes. You must be the one to kill me, Severus. It is the only way. Only then will the Dark Lord trust you completely.",fear
7266,7267,225,48,6,Tell him what?,8,Severus Snape,severus snape,Tell him what?,anger
7269,7270,225,48,6,"So when the time comes, the boy must die.",8,Severus Snape,severus snape,"So when the time comes, the boy must die.",sadness
7272,7273,225,48,6,Expecto Patronum!,8,Severus Snape,severus snape,Expecto Patronum!,surprise
7273,7274,225,48,4,Lily. After all this time?,8,Albus Dumbledore,albus dumbledore,Lily. After all this time?,surprise
7277,7278,226,33,2,"We thought you'd gone to the forest, we thought you might be --",8,Ron Weasley,ron weasley,"We thought you'd gone to the forest, we thought you might be --",surprise
7279,7280,226,33,2,Are you mad! No!,8,Ron Weasley,ron weasley,Are you mad! No!,anger
7282,7283,226,33,3,"What is it, Harry? What is it you",8,Hermione Granger,hermione granger,"What is it, Harry? What is it you",surprise
7289,7290,226,35,131,I kept calling. No one came.,8,Gang thug,gang thug,I kept calling. No one came.,anger
7290,7291,226,35,20,Don't worry. I won't leave you. I promise.,8,Ginny Weasley,ginny weasley,Don't worry. I won't leave you. I promise.,fear
7291,7292,227,35,45,"You've been so brave, sweetheart.",8,Lily Potter,lily potter,"You've been so brave, sweetheart.",joy
7292,7293,227,35,1,Why are you here? All of you?,8,Harry Potter,harry potter,Why are you here? All of you?,surprise
7293,7294,227,35,45,"We never left, dear.",8,Lily Potter,lily potter,"We never left, dear.",sadness
7294,7295,227,35,1,Does it hurt? Dying?,8,Harry Potter,harry potter,Does it hurt? Dying?,sadness
7297,7298,227,35,42,"You're nearly there, son.",8,James Potter,james potter,"You're nearly there, son.",surprise
7298,7299,227,35,1,"I'm sorry. I didn't want any of you to die for me. And Remus, your son...",8,Harry Potter,harry potter,"I'm sorry. I didn't want any of you to die for me. And Remus, your son...",sadness
7302,7303,227,35,1,He won't be able to see you?,8,Harry Potter,harry potter,He won't be able to see you?,surprise
7307,7308,228,35,9,"I thought he would come. I was, it seems... mistaken.",8,Voldemort,voldemort,"I thought he would come. I was, it seems... mistaken.",fear
7310,7311,228,35,9,Harry Potter. The Boy Who Lived. Come to die. Nagini HISSES behind her protective guard of Death Eaters. Harry's gaze shifts to her when Voldemort raises,8,Voldemort,voldemort,Harry Potter. The Boy Who Lived. Come to die. Nagini HISSES behind her protective guard of Death Eaters. Harry's gaze shifts to her when Voldemort raises,sadness
7311,7312,229,71,4,You cannot help.,8,Albus Dumbledore,albus dumbledore,You cannot help.,sadness
7312,7313,229,71,4,"Harry. You wonderful boy. You brave, brave man. Let us walk.",8,Albus Dumbledore,albus dumbledore,"Harry. You wonderful boy. You brave, brave man. Let us walk.",joy
7315,7316,229,71,1,Then... I'm dead too?,8,Harry Potter,harry potter,Then... I'm dead too?,surprise
7316,7317,229,71,1,Not?,8,Harry Potter,harry potter,Not?,surprise
7318,7319,229,71,1,But I didn't defend myself. I let him kill me.,8,Harry Potter,harry potter,But I didn't defend myself. I let him kill me.,anger
7322,7323,229,71,1,And you knew this? That's why you were certain I wouldn't die?,8,Harry Potter,harry potter,And you knew this? That's why you were certain I wouldn't die?,anger
7324,7325,229,71,1,"Professor, is that -- ?",8,Harry Potter,harry potter,"Professor, is that -- ?",surprise
7328,7329,229,71,4,"King's Cross! Is that right? Well, this is, as they say, your party.",8,Albus Dumbledore,albus dumbledore,"King's Cross! Is that right? Well, this is, as they say, your party.",anger
7329,7330,229,71,1,"Sir, why didn't you just tell me about the Deathly Hallows?",8,Harry Potter,harry potter,"Sir, why didn't you just tell me about the Deathly Hallows?",surprise
7331,7332,229,71,4,"I feared that you would make the same mistake I made, that you would be intoxicated by the power the Hallows promise their possessor. But I crave your pardon, Harry. It's clear to me now, as it should have been all along, that you are the better man.",8,Albus Dumbledore,albus dumbledore,"I feared that you would make the same mistake I made, that you would be intoxicated by the power the Hallows promise their possessor. But I crave your pardon, Harry. It's clear to me now, as it should have been all along, that you are the better man.",fear
7338,7339,229,71,1,"I've got to go back, haven't I?",8,Harry Potter,harry potter,"I've got to go back, haven't I?",sadness
7356,7357,229,71,1,"Sir, my mother's Patronus. It was a doe, wasn't it? Just like Professor Snape's. Curious, don't you think?",8,Harry Potter,harry potter,"Sir, my mother's Patronus. It was a doe, wasn't it? Just like Professor Snape's. Curious, don't you think?",surprise
7357,7358,229,71,4,"Actually, if I think about it... it doesn't seem curious at all.",8,Albus Dumbledore,albus dumbledore,"Actually, if I think about it... it doesn't seem curious at all.",surprise
7359,7360,229,71,1,Is this real? Or has this been happening inside my head?,8,Harry Potter,harry potter,Is this real? Or has this been happening inside my head?,surprise
7361,7362,229,35,22,"My lord, let me help you --",8,Bellatrix Lestrange,bellatrix lestrange,"My lord, let me help you --",fear
7362,7363,229,35,9,I do not require assistance.,8,Voldemort,voldemort,I do not require assistance.,sadness
7363,7364,229,35,22,The boy. Is he dead?,8,Bellatrix Lestrange,bellatrix lestrange,The boy. Is he dead?,surprise
7365,7366,229,66,128,"Don't despair, Longbottom. I put you in Gryffindor for good reason...",8,Sorting Hat,sorting hat,"Don't despair, Longbottom. I put you in Gryffindor for good reason...",sadness
7366,7367,229,66,20,Who's that?,8,Ginny Weasley,ginny weasley,Who's that?,surprise
7367,7368,229,66,20,... Hagrid's carrying?,8,Ginny Weasley,ginny weasley,... Hagrid's carrying?,surprise
7368,7369,229,66,20,"Neville, who is that?",8,Ginny Weasley,ginny weasley,"Neville, who is that?",surprise
7369,7370,229,66,16,"What's going on here, Neville?",8,Arthur Weasley,arthur weasley,"What's going on here, Neville?",surprise
7371,7372,230,66,20,No... NO!,8,Ginny Weasley,ginny weasley,No... NO!,anger
7372,7373,230,66,9,Stupid girl. You cry for that?,8,Voldemort,voldemort,Stupid girl. You cry for that?,anger
7374,7375,230,66,9,So do not cry for that. He's not worthy of your tears. And do not despair of his betrayal. You were never in his heart. Not for one single solitary beat.,8,Voldemort,voldemort,So do not cry for that. He's not worthy of your tears. And do not despair of his betrayal. You were never in his heart. Not for one single solitary beat.,fear
7376,7377,230,66,9,"Did you not hear me! Harry Potter is dead! From this day forward, you put your faith in me or suffer the consequences. HARRY POTTER Is",8,Voldemort,voldemort,"Did you not hear me! Harry Potter is dead! From this day forward, you put your faith in me or suffer the consequences. HARRY POTTER Is",anger
7379,7380,230,66,23,"Draco, don't be stupid --",8,Lucius Malfoy,lucius malfoy,"Draco, don't be stupid --",anger
7389,7390,231,66,10,I'd like to say something.,8,Neville Longbottom,neville longbottom,I'd like to say something.,joy
7391,7392,231,66,10,It doesn't matter that Harry is gone. A troubled MURMUR ripples through the crowd.,8,Neville Longbottom,neville longbottom,It doesn't matter that Harry is gone. A troubled MURMUR ripples through the crowd.,sadness
7393,7394,231,66,12,Potter! Harry turns. Draco's hand whips forward and -- to Harry's shock -- tosses him his wand. Ron GRINS.,8,Draco Malfoy,draco malfoy,Potter! Harry turns. Draco's hand whips forward and -- to Harry's shock -- tosses him his wand. Ron GRINS.,surprise
7394,7395,231,66,2,"Well done, Malfoy!",8,Ron Weasley,ron weasley,"Well done, Malfoy!",joy
7395,7396,231,66,1,Confringo!,8,Harry Potter,harry potter,Confringo!,surprise
7396,7397,231,66,1,The snake! We've got to kill the snake!,8,Harry Potter,harry potter,The snake! We've got to kill the snake!,anger
7397,7398,231,66,10,Harry! Look out!,8,Neville Longbottom,neville longbottom,Harry! Look out!,joy
7398,7399,231,66,9,Nagini! With me!,8,Voldemort,voldemort,Nagini! With me!,joy
7399,7400,231,66,9,Leave her!,8,Voldemort,voldemort,Leave her!,anger
7400,7401,231,66,9,I said LEAVE HER!,8,Voldemort,voldemort,I said LEAVE HER!,anger
7402,7403,231,66,9,Die! Die,8,Voldemort,voldemort,Die! Die,anger
7403,7404,231,66,9,Why do you live!,8,Voldemort,voldemort,Why do you live!,surprise
7404,7405,232,66,1,Because I have something worth living for.,8,Harry Potter,harry potter,Because I have something worth living for.,joy
7405,7406,232,66,1,Confringo!,8,Harry Potter,harry potter,Confringo!,surprise
7407,7408,232,66,26,"Back off, boys! She's mine!  You will never touch my chiidren again!",8,Molly Weasley,molly weasley,"Back off, boys! She's mine!  You will never touch my chiidren again!",anger
7409,7410,232,66,2,Hermione!,8,Ron Weasley,ron weasley,Hermione!,surprise
7410,7411,232,66,3,Yes!,8,Hermione Granger,hermione granger,Yes!,anger
7411,7412,232,66,3,I don't want you to say anything you wouldn't say if we weren't about to be killed by a giant snake! It'll just ruin it!,8,Hermione Granger,hermione granger,I don't want you to say anything you wouldn't say if we weren't about to be killed by a giant snake! It'll just ruin it!,anger
7413,7414,233,66,1,When you told Professor Snape it was failing you. It will always fail you.,8,Harry Potter,harry potter,When you told Professor Snape it was failing you. It will always fail you.,fear
7414,7415,233,66,9,It belongs to me! I killed Snape!,8,Voldemort,voldemort,It belongs to me! I killed Snape!,anger
7416,7417,233,66,3,What's the matter with her?,8,Hermione Granger,hermione granger,What's the matter with her?,anger
7417,7418,233,66,38,"There's more to me than incense and tea leaves, Mr. Finnegan.",8,Sybill Trelawney,sybill trelawney,"There's more to me than incense and tea leaves, Mr. Finnegan.",anger
7418,7419,233,66,1,I told you: it's useless to you.,8,Harry Potter,harry potter,I told you: it's useless to you.,anger
7422,7423,233,66,3,Why didn't it work for him? The Elder wand.,8,Hermione Granger,hermione granger,Why didn't it work for him? The Elder wand.,surprise
7428,7429,233,66,3,We?,8,Hermione Granger,hermione granger,We?,surprise
7430,7431,234,71,1,Together?,8,Harry Potter,harry potter,Together?,surprise
7433,7434,234,71,1,"There's nothing scary about thestrals. They're gentle things. Anyway, you won't be going up to school in the carriages. You/'be going in the boats, remember?",8,Harry Potter,harry potter,"There's nothing scary about thestrals. They're gentle things. Anyway, you won't be going up to school in the carriages. You/'be going in the boats, remember?",fear
7434,7435,234,71,84,Dad?,8,Albus Potter,albus potter,Dad?,surprise
7435,7436,234,71,1,Yes?,8,Harry Potter,harry potter,Yes?,surprise
7436,7437,234,71,84,What if I'm put in Slytherin?,8,Albus Potter,albus potter,What if I'm put in Slytherin?,fear
7440,7441,234,71,84,Really?,8,Albus Potter,albus potter,Really?,surprise
7441,7442,234,71,1,Really.,8,Harry Potter,harry potter,Really.,surprise
