House,anticipation,disgust,fear,joy,sadness,surprise,trust
Gryffindor,0,0,0,0,0,0,0
Gryffindor,1,0,0,1,0,1,2
Gryffindor,0,0,1,0,0,0,0
Gryffindor,0,0,0,0,0,0,0
Gryffindor,0,0,0,0,0,0,0
Gryffindor,0,0,0,0,0,0,2
Gryffindor,0,0,0,0,0,0,1
Gryffindor,0,0,0,0,0,0,2
Gryffindor,0,0,0,0,0,0,0
Gryffindor,0,0,1,0,1,0,0
Gryffindor,0,0,0,0,0,0,0
Gryffindor,0,0,0,0,0,0,0
Gryffindor,1,1,0,1,0,0,0
Gryffindor,0,0,0,0,0,0,0
Gryffindor,0,0,0,0,0,0,0
Gryffindor,1,0,0,1,0,1,1
,0,0,0,0,0,0,0
,0,0,0,0,0,0,0
,1,0,0,1,0,1,0
,1,0,0,1,0,0,1
,0,0,0,0,0,0,0
Gryffindor,0,0,0,0,0,0,1
,1,0,0,2,0,0,1
,1,0,0,0,0,0,0
Gryffindor,0,0,0,0,0,0,0
,0,0,0,0,0,0,0
,0,0,0,0,0,0,0
,0,0,0,0,0,0,0
,0,0,0,0,0,0,0
,0,0,0,0,0,0,0
,0,0,0,0,0,0,0
,0,0,0,0,0,0,0
,1,0,0,1,1,1,1
,0,0,1,0,0,0,0
,0,0,0,0,0,0,0
,0,0,0,0,0,0,0
,0,0,0,0,0,0,0
Gryffindor,0,0,0,0,0,0,0
,0,0,0,0,0,0,0
Gryffindor,0,3,1,0,0,0,0
,0,1,1,0,0,0,0
,0,0,0,0,0,0,0
,0,0,0,0,0,0,0
Gryffindor,0,0,0,0,0,0,0
,0,0,0,0,0,0,0
,0,0,0,0,0,0,0
,0,0,0,0,0,0,0
,0,0,0,0,0,0,0
,0,0,0,1,0,0,1
,0,0,0,0,0,0,0
Gryffindor,0,0,0,0,0,0,0
,0,0,0,0,0,0,0
Gryffindor,0,0,0,0,0,0,1
,0,0,0,0,0,0,0
,0,0,0,0,0,0,0
,0,0,0,0,0,0,0
Gryffindor,0,0,0,0,0,0,1
,0,0,0,0,0,0,0
,0,0,0,0,0,0,0
,0,0,0,0,0,0,1
Gryffindor,0,0,0,0,0,0,0
,0,0,0,0,0,0,0
,0,0,0,0,0,0,0
,0,0,0,0,0,0,0
Gryffindor,0,0,0,0,0,0,0
,0,0,0,0,0,0,0
,1,0,0,0,0,0,0
,1,0,0,1,1,1,1
,0,0,0,0,0,0,0
,0,0,0,0,0,0,0
Gryffindor,0,0,0,0,0,0,0
,0,1,1,0,1,0,0
,0,0,0,0,0,0,0
,0,0,0,0,0,0,0
,0,0,0,0,0,0,0
,0,0,0,0,0,0,0
Gryffindor,0,0,0,0,0,0,0
,0,0,0,0,0,0,0
Gryffindor,0,0,0,0,0,0,0
,0,0,0,0,0,0,0
,0,0,0,0,0,0,0
Gryffindor,0,0,0,0,0,0,0
,0,0,0,0,0,0,0
Gryffindor,0,0,0,0,0,0,0
,0,0,0,0,1,1,0
Gryffindor,0,0,0,0,0,0,0
,0,0,0,0,0,0,0
Gryffindor,0,0,0,0,0,0,0
Gryffindor,0,0,0,0,0,0,0
Gryffindor,0,0,0,0,0,0,0
Gryffindor,1,0,0,1,0,1,0
Gryffindor,0,0,0,0,0,0,0
Gryffindor,0,0,0,0,0,0,0
Gryffindor,0,0,0,0,0,0,0
Gryffindor,0,0,1,0,0,0,0
Gryffindor,0,0,0,0,0,0,0
Gryffindor,0,0,0,0,0,0,0
Gryffindor,0,0,0,0,0,0,0
Gryffindor,1,0,1,1,0,1,1
Gryffindor,0,0,0,0,0,0,0
Gryffindor,0,1,0,0,0,0,1
Gryffindor,0,0,1,1,1,0,2
,0,0,0,0,0,0,0
Gryffindor,0,0,0,0,0,0,0
,3,1,1,3,1,0,4
Gryffindor,0,0,0,0,0,0,0
Gryffindor,0,0,2,0,2,1,0
,0,0,0,0,0,0,0
Gryffindor,0,0,0,0,0,0,0
,0,0,0,0,0,0,0
Gryffindor,0,0,0,0,0,0,0
Gryffindor,0,0,0,0,0,0,0
Gryffindor,0,0,1,0,1,0,1
,1,1,0,2,0,1,2
Gryffindor,0,1,0,0,1,1,0
,0,0,0,0,0,0,0
Gryffindor,0,0,0,0,0,0,0
Gryffindor,0,0,0,0,0,0,0
Gryffindor,0,0,0,0,0,0,0
Gryffindor,0,0,0,0,0,0,0
Gryffindor,0,0,0,0,0,0,0
Gryffindor,0,0,0,0,0,0,1
Gryffindor,0,0,0,0,0,0,0
Gryffindor,0,0,0,0,0,0,0
Gryffindor,0,0,0,0,0,0,0
Gryffindor,0,0,0,0,0,0,0
Gryffindor,0,0,0,0,0,0,0
,0,0,0,0,0,0,0
Gryffindor,1,0,0,1,1,1,2
,1,0,0,1,1,0,1
,0,0,0,0,0,0,0
,0,0,0,0,0,0,0
Ravenclaw,0,0,0,1,1,0,0
Gryffindor,1,0,1,0,1,0,2
Gryffindor,0,0,0,0,0,0,0
Ravenclaw,0,0,0,0,0,0,0
Gryffindor,0,0,0,0,0,0,0
Gryffindor,0,0,0,0,0,0,0
Gryffindor,0,0,0,0,0,0,0
Gryffindor,0,0,0,0,0,0,0
Gryffindor,0,0,0,0,0,0,0
,0,0,0,0,0,0,0
Gryffindor,1,0,0,1,0,0,1
Gryffindor,1,0,0,0,0,1,0
Gryffindor,0,0,0,0,0,0,0
Gryffindor,1,0,0,1,1,0,1
,0,0,0,0,1,0,0
Gryffindor,1,0,0,0,0,0,1
,0,0,0,0,0,0,0
,0,0,0,0,0,0,0
Gryffindor,0,0,1,0,1,1,0
,0,0,0,0,0,0,0
Gryffindor,0,0,0,0,0,0,0
Gryffindor,0,0,0,0,0,0,0
,0,0,0,0,0,0,0
Gryffindor,0,0,0,0,0,0,0
Gryffindor,0,0,0,0,0,0,0
Gryffindor,0,0,0,0,0,0,0
Gryffindor,0,0,0,0,0,0,0
Ravenclaw,1,0,0,1,1,0,2
Gryffindor,0,0,0,0,0,0,0
Ravenclaw,1,0,0,0,0,0,1
Gryffindor,0,0,0,0,0,0,0
Ravenclaw,1,0,0,0,0,1,1
Gryffindor,1,0,0,1,0,0,1
Gryffindor,0,0,0,0,0,0,0
Gryffindor,0,0,0,0,0,0,0
Gryffindor,0,0,0,0,0,0,0
Gryffindor,1,1,1,0,1,1,0
Gryffindor,0,0,0,0,0,0,0
Gryffindor,0,0,0,0,0,0,0
Gryffindor,0,0,0,0,0,0,0
Gryffindor,0,0,0,0,0,0,0
Gryffindor,0,0,1,0,4,0,0
Gryffindor,0,0,0,0,0,0,0
Gryffindor,0,2,2,0,2,0,0
Gryffindor,0,0,0,0,0,0,0
Gryffindor,0,1,0,0,0,0,0
Gryffindor,0,0,0,0,4,1,0
Gryffindor,0,0,0,0,0,0,0
,0,0,0,0,0,0,0
Gryffindor,0,0,0,0,0,0,0
,0,0,0,0,0,0,0
Gryffindor,0,0,0,0,0,0,0
,0,0,0,0,0,0,0
Gryffindor,0,0,0,0,0,0,0
Gryffindor,0,0,0,0,0,0,0
Gryffindor,0,0,0,0,0,0,0
Gryffindor,0,0,0,0,0,0,0
Gryffindor,0,0,0,0,0,0,0
Gryffindor,0,0,0,0,0,0,0
Gryffindor,0,0,0,0,0,0,0
Gryffindor,0,0,0,0,0,0,0
Gryffindor,0,0,0,0,0,0,0
Gryffindor,1,0,0,0,0,0,0
Gryffindor,1,0,0,1,0,1,1
Gryffindor,0,0,0,0,0,0,0
Gryffindor,0,0,0,0,0,0,0
Gryffindor,0,0,0,0,0,0,0
Gryffindor,0,0,0,0,1,0,0
Gryffindor,0,0,0,0,0,0,0
Gryffindor,0,0,0,0,0,0,0
Gryffindor,0,0,0,0,0,0,0
Gryffindor,0,0,0,0,0,0,0
Gryffindor,0,0,0,0,0,0,0
,0,0,0,0,0,0,0
Gryffindor,0,0,0,0,0,0,0
Gryffindor,0,0,0,0,0,0,0
Gryffindor,0,0,0,0,0,0,0
Gryffindor,0,0,0,0,0,0,0
Gryffindor,1,0,0,1,0,0,1
Gryffindor,1,0,0,1,0,0,2
Gryffindor,2,1,2,2,0,1,1
Gryffindor,0,0,0,0,0,0,0
Gryffindor,0,0,0,0,0,0,0
Gryffindor,0,0,0,0,0,0,0
Gryffindor,1,0,0,0,0,1,1
Gryffindor,0,0,0,0,0,0,0
Gryffindor,0,0,0,0,0,0,0
Gryffindor,0,0,0,0,0,0,0
Gryffindor,0,0,0,0,0,0,0
Gryffindor,0,1,0,0,1,0,0
Gryffindor,0,0,0,0,0,0,0
Gryffindor,0,0,0,0,0,0,0
Gryffindor,0,2,1,0,1,0,0
Gryffindor,0,0,0,0,1,0,1
Gryffindor,0,0,0,0,0,0,0
Gryffindor,1,0,1,0,0,1,1
Gryffindor,1,0,0,0,0,0,0
Gryffindor,0,0,0,0,0,0,0
Gryffindor,0,0,0,0,0,0,0
Gryffindor,0,0,0,0,0,0,0
Gryffindor,0,0,0,0,0,0,0
Gryffindor,0,0,0,0,0,0,0
Gryffindor,0,1,2,0,1,1,1
Gryffindor,0,0,0,0,0,0,0
Gryffindor,0,0,0,1,0,1,0
Slytherin,0,0,0,1,1,0,1
Gryffindor,0,0,0,0,0,0,0
Gryffindor,1,0,0,0,0,0,0
Gryffindor,0,0,0,0,0,0,0
Gryffindor,1,0,0,0,0,0,1
Gryffindor,1,1,2,0,3,0,0
Gryffindor,0,0,0,0,0,0,0
Gryffindor,0,0,0,0,0,0,0
Gryffindor,0,0,0,0,0,0,0
,0,0,0,0,0,0,0
Gryffindor,0,0,0,0,0,0,0
,0,0,0,0,0,0,0
Gryffindor,1,2,2,0,1,1,0
Gryffindor,0,0,0,0,0,0,0
Gryffindor,0,0,0,0,0,0,0
Gryffindor,0,0,0,0,0,0,0
Gryffindor,0,0,0,0,0,0,0
,0,0,0,0,0,0,0
Gryffindor,0,0,0,0,0,0,0
,0,0,0,0,0,0,0
Gryffindor,0,0,0,0,1,0,0
,1,1,1,0,2,1,0
Gryffindor,0,0,0,0,0,0,0
,0,0,1,0,1,0,1
Gryffindor,0,0,0,0,0,0,0
,0,0,0,0,0,0,0
Gryffindor,0,0,0,0,0,0,0
Gryffindor,0,0,0,0,0,0,0
Gryffindor,0,0,0,0,0,0,0
Gryffindor,0,0,0,0,0,0,0
Gryffindor,0,0,0,0,0,0,0
Gryffindor,0,1,2,1,1,1,1
Gryffindor,0,0,0,0,0,0,2
Gryffindor,0,0,0,0,0,0,1
Gryffindor,0,0,0,0,0,0,0
Gryffindor,0,0,0,0,1,0,0
Gryffindor,0,0,0,0,0,0,0
Gryffindor,0,0,0,0,0,0,0
Slytherin,0,0,0,0,0,0,0
,0,1,1,0,1,0,0
Gryffindor,0,0,0,0,0,0,1
Gryffindor,0,0,0,0,0,0,0
Gryffindor,0,0,0,0,0,0,0
Gryffindor,0,0,0,0,0,0,2
Gryffindor,0,0,0,0,0,0,0
Gryffindor,0,0,0,0,0,0,0
Gryffindor,0,0,0,0,0,0,0
Gryffindor,0,0,0,0,0,0,0
,0,0,0,0,0,0,0
Gryffindor,0,0,0,0,0,0,0
Gryffindor,0,0,0,0,0,0,0
Gryffindor,0,0,0,0,0,0,0
Gryffindor,0,0,0,0,0,0,0
Gryffindor,0,0,0,0,0,0,0
,0,0,0,0,0,0,0
,0,0,0,0,0,0,0
,0,0,0,0,0,0,0
,0,0,0,0,0,0,0
Gryffindor,0,0,0,0,0,0,0
,0,0,0,0,0,0,0
Gryffindor,0,0,0,0,0,0,0
Gryffindor,0,0,0,0,0,0,0
Gryffindor,0,1,1,0,1,0,0
Gryffindor,0,0,0,0,0,0,0
Gryffindor,0,0,0,0,0,0,0
Gryffindor,0,0,0,0,0,0,1
Slytherin,4,1,2,5,1,3,4
Gryffindor,0,0,0,0,0,0,0
Slytherin,0,0,0,0,0,0,0
Gryffindor,0,0,0,0,0,0,0
Slytherin,0,0,0,0,0,0,0
Gryffindor,0,0,0,0,1,0,0
Slytherin,0,1,0,2,0,0,1
Gryffindor,0,0,0,0,0,0,0
Gryffindor,0,0,0,0,0,0,0
Gryffindor,0,0,0,0,0,0,0
Gryffindor,0,0,0,0,0,0,0
Gryffindor,0,0,0,0,0,0,0
Gryffindor,0,0,0,0,0,0,0
Gryffindor,0,0,1,0,1,0,0
Gryffindor,0,0,1,0,1,0,0
Gryffindor,0,0,1,0,2,0,2
,1,0,0,1,0,1,1
,1,0,0,1,0,1,1
,3,0,1,2,0,2,2
,0,0,0,0,0,0,0
Gryffindor,0,0,0,0,0,0,0
Slytherin,0,0,0,0,0,0,0
,0,0,0,0,0,0,0
Gryffindor,0,0,0,0,0,0,0
Gryffindor,0,0,0,0,0,0,0
,0,0,0,0,0,0,0
Gryffindor,0,0,0,0,0,0,0
,0,0,0,0,0,0,0
,0,0,0,0,0,0,0
,0,0,0,0,0,0,0
,0,0,0,0,0,0,0
,0,0,0,0,0,0,0
Gryffindor,0,0,0,0,0,0,0
,0,0,0,0,0,0,0
Gryffindor,0,0,0,0,0,0,0
Gryffindor,0,0,0,0,0,0,0
Gryffindor,0,0,0,0,0,0,0
,0,0,0,0,0,0,0
Gryffindor,0,0,0,0,0,0,0
Gryffindor,0,0,0,0,0,0,0
,0,0,0,0,0,0,0
Gryffindor,0,0,0,0,0,0,0
,0,0,0,0,0,0,0
,0,0,0,0,0,0,0
Gryffindor,0,0,0,0,0,0,0
,1,0,2,1,2,1,3
Slytherin,0,2,0,0,3,0,0
Gryffindor,0,0,0,0,0,0,0
Slytherin,0,0,0,0,1,1,0
Gryffindor,0,0,0,0,0,0,0
Gryffindor,0,0,0,0,0,0,0
Slytherin,0,0,0,0,0,0,0
,1,0,0,1,0,1,1
,0,0,0,0,0,0,0
Gryffindor,0,0,0,0,1,0,0
Ravenclaw,0,0,0,0,0,0,0
Gryffindor,1,0,0,0,0,0,0
Ravenclaw,0,0,0,0,0,0,0
Gryffindor,0,0,0,0,0,0,1
Ravenclaw,0,1,1,0,0,0,0
Gryffindor,0,0,0,1,0,0,1
Gryffindor,0,0,0,0,1,0,0
Gryffindor,0,0,0,0,0,0,0
Gryffindor,0,0,0,0,0,0,0
Gryffindor,0,0,0,0,0,0,0
Gryffindor,0,0,0,0,0,0,0
Gryffindor,0,0,0,0,0,0,0
Gryffindor,0,0,0,0,0,1,0
Gryffindor,0,0,0,0,0,0,0
Gryffindor,0,0,0,0,0,0,0
Gryffindor,0,1,0,0,0,0,0
Gryffindor,0,1,0,0,0,0,0
Gryffindor,0,0,0,0,0,0,1
Gryffindor,0,0,0,0,0,0,0
Gryffindor,0,0,0,0,0,0,0
Gryffindor,0,0,0,0,0,0,0
Gryffindor,0,0,0,0,0,0,0
Gryffindor,0,0,0,0,0,0,0
Gryffindor,0,0,0,0,0,0,0
Gryffindor,0,0,0,0,0,0,0
Gryffindor,0,0,0,0,0,0,0
Gryffindor,0,0,0,0,0,0,0
Gryffindor,0,0,0,0,0,0,0
Gryffindor,0,0,0,0,0,0,0
Gryffindor,0,0,0,0,0,0,0
Gryffindor,0,0,0,0,0,0,0
Gryffindor,0,0,1,0,0,0,0
Gryffindor,0,0,0,0,0,0,0
Gryffindor,0,0,0,0,0,0,0
Gryffindor,0,0,0,0,0,0,0
Gryffindor,0,0,0,0,0,0,0
Gryffindor,0,0,0,0,0,0,0
,0,0,0,0,0,0,0
Gryffindor,0,0,0,0,0,0,0
Gryffindor,0,0,0,0,0,0,0
Gryffindor,0,0,0,0,0,0,0
Gryffindor,1,0,0,1,0,1,1
,0,0,0,0,0,0,0
Gryffindor,0,0,0,0,0,0,0
Gryffindor,0,0,0,0,0,0,0
Gryffindor,0,0,0,0,0,0,0
Gryffindor,0,0,0,0,0,0,0
Gryffindor,0,0,0,0,0,0,0
Gryffindor,0,0,0,0,0,0,0
Gryffindor,0,0,0,0,0,0,0
Gryffindor,1,0,0,0,0,0,0
Gryffindor,0,0,0,0,0,0,0
Gryffindor,0,0,0,0,0,0,0
Gryffindor,0,0,0,0,0,0,0
Gryffindor,1,1,2,0,2,0,0
Gryffindor,0,0,0,0,0,0,0
Gryffindor,0,1,1,0,1,0,0
Gryffindor,0,0,0,0,0,0,0
Gryffindor,0,0,0,0,0,3,0
Gryffindor,0,0,0,0,0,0,0
Ravenclaw,0,0,0,0,0,0,0
,0,0,0,0,0,0,0
Ravenclaw,0,0,0,0,0,0,0
Slytherin,0,0,0,0,0,0,0
Gryffindor,0,0,0,0,0,0,0
Gryffindor,0,0,0,0,0,0,0
Gryffindor,0,0,0,0,0,0,0
Gryffindor,0,0,0,0,0,0,0
Ravenclaw,0,0,0,0,0,0,0
Gryffindor,0,0,0,0,0,0,0
Ravenclaw,0,0,0,0,0,0,0
Ravenclaw,0,0,0,0,0,0,0
Gryffindor,0,0,0,0,0,0,0
Gryffindor,0,0,0,0,0,0,0
Gryffindor,0,0,0,0,0,0,0
Gryffindor,0,0,0,0,0,0,0
Gryffindor,0,0,0,0,0,0,0
Ravenclaw,1,0,0,0,0,0,0
Gryffindor,0,0,0,0,0,0,0
,0,0,0,0,0,0,0
,0,0,0,0,0,0,0
Gryffindor,0,0,0,0,0,0,0
Gryffindor,0,0,1,0,0,0,0
Gryffindor,0,0,0,0,0,0,0
Gryffindor,0,0,0,0,0,0,0
Gryffindor,0,0,0,0,0,0,0
Gryffindor,0,0,0,0,0,0,0
Gryffindor,0,0,0,0,0,0,0
Gryffindor,0,0,0,0,0,0,0
Gryffindor,0,0,0,0,0,0,0
Gryffindor,0,0,0,0,0,0,0
Gryffindor,0,0,0,0,0,0,0
Gryffindor,0,0,0,0,0,0,0
Gryffindor,0,0,0,0,0,0,0
Gryffindor,0,0,0,0,0,0,0
Gryffindor,0,0,0,0,0,0,0
Gryffindor,1,0,0,0,0,0,0
Gryffindor,0,0,0,0,0,0,0
Gryffindor,0,0,0,0,0,0,0
Gryffindor,0,0,0,0,0,0,0
Gryffindor,0,0,1,0,0,0,0
Gryffindor,0,0,0,0,0,0,0
Gryffindor,0,0,0,0,0,0,0
Gryffindor,0,0,0,0,0,0,0
Gryffindor,0,0,0,0,0,0,1
Gryffindor,0,0,0,0,0,0,0
Gryffindor,1,0,0,1,1,0,1
Gryffindor,3,0,1,1,0,1,3
Ravenclaw,0,0,0,0,0,0,0
Gryffindor,1,0,0,1,0,1,1
Gryffindor,0,0,0,1,0,0,1
Gryffindor,0,0,0,0,0,0,0
Gryffindor,0,0,0,0,0,0,0
Gryffindor,0,0,0,0,0,0,0
Gryffindor,0,0,0,0,0,0,1
Gryffindor,0,0,0,0,0,0,0
Slytherin,2,0,0,2,0,2,2
Gryffindor,0,0,0,0,0,0,0
Gryffindor,0,0,0,0,0,0,0
Gryffindor,0,0,1,0,0,1,0
Gryffindor,0,0,0,0,0,0,0
Gryffindor,0,0,0,0,0,0,0
Gryffindor,0,0,0,0,0,0,0
Gryffindor,0,0,0,0,0,0,0
Gryffindor,0,0,0,0,0,0,0
Gryffindor,0,0,0,0,0,0,0
Gryffindor,0,0,0,0,0,0,0
Gryffindor,0,0,0,0,0,0,0
Gryffindor,0,0,0,0,0,0,0
Gryffindor,0,0,0,0,0,0,0
Gryffindor,0,0,0,0,0,0,0
Gryffindor,0,0,0,0,0,0,0
Gryffindor,0,0,0,0,0,0,0
Gryffindor,0,0,0,0,0,0,0
Gryffindor,0,0,1,0,1,0,1
Gryffindor,0,0,0,0,0,0,0
Gryffindor,0,0,0,0,0,0,0
Gryffindor,0,0,0,0,0,0,0
,0,0,0,1,0,0,1
Gryffindor,0,0,0,0,0,0,0
Gryffindor,0,0,0,0,0,0,0
Gryffindor,0,0,0,0,0,0,0
Gryffindor,0,0,0,0,0,0,0
Gryffindor,0,0,0,0,0,0,0
Gryffindor,0,1,1,0,0,0,0
Gryffindor,0,0,0,0,0,0,0
Gryffindor,0,0,0,0,0,0,0
Gryffindor,0,0,0,0,0,0,0
Gryffindor,0,0,0,0,0,0,0
,0,0,0,0,0,0,0
Slytherin,0,0,0,0,0,0,0
Slytherin,0,0,0,0,0,0,0
Gryffindor,0,0,0,0,0,0,0
Gryffindor,0,0,0,0,0,0,0
Gryffindor,0,0,0,0,0,0,0
Gryffindor,0,0,0,0,0,0,0
Gryffindor,0,0,0,0,1,1,0
Gryffindor,0,0,0,0,0,0,0
Gryffindor,0,0,0,0,0,0,0
,0,0,0,0,0,0,0
Slytherin,0,0,0,0,0,0,0
Gryffindor,0,0,0,0,0,0,0
Gryffindor,0,0,0,0,0,0,0
Gryffindor,0,0,0,0,0,0,0
Gryffindor,0,0,0,0,1,0,0
,0,0,0,0,0,0,0
Slytherin,0,0,0,0,0,0,0
Gryffindor,0,0,0,0,0,0,0
Gryffindor,0,0,0,0,0,0,0
,0,0,0,0,0,0,0
Gryffindor,0,1,1,0,1,0,0
Gryffindor,0,0,0,0,0,0,0
Gryffindor,0,0,0,0,0,0,0
Gryffindor,0,0,0,0,0,0,0
Gryffindor,0,0,0,0,0,0,0
Gryffindor,0,0,1,0,0,0,1
Gryffindor,0,0,0,0,0,0,0
Gryffindor,1,0,0,0,0,0,1
Gryffindor,0,0,1,0,1,0,0
Gryffindor,0,0,0,0,0,0,1
Gryffindor,0,0,0,0,0,0,1
Gryffindor,0,0,0,0,0,0,0
Gryffindor,0,0,0,0,0,0,0
Gryffindor,0,0,0,0,0,0,0
Gryffindor,0,0,0,0,0,0,0
Gryffindor,0,0,0,0,0,0,0
Gryffindor,0,0,0,0,0,0,0
,0,0,0,4,0,0,0
Gryffindor,0,0,0,0,0,0,0
Gryffindor,0,0,0,0,0,0,0
Gryffindor,0,0,0,0,0,0,0
Gryffindor,0,0,0,0,0,0,0
Gryffindor,0,0,0,0,0,0,0
Gryffindor,0,0,1,0,0,0,1
Gryffindor,0,0,0,0,0,0,0
Gryffindor,0,0,0,0,0,0,0
Gryffindor,1,0,0,1,0,0,1
Gryffindor,0,1,1,0,1,0,0
Gryffindor,0,0,0,0,1,0,0
Gryffindor,1,0,0,1,0,0,1
Gryffindor,1,0,0,1,0,0,1
Gryffindor,0,0,1,0,0,0,0
Gryffindor,0,0,0,0,0,0,0
Gryffindor,0,0,0,0,0,0,0
Gryffindor,0,0,0,0,0,0,0
Gryffindor,1,1,1,0,0,0,1
Gryffindor,0,0,0,0,0,0,0
Gryffindor,0,0,0,1,0,0,1
Gryffindor,0,0,0,0,0,0,0
Gryffindor,0,0,0,0,0,0,0
Gryffindor,0,0,0,0,0,0,0
Gryffindor,0,0,0,0,0,0,0
Gryffindor,0,0,0,0,0,0,0
Gryffindor,0,0,0,0,0,0,0
Gryffindor,0,0,0,0,0,0,0
Gryffindor,0,0,1,0,0,0,0
,0,0,0,0,0,0,1
Ravenclaw,0,0,0,0,0,0,0
Slytherin,0,0,0,0,0,0,0
Ravenclaw,0,0,0,0,0,0,0
Slytherin,1,0,0,0,0,0,0
,0,0,0,1,0,0,1
Gryffindor,0,0,0,0,0,0,0
Gryffindor,0,0,0,0,0,0,0
Gryffindor,0,0,0,0,0,0,0
Gryffindor,0,0,0,0,0,0,0
Gryffindor,0,0,0,0,0,0,0
Gryffindor,0,0,0,0,0,0,0
Gryffindor,0,0,0,0,0,0,0
Gryffindor,0,1,1,0,1,0,0
Gryffindor,0,0,0,0,0,0,0
Gryffindor,0,0,0,0,0,0,0
Gryffindor,0,0,0,0,0,0,0
Gryffindor,0,0,0,0,0,0,0
Gryffindor,0,0,0,0,0,0,0
Gryffindor,0,0,0,0,0,0,0
Gryffindor,0,0,0,0,0,0,0
Gryffindor,0,0,0,0,0,0,1
Gryffindor,0,0,0,0,0,0,0
Gryffindor,1,1,0,0,0,0,0
Gryffindor,0,0,0,0,0,0,0
Gryffindor,1,0,0,0,0,0,0
Gryffindor,0,0,0,0,0,0,0
Gryffindor,0,0,0,0,0,0,1
Gryffindor,0,0,0,0,0,0,0
Gryffindor,1,0,0,0,0,0,0
Gryffindor,0,0,0,0,0,0,0
Gryffindor,0,0,0,1,0,0,1
Gryffindor,0,0,0,0,0,0,1
Gryffindor,0,0,0,0,0,0,0
Gryffindor,0,0,0,0,0,0,0
Gryffindor,1,0,0,0,0,0,0
Gryffindor,0,0,0,0,0,0,0
Gryffindor,0,0,0,0,0,0,0
Gryffindor,0,1,1,0,1,0,0
Gryffindor,0,0,0,0,0,0,0
Gryffindor,0,0,0,1,0,0,1
Gryffindor,1,0,0,0,1,1,0
Gryffindor,0,0,0,0,0,0,0
Gryffindor,0,0,1,0,0,0,0
Gryffindor,0,0,0,0,0,0,0
Gryffindor,0,0,0,0,0,0,0
Gryffindor,0,0,0,0,0,0,0
Gryffindor,0,0,0,0,0,0,0
Gryffindor,0,0,0,0,0,0,0
Gryffindor,0,0,0,0,0,0,0
Gryffindor,0,0,0,0,0,0,0
Gryffindor,0,0,0,0,0,0,0
Gryffindor,0,0,0,0,0,0,0
Gryffindor,0,0,0,0,0,0,0
Gryffindor,0,0,0,0,0,0,0
Gryffindor,0,0,0,0,0,0,0
Gryffindor,0,0,0,0,0,0,0
Gryffindor,1,0,0,1,0,0,0
Gryffindor,0,0,0,0,0,0,0
Gryffindor,0,0,0,1,0,0,0
Gryffindor,0,0,0,0,0,0,0
Gryffindor,0,0,0,0,0,0,0
Gryffindor,0,0,0,0,0,0,0
Gryffindor,0,0,0,0,0,0,0
Gryffindor,0,0,1,0,1,0,0
Gryffindor,0,0,0,0,0,0,0
Gryffindor,0,0,0,0,0,0,0
Gryffindor,0,0,1,0,1,0,1
Gryffindor,0,0,0,0,0,0,0
Gryffindor,0,0,0,0,0,0,0
Gryffindor,1,0,0,0,0,0,0
Gryffindor,0,0,0,0,0,0,0
Gryffindor,0,2,1,0,1,0,0
Gryffindor,0,0,0,0,0,0,0
Gryffindor,0,0,0,0,0,0,0
Gryffindor,0,0,0,0,0,0,0
Gryffindor,1,0,1,1,0,0,0
Gryffindor,0,0,0,0,0,0,0
Gryffindor,0,0,0,0,0,0,1
Gryffindor,1,0,0,1,0,0,1
Gryffindor,0,0,0,0,0,0,0
Gryffindor,0,0,0,0,0,0,0
Gryffindor,0,0,0,0,0,0,0
Gryffindor,0,0,0,0,0,0,0
Gryffindor,0,0,0,0,0,0,0
Gryffindor,1,0,0,0,0,0,0
Gryffindor,0,0,0,0,0,0,0
Gryffindor,0,0,0,0,0,0,0
Gryffindor,0,0,0,0,0,0,0
Gryffindor,1,0,0,1,0,1,1
Gryffindor,0,1,1,0,0,0,1
Gryffindor,0,0,0,0,0,0,0
Gryffindor,1,0,0,0,0,0,0
Slytherin,1,0,0,0,0,0,0
Gryffindor,0,0,0,0,1,0,2
,2,2,2,1,6,1,1
Gryffindor,0,0,0,0,0,0,0
Gryffindor,0,0,0,0,0,0,0
Gryffindor,0,0,0,0,0,0,0
,0,0,0,0,0,0,0
Slytherin,1,0,0,0,0,0,0
,0,0,0,0,0,0,0
Gryffindor,0,0,0,0,0,0,0
Gryffindor,0,0,0,0,0,0,0
Gryffindor,0,1,2,1,2,0,1
Gryffindor,0,0,0,0,0,0,0
Gryffindor,0,0,0,0,0,0,0
Slytherin,0,0,0,0,0,0,0
Gryffindor,0,1,1,0,1,0,0
Slytherin,1,0,0,0,0,0,1
Gryffindor,0,0,0,0,0,0,0
Slytherin,0,0,0,0,0,0,0
Gryffindor,0,0,0,0,0,0,0
Slytherin,0,0,0,0,0,0,0
,0,0,0,1,1,0,1
Gryffindor,0,0,0,0,0,0,0
,1,2,3,1,3,0,1
Gryffindor,0,0,0,0,0,0,0
,0,0,0,0,0,0,0
Gryffindor,0,0,0,0,0,0,0
,0,0,0,0,0,0,1
Gryffindor,0,0,0,0,0,0,0
Gryffindor,0,0,0,0,0,0,0
Gryffindor,1,0,0,1,0,1,0
,1,0,0,2,2,2,2
Gryffindor,0,0,0,0,0,0,0
Gryffindor,0,0,0,0,0,0,0
Gryffindor,0,0,1,0,1,0,0
Gryffindor,0,0,1,0,1,0,0
Gryffindor,1,0,1,0,1,0,0
Gryffindor,3,0,0,0,0,1,0
Gryffindor,0,0,0,1,0,0,1
Gryffindor,0,0,0,0,0,0,0
Gryffindor,0,0,0,0,0,0,0
Gryffindor,0,0,0,0,0,0,0
Gryffindor,0,0,0,0,0,0,0
Gryffindor,0,0,0,0,0,0,0
Gryffindor,0,0,0,0,0,0,0
Gryffindor,0,0,0,0,0,0,0
Gryffindor,0,0,3,0,0,0,0
Gryffindor,0,1,1,0,0,0,0
Gryffindor,0,0,0,0,0,0,0
Gryffindor,0,0,0,0,0,0,0
Gryffindor,0,1,0,0,1,0,0
Gryffindor,0,1,1,1,2,1,0
Gryffindor,0,0,0,0,0,0,0
Gryffindor,0,0,0,0,0,0,1
Gryffindor,2,0,2,1,0,1,2
Gryffindor,0,0,0,0,0,0,0
Gryffindor,0,0,0,0,0,0,0
Gryffindor,0,0,1,0,1,0,0
Gryffindor,0,0,0,1,0,0,2
Gryffindor,0,0,1,0,0,0,0
Gryffindor,0,0,0,0,0,0,0
Slytherin,2,0,0,2,0,2,1
Gryffindor,0,0,0,0,0,0,0
Slytherin,0,0,0,0,0,0,0
Gryffindor,0,0,0,0,0,0,0
Gryffindor,0,0,0,0,0,0,0
Gryffindor,0,0,0,0,0,0,0
Gryffindor,0,0,0,0,0,0,0
Gryffindor,1,0,1,0,0,0,1
Gryffindor,0,0,0,0,0,0,0
Gryffindor,0,0,1,0,0,0,0
Gryffindor,0,0,0,0,0,0,0
Gryffindor,0,0,0,0,0,0,0
Gryffindor,0,0,0,0,0,0,0
Gryffindor,0,0,0,0,0,0,0
Gryffindor,0,0,0,0,0,0,0
Gryffindor,0,0,0,0,0,0,0
Gryffindor,0,0,0,0,0,0,0
Gryffindor,0,0,0,0,0,0,0
Gryffindor,1,0,0,0,0,0,0
Gryffindor,0,0,0,0,0,0,0
Gryffindor,0,1,1,0,0,0,0
Gryffindor,0,0,0,0,0,0,0
Gryffindor,0,0,0,0,0,0,0
Gryffindor,0,1,1,0,1,0,0
Gryffindor,0,0,0,0,0,0,0
Gryffindor,0,0,0,0,0,0,0
Gryffindor,0,0,0,0,0,0,0
Gryffindor,0,0,0,1,0,1,0
Gryffindor,0,0,0,0,0,0,0
Gryffindor,0,0,1,0,1,0,0
Gryffindor,0,0,1,0,1,0,0
Gryffindor,0,0,0,0,0,0,0
Gryffindor,0,0,0,0,0,0,0
Gryffindor,0,0,0,0,0,0,0
Gryffindor,0,0,0,0,0,0,0
Gryffindor,0,0,0,0,0,0,0
Gryffindor,0,0,0,0,0,0,1
Gryffindor,0,0,0,0,0,0,0
Gryffindor,0,0,0,0,0,0,0
Gryffindor,0,0,0,0,0,0,0
Gryffindor,0,0,0,0,0,0,0
Gryffindor,0,0,0,0,0,0,0
Gryffindor,0,0,0,0,0,0,0
Gryffindor,0,0,0,0,0,0,0
Gryffindor,0,0,0,0,0,0,0
Gryffindor,0,0,0,0,0,0,0
Gryffindor,0,0,0,0,0,0,0
Gryffindor,0,0,0,0,0,0,0
Gryffindor,0,0,0,0,0,0,0
Gryffindor,0,1,2,0,1,0,0
Gryffindor,0,0,0,0,0,0,0
Gryffindor,0,0,0,0,0,0,0
Gryffindor,0,0,0,0,0,0,0
Gryffindor,0,0,0,0,0,0,0
Gryffindor,0,0,0,1,0,1,0
Gryffindor,0,0,0,1,0,1,0
Gryffindor,0,0,0,0,0,0,0
Gryffindor,0,0,0,0,0,0,0
Gryffindor,0,0,0,0,0,0,0
Gryffindor,0,0,0,0,0,0,0
Gryffindor,0,0,0,0,0,0,0
Gryffindor,0,0,0,0,0,0,0
Gryffindor,0,0,0,0,0,0,0
Gryffindor,0,0,0,0,0,0,0
Gryffindor,0,0,0,0,0,0,0
Gryffindor,0,0,1,0,1,0,0
Gryffindor,0,0,0,0,0,0,0
Gryffindor,0,0,0,0,0,0,0
Gryffindor,0,0,0,0,0,1,0
Gryffindor,0,0,0,0,0,0,0
Gryffindor,0,0,0,0,0,1,0
Gryffindor,1,0,0,0,0,0,0
Gryffindor,0,0,0,0,0,0,0
Gryffindor,0,0,0,0,0,0,0
Gryffindor,0,0,0,0,0,0,0
Gryffindor,0,0,0,0,0,0,0
Gryffindor,0,0,0,0,0,0,0
Gryffindor,0,0,0,0,0,0,0
Gryffindor,0,0,0,0,0,0,0
Gryffindor,1,0,0,1,0,0,1
Gryffindor,0,0,0,0,0,0,0
Gryffindor,0,0,0,0,0,0,0
Gryffindor,0,0,0,0,1,0,1
Gryffindor,1,0,0,0,0,0,0
Gryffindor,0,0,0,0,0,0,0
Gryffindor,0,0,0,0,0,0,0
Gryffindor,0,0,0,0,0,0,0
Gryffindor,0,0,0,0,0,0,0
Gryffindor,0,0,0,0,0,0,0
Gryffindor,0,0,0,0,0,0,0
Gryffindor,0,0,0,0,0,0,0
Gryffindor,0,0,0,0,0,0,0
Gryffindor,0,0,0,0,0,0,0
Gryffindor,0,0,0,0,0,0,0
Gryffindor,1,0,0,1,0,1,1
Gryffindor,0,0,0,0,0,0,1
Gryffindor,0,0,0,0,0,0,0
Ravenclaw,0,0,1,0,0,0,1
Gryffindor,0,0,1,0,1,0,0
Ravenclaw,0,0,3,0,2,0,1
Gryffindor,0,0,0,1,0,0,1
Ravenclaw,0,0,1,0,1,0,0
Gryffindor,0,0,1,0,0,0,0
Ravenclaw,0,0,0,0,0,0,0
Slytherin,0,0,0,0,0,0,0
Ravenclaw,0,0,0,0,0,0,0
Gryffindor,0,0,1,0,0,0,0
Slytherin,0,0,0,0,0,0,0
Ravenclaw,0,0,0,0,0,0,0
Slytherin,0,0,0,0,0,0,0
Ravenclaw,0,0,0,0,0,0,0
Slytherin,0,0,0,0,0,0,1
Slytherin,0,0,0,0,1,0,0
Gryffindor,0,0,0,0,0,0,0
Slytherin,0,0,0,0,0,0,0
Slytherin,1,2,2,0,2,1,0
Gryffindor,0,0,0,0,0,0,0
Slytherin,3,0,0,2,1,1,3
Gryffindor,0,0,0,0,0,0,0
Slytherin,0,0,1,0,1,0,0
Ravenclaw,0,0,0,0,0,0,0
Slytherin,0,0,0,0,0,0,0
Gryffindor,1,0,0,1,0,1,1
Gryffindor,0,0,0,0,0,0,0
Gryffindor,1,0,0,2,0,0,4
Gryffindor,0,0,0,0,0,0,0
Gryffindor,0,0,0,0,0,0,0
Gryffindor,0,0,0,0,0,0,0
Gryffindor,0,0,0,1,0,0,2
Gryffindor,0,0,0,0,0,0,0
Gryffindor,0,0,0,0,0,0,0
Gryffindor,0,0,0,0,0,0,0
Gryffindor,1,0,0,1,0,0,1
Gryffindor,0,0,0,0,0,0,0
Gryffindor,0,0,2,2,0,0,3
Gryffindor,0,0,0,0,0,0,0
Gryffindor,1,1,1,3,2,1,2
Gryffindor,0,0,0,0,0,0,0
Gryffindor,0,0,0,0,0,0,0
Gryffindor,0,0,0,0,0,0,0
Gryffindor,0,0,0,0,0,0,0
Gryffindor,1,0,1,3,2,1,2
Gryffindor,0,0,0,0,0,0,0
Gryffindor,3,0,1,3,0,3,3
Gryffindor,0,0,0,0,0,0,0
Gryffindor,0,0,0,0,0,0,0
Gryffindor,0,0,0,0,0,0,0
Gryffindor,2,0,0,0,0,0,0
Gryffindor,0,0,0,0,0,0,0
Gryffindor,0,0,0,0,0,0,0
Gryffindor,1,0,0,0,0,0,0
Gryffindor,0,0,0,0,0,0,0
Gryffindor,1,0,1,0,0,0,0
Gryffindor,0,0,0,0,0,0,0
Gryffindor,0,0,0,0,0,0,0
Gryffindor,0,0,0,0,0,0,0
Gryffindor,0,0,0,0,0,0,0
Gryffindor,0,0,0,0,0,0,0
,0,0,0,0,1,0,0
Gryffindor,0,0,0,0,0,0,0
,0,0,0,0,0,0,0
,0,1,2,0,1,0,0
Gryffindor,0,0,0,0,0,0,0
,0,0,0,0,0,0,1
Gryffindor,0,0,0,0,0,0,0
,0,0,0,0,0,0,0
,1,0,0,2,0,1,3
,0,0,0,0,0,0,0
,1,0,0,0,0,0,0
,0,0,0,0,0,0,0
,0,0,0,0,0,0,0
,0,0,0,0,0,0,0
,0,0,0,0,0,0,0
Gryffindor,0,0,0,0,0,0,0
,1,1,0,1,0,1,1
,0,0,0,0,0,0,0
,0,0,0,0,1,0,1
Gryffindor,0,0,0,0,0,0,0
,0,0,0,0,0,0,0
Gryffindor,1,1,1,0,0,0,0
,0,0,0,0,0,0,0
Gryffindor,0,0,0,0,0,0,0
,0,0,0,0,0,0,0
Gryffindor,0,1,0,0,0,0,0
,0,1,0,0,0,0,0
Gryffindor,0,0,0,0,0,0,0
,0,2,2,0,2,0,0
Gryffindor,0,0,0,0,0,0,0
,0,1,1,0,1,0,0
Gryffindor,0,0,0,0,0,0,0
,0,0,0,0,0,0,0
Gryffindor,0,0,0,0,0,0,0
,0,0,0,0,0,0,0
,0,2,2,0,2,0,0
Gryffindor,0,0,0,0,0,0,0
,0,1,2,0,1,0,0
Gryffindor,0,0,0,0,0,0,0
,2,1,3,0,4,2,3
Gryffindor,0,1,1,0,1,0,0
,0,0,0,0,0,0,0
Gryffindor,0,0,0,0,0,0,0
,0,0,0,0,0,0,0
Gryffindor,0,0,0,0,0,0,0
,0,1,1,0,1,0,0
,1,0,0,0,0,0,0
Gryffindor,0,0,0,0,0,0,0
,0,0,0,0,0,0,0
Gryffindor,0,0,0,0,0,0,0
,1,1,1,0,1,0,0
Gryffindor,0,0,0,0,0,0,0
,0,1,2,0,2,1,0
Gryffindor,0,0,0,0,0,0,0
,0,0,0,0,0,0,0
Gryffindor,0,0,0,0,0,0,1
,0,0,0,0,1,0,0
Gryffindor,1,0,0,0,0,1,1
,1,1,1,0,4,0,0
Gryffindor,0,0,0,0,0,0,0
,0,0,0,0,0,0,0
Gryffindor,0,0,0,0,0,0,0
Gryffindor,0,0,0,0,0,0,0
,0,0,0,0,1,0,0
Gryffindor,0,0,0,0,0,0,0
,0,0,0,0,1,0,0
,1,0,0,0,0,0,1
,0,0,0,0,0,0,0
,0,0,0,0,0,0,0
Gryffindor,0,0,0,0,0,0,0
Gryffindor,0,0,0,0,0,0,0
Gryffindor,0,0,0,0,0,0,0
,0,0,0,0,0,0,0
,0,0,0,0,0,0,0
,0,0,0,0,0,0,0
Gryffindor,0,0,0,0,0,0,0
,1,0,0,0,0,0,0
Gryffindor,0,0,0,0,0,0,0
Gryffindor,0,0,0,0,0,0,0
Gryffindor,1,0,0,0,0,0,0
,0,0,0,0,0,0,0
Gryffindor,0,0,0,0,0,0,0
Gryffindor,0,0,0,0,0,0,0
,0,0,0,0,0,0,0
Gryffindor,0,0,0,0,0,0,0
,0,1,1,0,1,0,0
Gryffindor,0,0,0,0,0,0,0
Gryffindor,0,0,0,0,0,0,0
Gryffindor,0,0,0,0,0,0,0
Gryffindor,0,0,0,0,0,0,0
,0,0,0,0,0,0,0
,0,0,0,0,0,0,0
,0,0,0,0,0,0,0
,0,0,0,0,0,0,0
,0,0,0,0,0,0,0
Gryffindor,0,0,0,0,0,0,0
Gryffindor,0,0,0,0,0,0,0
Gryffindor,0,0,1,0,0,0,0
Gryffindor,0,0,0,0,0,0,0
Gryffindor,1,0,0,1,0,0,1
Gryffindor,0,1,0,1,1,1,1
Gryffindor,0,0,0,0,0,0,0
Gryffindor,2,0,0,1,0,1,1
Gryffindor,0,0,0,0,0,0,0
Gryffindor,0,0,0,0,0,0,0
Gryffindor,0,0,0,0,0,0,0
Gryffindor,0,0,0,0,0,0,0
Gryffindor,0,0,0,0,0,0,0
Gryffindor,0,0,0,0,0,0,0
Gryffindor,0,0,0,0,0,0,0
Gryffindor,0,0,0,0,0,0,0
Gryffindor,0,0,0,0,0,0,0
Gryffindor,0,0,0,0,0,0,0
Gryffindor,0,0,0,0,0,0,0
Gryffindor,0,0,0,1,0,0,1
Gryffindor,0,0,0,0,0,0,0
Gryffindor,0,0,0,0,1,0,0
Gryffindor,1,0,0,1,0,1,1
Gryffindor,0,0,0,1,0,0,1
Gryffindor,0,0,0,0,0,0,0
Gryffindor,0,0,0,0,0,0,0
Gryffindor,0,0,0,0,0,0,0
Gryffindor,0,0,0,0,0,0,0
Gryffindor,0,0,0,0,0,0,0
Gryffindor,0,0,0,0,0,0,0
Gryffindor,0,0,0,0,0,0,0
Gryffindor,0,0,0,0,0,0,0
Gryffindor,0,0,0,0,0,0,0
Gryffindor,0,0,0,0,0,0,0
Gryffindor,0,0,0,0,0,0,0
Gryffindor,0,0,0,0,0,0,0
Gryffindor,0,0,0,0,0,0,0
Gryffindor,0,0,0,0,0,0,0
Gryffindor,0,0,0,0,0,0,0
Gryffindor,0,0,0,0,0,0,0
Gryffindor,0,0,0,0,0,0,0
Gryffindor,0,0,0,0,0,0,0
Gryffindor,0,0,0,0,0,0,0
Gryffindor,0,0,0,0,1,0,0
Gryffindor,0,0,0,0,0,0,0
Gryffindor,0,0,0,0,0,0,0
Gryffindor,0,0,0,0,0,0,0
Gryffindor,0,0,0,0,0,0,0
Gryffindor,0,0,0,0,0,0,0
Gryffindor,1,0,0,0,0,0,0
,0,0,0,0,0,0,0
,0,0,0,0,1,0,0
Gryffindor,0,0,0,0,0,0,0
,0,0,0,0,0,0,0
Gryffindor,0,0,0,0,0,0,0
Gryffindor,0,0,0,0,0,0,0
Gryffindor,0,0,0,0,0,0,0
Gryffindor,0,0,0,0,0,0,0
Gryffindor,0,0,0,0,0,0,0
Gryffindor,0,0,0,0,0,0,0
Gryffindor,0,1,0,0,0,0,1
Gryffindor,0,0,0,0,0,0,0
Gryffindor,0,0,0,0,0,0,0
Gryffindor,1,0,0,1,0,1,1
Gryffindor,0,0,0,0,0,0,0
Gryffindor,0,0,0,0,0,0,0
Gryffindor,0,0,0,0,0,0,0
Gryffindor,0,0,0,0,1,1,0
Gryffindor,0,0,0,0,0,0,0
Gryffindor,0,0,0,0,0,0,0
Gryffindor,0,0,0,0,0,0,0
,0,0,0,0,2,0,0
Gryffindor,0,0,0,0,0,0,0
,0,0,0,0,0,0,0
Gryffindor,0,0,0,0,0,0,0
Gryffindor,0,0,1,0,0,0,0
,1,0,0,0,0,0,0
Ravenclaw,0,0,0,0,1,0,0
,0,0,0,0,1,0,0
Ravenclaw,5,0,0,3,1,2,1
Gryffindor,1,0,0,0,0,0,0
Slytherin,0,0,0,0,1,0,0
Gryffindor,0,0,0,0,1,1,0
Slytherin,0,0,0,0,0,0,0
Slytherin,1,1,1,0,1,1,0
Gryffindor,0,0,0,0,0,0,0
Slytherin,0,0,0,0,0,0,0
Gryffindor,0,0,2,0,0,0,0
Slytherin,0,0,0,0,0,0,0
Gryffindor,0,1,1,0,1,0,0
Slytherin,0,0,0,0,0,0,0
Gryffindor,0,0,0,0,0,0,0
Slytherin,4,1,0,2,1,2,2
Gryffindor,0,0,0,0,0,0,0
Slytherin,1,0,0,0,0,0,0
Slytherin,0,0,0,0,0,0,0
Gryffindor,0,0,0,0,0,0,0
Gryffindor,0,0,0,0,0,0,0
Gryffindor,0,0,0,0,0,0,0
Gryffindor,0,0,0,0,0,0,0
Gryffindor,0,0,0,0,0,0,0
Gryffindor,0,0,0,0,0,0,0
Gryffindor,0,0,0,0,0,0,0
Gryffindor,0,0,0,0,0,0,0
Gryffindor,0,0,0,0,0,0,0
,0,0,0,0,0,0,0
Gryffindor,0,0,0,0,1,0,0
Gryffindor,0,0,0,0,0,0,0
Gryffindor,0,0,0,0,0,0,0
Gryffindor,0,0,1,0,0,0,0
Gryffindor,1,0,0,0,0,0,0
Gryffindor,0,0,0,0,0,0,0
Gryffindor,0,0,1,0,0,0,0
Gryffindor,0,0,0,0,0,0,0
Gryffindor,0,0,0,0,0,0,0
Gryffindor,0,0,0,0,0,0,0
Gryffindor,0,0,0,0,0,0,0
Gryffindor,0,0,0,0,0,1,0
Gryffindor,0,0,0,0,0,0,0
Gryffindor,0,0,0,0,0,0,0
Gryffindor,0,0,0,0,0,0,0
Gryffindor,0,0,0,0,0,0,0
Gryffindor,0,0,0,0,0,0,0
Gryffindor,0,0,0,0,0,0,0
Gryffindor,0,0,0,0,0,0,0
Gryffindor,0,0,0,0,0,0,0
Gryffindor,0,0,0,0,0,0,0
Gryffindor,0,0,0,1,0,0,1
Gryffindor,0,0,0,0,0,0,0
Gryffindor,0,0,0,0,0,0,0
Gryffindor,0,0,0,0,0,0,0
Gryffindor,0,0,0,0,0,0,0
Gryffindor,0,0,0,0,0,0,0
Gryffindor,0,0,0,0,0,0,0
Gryffindor,0,0,0,0,0,0,0
Gryffindor,0,0,0,0,0,0,0
Gryffindor,0,0,0,1,0,0,0
Gryffindor,0,0,0,0,0,0,0
Gryffindor,0,0,0,0,0,0,0
,0,0,0,0,0,0,0
Gryffindor,0,0,0,0,0,0,0
Gryffindor,0,0,0,0,0,0,0
Gryffindor,0,0,0,0,0,0,0
Gryffindor,0,0,0,0,0,0,0
Gryffindor,0,0,0,0,0,0,0
Gryffindor,0,0,0,0,0,0,0
Gryffindor,0,0,0,0,0,0,0
Gryffindor,0,0,0,0,0,0,0
Gryffindor,0,0,1,0,1,0,0
Gryffindor,1,2,1,1,0,1,1
,1,0,0,1,0,1,1
Slytherin,0,1,0,0,1,0,0
Gryffindor,0,1,0,0,1,0,1
Slytherin,1,0,0,0,0,0,1
Gryffindor,0,0,0,0,0,0,0
Gryffindor,0,0,0,0,0,0,2
Slytherin,0,0,1,0,1,0,0
Gryffindor,0,0,0,0,0,0,1
Gryffindor,0,0,0,0,0,0,0
Gryffindor,0,0,0,0,0,0,0
Gryffindor,0,1,1,0,1,0,0
Gryffindor,0,0,1,0,1,0,0
Hufflepuff,1,0,0,1,0,1,1
,1,0,0,1,0,1,2
Hufflepuff,0,0,0,0,0,0,0
Gryffindor,0,0,1,0,2,0,0
Hufflepuff,1,0,2,0,1,0,0
,0,0,0,0,0,0,0
Hufflepuff,0,1,0,0,0,0,0
Gryffindor,0,0,0,0,0,0,0
Hufflepuff,0,0,0,0,0,0,0
Gryffindor,0,0,0,0,0,0,0
Hufflepuff,0,0,0,0,1,1,0
,0,0,0,0,0,0,0
Gryffindor,0,0,0,0,0,0,0
Gryffindor,0,0,0,0,0,0,1
Gryffindor,0,0,0,0,0,0,0
Gryffindor,0,0,0,0,0,0,0
Gryffindor,0,0,0,0,0,0,0
Gryffindor,0,0,0,0,0,0,0
Gryffindor,0,0,0,0,0,0,0
,0,0,0,0,0,0,0
Gryffindor,0,1,1,0,1,0,0
Gryffindor,0,0,0,0,0,0,0
Gryffindor,0,0,0,0,0,0,0
,2,0,1,0,1,0,2
Ravenclaw,3,2,6,2,3,1,1
Gryffindor,0,0,0,0,0,0,0
Ravenclaw,0,0,0,0,0,0,0
Gryffindor,0,0,0,0,0,0,0
Ravenclaw,0,1,1,1,0,1,0
,0,0,0,0,0,0,0
Gryffindor,0,0,0,0,0,0,0
Gryffindor,0,0,0,0,0,0,0
Gryffindor,0,0,0,0,0,0,0
Gryffindor,0,0,0,0,0,0,0
Ravenclaw,0,0,0,0,0,0,0
,0,0,0,0,0,0,0
,0,0,0,0,0,0,0
,0,0,0,0,0,0,0
Ravenclaw,0,0,0,0,0,0,0
Gryffindor,0,0,0,0,0,0,0
Gryffindor,0,0,0,0,0,0,0
Gryffindor,0,0,0,0,0,0,0
Gryffindor,0,0,0,0,0,0,0
Slytherin,0,0,0,0,0,0,0
Gryffindor,0,0,0,0,0,0,0
Slytherin,0,0,0,0,0,0,0
Gryffindor,0,1,0,0,0,0,0
Gryffindor,1,1,1,0,1,0,3
Gryffindor,0,0,0,0,0,0,0
Slytherin,0,0,0,0,0,0,0
Gryffindor,0,0,0,0,0,0,0
Slytherin,1,0,0,1,0,1,0
Slytherin,0,0,0,0,0,0,1
Gryffindor,0,0,0,0,0,0,1
Slytherin,0,1,0,0,0,0,0
Gryffindor,1,0,0,1,0,0,1
,0,0,0,0,0,0,0
Slytherin,0,0,0,0,0,0,0
Gryffindor,0,0,0,0,0,0,0
,0,0,0,0,0,0,0
Gryffindor,0,0,0,0,0,0,0
Gryffindor,0,0,0,0,0,0,0
Gryffindor,0,0,0,0,0,0,0
,0,0,0,0,0,0,0
Slytherin,0,0,0,0,0,0,0
Gryffindor,1,0,0,0,0,0,1
Gryffindor,0,0,0,0,0,0,0
Gryffindor,0,0,0,0,0,0,0
Gryffindor,0,0,0,0,0,0,0
Gryffindor,0,0,0,0,0,0,0
Gryffindor,0,0,0,0,0,0,0
Gryffindor,0,0,0,0,0,0,0
Gryffindor,0,2,1,1,0,0,1
Gryffindor,0,0,0,0,0,0,0
Gryffindor,0,0,0,0,0,0,0
Gryffindor,0,0,0,0,0,0,0
Gryffindor,2,1,0,1,0,1,1
Ravenclaw,0,0,0,0,2,0,1
Gryffindor,0,0,0,0,0,0,0
Ravenclaw,2,2,0,2,0,2,2
,0,0,0,0,0,0,0
Gryffindor,0,0,0,0,0,0,0
Ravenclaw,0,0,0,0,0,0,0
Gryffindor,0,0,0,0,0,0,0
Ravenclaw,0,0,0,0,0,0,0
Gryffindor,0,0,0,0,0,0,0
Ravenclaw,1,0,0,0,0,0,0
Gryffindor,0,0,0,0,0,0,0
,0,1,1,0,1,0,0
Gryffindor,0,0,0,0,0,0,0
Gryffindor,0,0,0,0,0,0,0
Gryffindor,0,0,0,0,0,0,0
Gryffindor,0,0,0,0,0,0,0
Gryffindor,0,0,0,0,0,0,0
Gryffindor,0,0,0,0,0,0,0
,0,0,0,0,0,0,0
Gryffindor,0,0,0,0,0,0,0
Gryffindor,0,0,0,0,0,0,0
Gryffindor,0,0,0,0,0,0,0
Gryffindor,0,0,0,0,0,0,0
Gryffindor,0,0,0,0,0,0,0
Gryffindor,0,0,0,0,0,0,0
Gryffindor,0,0,0,0,0,0,0
,0,0,0,0,0,0,0
,0,0,0,0,0,0,0
Slytherin,0,0,0,0,0,0,0
,0,0,0,0,0,0,0
Gryffindor,0,0,0,0,0,0,0
,0,0,2,0,2,0,0
Gryffindor,0,0,0,0,0,0,0
,0,0,0,0,0,0,0
Gryffindor,0,0,0,0,0,0,0
Ravenclaw,1,2,2,0,2,0,0
Gryffindor,0,0,0,0,0,0,0
,0,0,0,0,0,0,0
Gryffindor,0,0,0,1,0,0,1
,0,0,0,0,0,0,0
Slytherin,0,0,0,0,0,0,0
Ravenclaw,0,0,1,0,1,0,0
Gryffindor,0,0,0,1,0,0,1
Slytherin,0,0,0,0,0,0,0
Gryffindor,0,0,0,1,0,0,1
Gryffindor,0,0,0,0,0,0,2
,0,0,0,0,0,0,0
Gryffindor,2,0,1,0,0,0,1
Gryffindor,0,0,0,0,0,0,0
Gryffindor,0,0,0,0,0,0,0
Gryffindor,0,0,0,0,0,0,0
Gryffindor,0,0,0,0,0,0,0
Gryffindor,0,0,0,0,0,0,0
Gryffindor,1,0,1,1,0,1,1
,0,0,0,0,0,0,0
Gryffindor,0,0,0,0,0,0,0
Gryffindor,0,0,0,0,0,0,0
,0,0,0,0,0,0,0
Gryffindor,0,0,0,0,0,0,0
Gryffindor,0,0,0,0,0,0,0
Gryffindor,0,0,0,0,0,0,0
Gryffindor,0,0,0,0,0,0,0
Gryffindor,3,2,2,2,3,3,3
Gryffindor,0,0,0,0,0,0,0
Gryffindor,0,0,0,0,0,0,1
Gryffindor,0,0,0,0,0,0,0
Gryffindor,0,0,0,0,0,0,0
Gryffindor,0,0,0,0,0,0,0
Gryffindor,0,0,0,0,0,0,0
Gryffindor,0,0,0,0,0,0,0
Gryffindor,0,0,0,0,0,0,0
Gryffindor,0,0,0,0,0,0,0
Gryffindor,0,0,0,0,0,0,0
Gryffindor,0,0,0,0,0,0,0
Gryffindor,0,0,0,0,0,0,0
Gryffindor,0,0,0,0,0,0,0
Gryffindor,0,0,0,0,0,1,0
Gryffindor,0,0,0,0,0,0,1
Gryffindor,0,0,0,0,0,0,0
Gryffindor,0,0,0,0,1,0,0
Gryffindor,0,0,0,0,0,0,0
Gryffindor,0,0,0,0,0,0,0
Gryffindor,0,0,0,0,0,0,0
Gryffindor,1,0,0,0,0,0,0
Gryffindor,0,0,0,0,0,0,0
Gryffindor,0,0,1,0,0,0,1
Gryffindor,1,0,0,0,0,0,0
,0,0,0,0,0,0,0
Gryffindor,0,0,0,0,0,0,0
Slytherin,0,0,0,0,0,0,0
Slytherin,0,0,0,0,0,0,0
Gryffindor,1,0,1,0,0,0,0
Gryffindor,0,0,0,0,0,0,0
Gryffindor,0,1,0,0,0,0,0
Gryffindor,0,0,0,0,0,0,0
Gryffindor,0,0,0,0,0,0,0
Slytherin,0,0,0,0,0,0,0
Slytherin,0,0,0,0,0,1,0
Gryffindor,0,0,0,0,0,0,0
Gryffindor,0,0,0,0,1,0,0
Gryffindor,0,0,0,0,0,0,0
Gryffindor,0,0,0,0,0,0,0
Gryffindor,0,0,0,0,0,0,0
Gryffindor,0,0,0,0,0,0,0
Ravenclaw,0,0,0,0,0,0,0
Gryffindor,0,0,0,0,0,0,0
Ravenclaw,0,1,1,0,1,0,0
,0,0,0,0,0,0,0
Ravenclaw,0,0,0,0,0,0,0
,0,0,0,0,0,0,0
Ravenclaw,0,0,0,0,0,0,0
Gryffindor,0,0,0,0,0,0,0
,0,0,0,0,0,0,0
Ravenclaw,0,0,0,0,0,0,0
Slytherin,0,0,0,0,0,0,0
,0,0,0,0,0,0,0
Gryffindor,0,0,0,0,0,0,0
,0,1,1,0,1,0,0
Gryffindor,0,0,0,0,0,0,0
,0,0,0,0,0,0,0
Gryffindor,0,0,0,0,0,0,0
,1,0,1,0,1,0,0
,0,0,0,0,0,0,0
Gryffindor,0,0,0,0,0,0,0
,0,0,0,0,2,0,0
Gryffindor,0,0,0,0,0,0,0
,0,0,0,0,0,0,0
Gryffindor,0,0,0,0,0,0,0
,1,0,0,0,2,0,0
Gryffindor,0,0,0,0,0,0,0
,0,0,0,0,0,0,1
Gryffindor,0,1,1,0,1,1,0
,1,1,1,0,1,1,0
Gryffindor,0,0,1,0,1,0,0
,0,0,2,0,3,0,0
Gryffindor,0,0,0,0,0,0,1
,1,1,1,0,2,0,0
Gryffindor,0,0,0,0,0,0,0
,0,1,1,0,1,0,0
Gryffindor,1,0,0,0,0,0,0
,0,0,0,0,1,0,0
Gryffindor,0,0,0,0,0,0,0
,0,0,0,0,0,0,0
Gryffindor,0,0,0,0,0,0,0
Gryffindor,0,0,0,0,0,0,0
Gryffindor,0,0,0,0,0,0,0
Gryffindor,0,0,0,0,0,0,0
Gryffindor,0,0,0,0,0,0,0
Gryffindor,0,0,0,0,0,0,0
Gryffindor,0,0,0,0,0,0,0
Gryffindor,0,0,0,0,0,0,2
Gryffindor,1,0,0,0,0,0,0
Gryffindor,0,0,0,1,0,0,1
Gryffindor,0,0,0,0,0,0,0
Gryffindor,0,0,0,0,0,0,0
Gryffindor,0,0,0,0,0,0,0
Gryffindor,0,0,0,0,0,0,0
Gryffindor,0,0,0,0,0,0,0
Gryffindor,0,0,0,0,0,0,0
Ravenclaw,1,0,0,0,0,1,1
Gryffindor,0,0,0,0,0,0,0
Ravenclaw,1,0,2,0,2,0,3
Slytherin,0,0,0,0,0,0,0
Ravenclaw,0,0,0,0,0,0,0
Gryffindor,0,0,0,0,0,0,0
Gryffindor,0,0,0,0,0,0,0
Ravenclaw,1,0,0,2,0,0,4
Slytherin,0,1,1,1,1,1,2
Ravenclaw,1,0,1,2,0,0,3
Slytherin,0,0,2,0,2,1,2
Ravenclaw,1,0,0,1,0,1,1
Gryffindor,0,0,0,0,0,0,0
Ravenclaw,0,0,0,0,0,0,0
Slytherin,0,0,0,0,0,0,0
Gryffindor,0,0,0,0,0,0,0
Ravenclaw,0,0,0,0,0,0,1
Slytherin,0,0,0,0,0,0,0
Gryffindor,0,0,0,0,0,0,0
Slytherin,0,0,0,0,0,0,0
Gryffindor,0,0,0,0,0,0,0
Ravenclaw,0,0,0,0,0,0,0
Slytherin,0,0,0,0,0,0,0
Slytherin,0,0,0,0,0,0,0
Ravenclaw,0,0,0,0,0,0,1
Gryffindor,0,0,0,0,0,0,0
Slytherin,0,0,0,0,0,0,0
Hufflepuff,0,0,0,0,0,0,0
Gryffindor,0,0,0,0,0,0,0
Gryffindor,0,0,0,0,0,0,0
Gryffindor,0,0,0,0,0,0,0
Gryffindor,0,0,0,0,0,1,0
Gryffindor,0,0,0,0,0,0,0
Gryffindor,0,1,2,0,0,0,0
Gryffindor,0,0,0,0,0,0,0
Gryffindor,0,0,0,0,0,0,0
Gryffindor,0,1,1,0,0,0,0
Gryffindor,0,0,0,0,0,0,0
Gryffindor,0,1,1,0,0,0,0
Gryffindor,0,0,0,0,0,0,0
Gryffindor,0,0,0,0,0,0,0
Gryffindor,0,0,0,0,0,0,0
Gryffindor,0,0,0,0,0,0,0
,1,0,2,0,2,0,0
,0,0,0,0,0,0,0
Gryffindor,0,0,0,0,0,0,0
Gryffindor,0,0,0,0,0,0,0
Gryffindor,0,0,0,0,0,0,2
Gryffindor,0,0,0,0,0,0,0
Gryffindor,0,0,0,0,0,0,1
Gryffindor,0,0,0,0,0,0,1
,0,0,1,0,0,0,0
Gryffindor,0,0,0,0,0,0,0
,0,0,1,0,0,0,0
Gryffindor,0,0,0,0,0,0,0
,0,0,0,0,0,0,0
Gryffindor,0,0,0,0,0,0,0
Gryffindor,0,0,0,0,0,0,0
Gryffindor,2,1,1,0,2,0,0
Gryffindor,1,0,0,1,0,0,1
Gryffindor,0,0,0,0,0,0,2
Gryffindor,0,0,0,0,0,0,0
Gryffindor,1,0,0,1,0,0,3
Gryffindor,0,0,0,0,1,0,0
Gryffindor,1,0,0,0,0,0,0
Gryffindor,0,0,0,0,0,0,0
Gryffindor,0,0,0,0,0,0,0
Gryffindor,0,0,0,0,0,0,0
Gryffindor,0,0,0,0,0,0,0
Gryffindor,0,0,0,0,0,0,0
Gryffindor,0,0,0,0,0,0,0
Gryffindor,0,0,0,0,0,0,0
Gryffindor,0,0,0,0,0,0,1
Gryffindor,0,0,0,0,0,0,0
Gryffindor,0,0,1,0,0,0,0
Gryffindor,0,0,0,0,0,0,0
Gryffindor,0,0,0,0,0,0,0
Gryffindor,0,0,0,0,0,0,0
Gryffindor,0,0,0,0,0,0,0
Gryffindor,0,0,0,0,0,0,0
Gryffindor,0,0,0,0,0,0,0
Slytherin,1,0,0,1,0,1,1
Slytherin,0,0,0,0,0,0,0
Slytherin,0,0,0,0,0,0,0
Gryffindor,0,0,0,0,0,0,0
Gryffindor,0,0,0,0,0,0,0
Gryffindor,0,0,1,0,0,0,0
Gryffindor,0,0,0,0,0,0,0
Gryffindor,0,0,0,0,0,0,0
Gryffindor,0,0,0,0,0,0,0
Gryffindor,0,0,0,0,0,0,0
Gryffindor,0,0,0,0,0,0,0
Gryffindor,0,0,0,0,0,0,0
Gryffindor,0,0,0,0,0,0,0
Gryffindor,0,1,1,0,1,0,0
Gryffindor,0,0,0,0,0,0,0
Gryffindor,0,1,1,0,1,0,0
Gryffindor,0,0,0,0,0,0,0
Gryffindor,0,0,0,0,0,0,0
Gryffindor,0,0,0,0,0,0,0
Gryffindor,0,0,0,0,0,0,0
Gryffindor,0,1,1,0,1,0,0
Gryffindor,0,0,0,0,0,0,0
Gryffindor,0,0,0,0,0,0,0
Gryffindor,0,0,0,0,0,0,0
Gryffindor,0,0,0,0,0,0,0
Gryffindor,0,0,0,0,0,0,0
Gryffindor,2,0,0,0,0,0,1
Gryffindor,0,0,0,0,0,0,0
Gryffindor,0,0,0,0,0,0,0
Slytherin,0,0,0,0,0,0,0
Gryffindor,0,0,0,0,0,0,0
Slytherin,0,0,0,0,0,0,0
Gryffindor,0,0,0,0,0,0,0
Slytherin,0,0,0,0,0,0,0
Gryffindor,0,0,0,0,0,0,0
Slytherin,0,0,1,0,1,1,0
Gryffindor,0,0,0,0,0,0,0
Slytherin,2,0,0,0,0,1,2
Gryffindor,0,0,0,0,0,0,0
Slytherin,0,0,1,0,1,0,0
Gryffindor,0,0,0,0,1,0,0
Slytherin,2,0,0,2,0,2,2
Gryffindor,0,0,0,0,0,0,0
Slytherin,3,0,0,1,0,1,2
Gryffindor,0,0,0,0,0,0,0
Gryffindor,0,0,0,0,0,0,0
Gryffindor,0,0,0,0,0,0,0
Slytherin,0,0,0,0,0,0,0
Gryffindor,0,0,0,0,0,0,0
Gryffindor,0,0,0,0,0,0,0
Gryffindor,0,0,0,0,0,0,0
Ravenclaw,1,0,0,0,0,0,0
Gryffindor,0,0,0,0,0,0,0
Ravenclaw,0,0,0,0,0,0,0
Gryffindor,0,0,0,0,0,0,0
Ravenclaw,0,0,0,0,0,0,0
Gryffindor,0,0,0,0,0,0,0
Ravenclaw,0,0,0,0,0,0,0
Gryffindor,0,0,0,0,0,0,0
Gryffindor,0,0,1,0,1,0,1
Gryffindor,0,0,0,0,0,0,0
Gryffindor,0,0,0,0,0,0,0
Ravenclaw,0,0,0,0,0,0,0
Gryffindor,0,0,0,0,0,0,0
Ravenclaw,0,0,0,0,0,0,0
Gryffindor,0,0,1,0,1,0,0
Ravenclaw,0,0,0,0,0,0,0
Gryffindor,0,0,0,0,0,0,0
Ravenclaw,2,1,1,0,2,1,1
Gryffindor,0,0,0,0,0,0,0
Gryffindor,0,0,0,0,1,0,0
,0,0,0,0,1,0,0
Gryffindor,0,0,0,0,0,0,0
,0,0,0,0,0,0,0
Gryffindor,0,0,0,0,0,0,0
,0,0,0,0,0,0,1
Gryffindor,0,0,0,0,0,0,0
Gryffindor,0,0,0,0,0,0,0
Slytherin,0,0,0,0,0,0,1
Gryffindor,0,0,0,0,0,0,0
Gryffindor,0,0,0,0,1,0,0
Slytherin,0,0,0,0,0,0,0
Gryffindor,0,0,1,0,0,0,0
Slytherin,0,0,0,0,0,0,0
Gryffindor,0,0,1,0,0,0,0
Slytherin,0,0,0,0,0,0,1
Gryffindor,0,0,0,0,0,0,0
Slytherin,0,0,0,0,0,0,0
Gryffindor,0,0,0,0,0,0,0
Slytherin,1,0,0,1,0,1,1
Gryffindor,0,0,0,0,0,0,0
Slytherin,0,0,1,0,1,0,0
Gryffindor,0,0,0,0,0,0,0
Slytherin,0,0,0,1,0,0,0
Gryffindor,0,0,0,0,0,0,0
Slytherin,1,0,0,1,0,1,1
Gryffindor,0,0,0,0,0,0,0
Slytherin,0,0,0,0,0,0,0
Gryffindor,0,0,0,0,0,0,0
Slytherin,0,0,0,0,0,0,0
Gryffindor,0,0,0,0,0,0,0
Slytherin,0,0,0,0,0,0,0
Gryffindor,0,0,0,0,0,0,0
Gryffindor,0,0,0,0,0,0,0
Gryffindor,0,0,0,0,0,0,0
Gryffindor,0,0,0,0,0,0,0
Gryffindor,0,0,0,0,0,0,0
Gryffindor,0,0,1,0,0,0,0
Gryffindor,0,0,0,0,0,0,0
Gryffindor,0,2,1,1,1,1,0
Gryffindor,0,1,1,0,1,0,0
Gryffindor,0,0,0,0,0,0,0
Gryffindor,0,0,0,0,0,0,0
Gryffindor,0,0,0,0,0,0,0
Gryffindor,0,0,0,0,0,0,0
Gryffindor,0,1,1,0,1,0,2
Gryffindor,0,0,0,0,0,0,0
Gryffindor,0,0,0,0,0,0,0
Gryffindor,0,0,0,0,0,0,0
Gryffindor,0,0,0,0,0,0,0
Gryffindor,0,0,0,2,0,0,2
Gryffindor,0,0,0,0,0,0,0
Gryffindor,0,0,0,0,0,0,0
Gryffindor,0,0,0,0,0,0,1
Gryffindor,0,0,0,0,0,0,0
Gryffindor,0,0,0,0,1,0,0
Gryffindor,0,0,0,0,0,0,0
Gryffindor,1,0,1,0,0,1,1
Gryffindor,0,0,0,0,0,0,0
Gryffindor,0,0,0,1,0,0,1
Gryffindor,0,0,0,0,0,0,0
Gryffindor,1,0,0,0,0,0,2
Gryffindor,0,0,1,0,0,0,0
Gryffindor,0,0,0,0,1,1,0
Gryffindor,1,0,0,0,0,0,0
Gryffindor,0,0,0,0,0,0,0
Gryffindor,0,0,0,0,0,0,0
Gryffindor,0,0,0,0,0,0,0
Gryffindor,0,0,0,0,0,0,0
Gryffindor,0,0,0,0,0,0,0
Gryffindor,0,0,0,0,0,0,0
Gryffindor,0,0,0,0,0,0,0
Gryffindor,0,0,0,0,0,0,0
Gryffindor,0,0,0,0,0,0,1
Gryffindor,1,0,0,1,0,1,1
Gryffindor,0,0,0,0,0,0,0
Gryffindor,0,0,0,0,0,0,0
,0,2,2,0,2,0,0
Gryffindor,0,0,0,0,0,0,0
Gryffindor,0,0,0,0,0,0,0
,0,0,0,0,0,0,0
Gryffindor,0,0,0,0,0,0,0
,0,0,1,0,0,0,0
Slytherin,1,0,0,1,0,1,1
Gryffindor,0,0,0,0,0,0,0
Slytherin,0,0,0,0,0,0,0
Gryffindor,0,0,0,0,0,0,0
Slytherin,1,1,3,0,3,0,0
Gryffindor,0,0,0,0,0,0,1
Slytherin,0,0,0,0,0,0,0
Gryffindor,0,0,0,0,0,0,0
Slytherin,0,0,0,1,0,0,1
,0,0,0,0,0,0,0
Gryffindor,0,0,1,0,0,0,0
,1,0,0,1,0,1,1
Gryffindor,0,0,1,0,0,0,0
Gryffindor,0,0,0,0,0,0,0
Gryffindor,0,0,0,0,0,0,0
Gryffindor,0,0,0,0,0,0,0
Gryffindor,0,0,0,0,1,0,0
Gryffindor,0,0,0,0,0,0,0
Gryffindor,0,0,0,0,0,0,0
Gryffindor,0,0,0,0,0,0,0
Gryffindor,0,0,0,0,0,0,0
,0,0,0,0,0,0,0
Gryffindor,0,0,0,0,0,0,0
,0,0,0,0,0,0,0
Gryffindor,0,0,0,0,0,0,0
,0,0,0,0,1,0,0
Gryffindor,0,0,0,0,0,0,0
,0,0,0,0,0,0,0
Gryffindor,0,0,0,0,0,0,0
,0,0,1,0,0,0,0
Gryffindor,0,0,0,0,0,0,0
Gryffindor,0,0,1,0,1,0,0
,0,1,2,0,0,0,0
Gryffindor,0,0,0,0,0,0,0
,0,0,0,0,0,0,0
Gryffindor,0,0,0,0,0,0,0
Gryffindor,0,0,0,0,0,0,0
Gryffindor,0,0,0,0,0,0,0
Gryffindor,0,0,0,0,0,0,0
,0,0,1,1,0,0,1
Gryffindor,0,0,1,0,0,0,0
Gryffindor,0,0,0,0,0,0,0
Gryffindor,1,1,1,1,0,0,1
Gryffindor,0,0,0,0,0,0,0
Gryffindor,0,0,0,0,0,0,0
Gryffindor,0,0,0,0,0,0,0
Gryffindor,0,0,0,0,0,0,0
Gryffindor,1,0,0,1,0,0,0
Gryffindor,0,0,0,0,0,0,0
Gryffindor,0,0,0,0,0,0,0
Gryffindor,0,0,0,0,0,0,0
Gryffindor,0,0,0,0,0,0,0
Gryffindor,0,0,0,0,0,0,0
Gryffindor,0,0,0,0,0,0,0
Gryffindor,0,0,1,0,0,0,0
Gryffindor,0,0,0,0,0,0,0
Gryffindor,0,0,0,0,0,0,0
Gryffindor,0,0,1,1,1,0,1
Gryffindor,0,0,0,0,0,0,0
Gryffindor,0,0,0,0,0,0,0
Gryffindor,0,0,0,0,0,0,0
Gryffindor,0,0,0,0,0,0,0
Gryffindor,1,2,5,0,2,1,0
Gryffindor,0,0,0,0,0,0,0
Gryffindor,0,0,3,0,2,1,0
Gryffindor,1,0,0,1,0,0,1
Gryffindor,0,0,1,0,0,0,0
Gryffindor,0,1,0,0,0,0,0
Gryffindor,0,0,0,0,0,0,0
Gryffindor,0,0,0,0,0,0,0
Gryffindor,0,0,0,0,0,0,0
Gryffindor,0,0,0,0,0,0,0
Gryffindor,0,0,0,0,0,0,0
Gryffindor,0,0,3,0,0,0,0
Ravenclaw,0,0,0,0,0,0,0
Slytherin,0,0,0,0,0,0,0
Ravenclaw,0,0,0,0,0,0,0
Slytherin,0,0,0,0,0,0,0
Gryffindor,1,0,0,1,1,2,1
Ravenclaw,0,0,0,0,0,0,0
,0,0,0,0,0,0,0
Gryffindor,0,0,0,0,0,0,0
Gryffindor,0,1,0,0,1,0,0
Gryffindor,0,0,0,0,0,0,0
Gryffindor,0,0,0,0,0,0,0
Ravenclaw,1,0,1,0,0,1,0
Gryffindor,0,0,0,0,0,0,0
Ravenclaw,0,0,0,0,0,0,0
Gryffindor,1,0,1,0,1,0,0
Ravenclaw,0,0,0,0,0,0,0
Gryffindor,0,0,0,0,0,0,0
Ravenclaw,0,0,0,0,0,0,0
Gryffindor,0,0,0,0,0,0,0
Ravenclaw,0,0,0,0,0,0,0
Gryffindor,0,0,0,0,0,0,1
Gryffindor,0,0,0,0,0,0,0
Ravenclaw,0,0,0,0,0,0,0
Gryffindor,0,0,0,0,0,0,0
Ravenclaw,0,0,0,0,0,0,0
Gryffindor,0,0,0,0,0,0,0
Ravenclaw,0,0,1,0,0,0,0
Gryffindor,0,0,0,0,0,0,0
Ravenclaw,0,1,0,1,0,0,1
Gryffindor,0,0,0,0,0,0,0
Ravenclaw,0,0,0,0,0,0,0
Gryffindor,0,0,0,0,0,0,0
Gryffindor,0,0,0,0,0,0,0
Gryffindor,0,0,0,0,0,0,0
Ravenclaw,1,0,0,1,0,1,1
Gryffindor,0,0,0,0,0,0,0
Ravenclaw,1,0,0,1,0,1,1
Gryffindor,0,0,0,0,0,0,0
Ravenclaw,0,1,0,0,0,0,0
Gryffindor,0,0,0,0,0,0,0
Ravenclaw,1,0,1,1,1,0,1
Gryffindor,0,0,0,0,0,0,0
Gryffindor,0,0,0,0,0,0,0
Gryffindor,0,0,0,0,0,0,0
Gryffindor,0,0,0,0,0,0,0
Gryffindor,0,0,0,0,0,0,0
Gryffindor,0,0,0,0,0,0,0
Gryffindor,0,0,0,0,0,0,0
Gryffindor,0,0,0,0,0,0,0
Ravenclaw,0,0,0,0,0,0,0
Gryffindor,0,0,0,0,0,0,0
Gryffindor,0,1,1,0,1,0,0
Ravenclaw,1,0,0,1,2,0,1
Gryffindor,0,0,0,0,0,0,0
Gryffindor,0,0,0,0,0,0,0
Gryffindor,0,0,0,0,0,0,0
Ravenclaw,0,0,0,0,0,0,0
Gryffindor,0,0,0,0,0,0,0
Ravenclaw,0,0,0,0,0,0,0
Gryffindor,1,0,0,0,0,0,0
Ravenclaw,0,0,0,0,0,0,0
Gryffindor,0,0,0,0,0,0,0
Ravenclaw,0,0,0,0,0,0,0
Gryffindor,0,0,0,0,0,0,0
Gryffindor,1,0,0,0,0,0,0
Gryffindor,0,0,0,0,0,0,0
Gryffindor,0,0,0,0,0,0,0
Gryffindor,0,0,0,0,0,0,0
Slytherin,0,0,0,0,0,0,0
Gryffindor,0,0,0,0,0,0,0
Slytherin,0,0,0,0,0,0,0
Gryffindor,0,0,0,0,0,0,0
Slytherin,0,0,0,1,0,0,1
Gryffindor,0,0,0,0,0,0,0
Slytherin,0,0,0,0,0,0,0
Gryffindor,0,0,0,0,0,0,0
Slytherin,0,0,0,0,0,0,0
Gryffindor,0,0,0,1,0,0,1
Slytherin,1,0,1,1,0,0,1
Gryffindor,0,0,0,0,0,0,0
Slytherin,0,1,1,0,0,0,0
Gryffindor,0,0,0,0,0,0,0
Slytherin,2,1,2,2,0,1,2
Gryffindor,0,0,0,0,0,0,0
Slytherin,1,0,0,1,0,0,1
Gryffindor,0,0,0,0,0,0,0
Slytherin,0,0,0,0,0,0,1
Gryffindor,0,0,0,0,0,0,0
Slytherin,1,0,1,2,1,1,3
Gryffindor,0,0,0,0,0,0,0
Slytherin,3,1,2,1,1,2,1
Gryffindor,0,0,0,0,0,0,0
Slytherin,0,0,0,0,0,0,0
Gryffindor,0,0,0,0,0,0,0
Slytherin,0,1,1,0,0,0,0
Gryffindor,0,0,0,0,0,0,0
Slytherin,0,0,0,0,0,0,0
Gryffindor,1,0,1,1,0,1,1
Slytherin,0,0,0,0,0,0,0
Slytherin,0,1,0,1,1,0,2
Slytherin,0,0,0,0,0,0,0
Slytherin,0,1,0,0,0,0,1
Gryffindor,0,0,0,0,0,0,0
Slytherin,1,2,1,3,2,2,2
Gryffindor,0,0,0,0,0,0,0
Gryffindor,0,0,0,0,0,1,0
Gryffindor,1,0,0,1,0,0,1
Ravenclaw,0,0,0,0,0,0,0
Gryffindor,0,0,1,0,1,0,1
Gryffindor,0,0,0,0,0,0,0
Gryffindor,0,0,0,0,0,0,0
Gryffindor,0,0,0,0,0,0,0
Gryffindor,0,0,0,0,0,0,0
Gryffindor,0,0,0,0,0,0,0
Gryffindor,0,0,0,1,0,0,0
Gryffindor,0,0,0,0,0,0,0
Gryffindor,0,0,0,0,1,0,2
Gryffindor,0,0,0,0,0,1,1
Gryffindor,0,1,0,0,0,0,1
Gryffindor,0,0,0,0,0,0,0
Gryffindor,0,0,0,0,0,0,0
Gryffindor,0,0,0,0,0,0,0
Gryffindor,1,0,0,1,0,0,1
Gryffindor,0,0,0,0,0,0,0
Gryffindor,0,0,0,0,0,0,3
Gryffindor,0,0,0,0,0,0,0
Gryffindor,0,0,0,1,0,0,1
Gryffindor,0,0,0,0,0,0,1
,0,0,0,0,0,0,0
Slytherin,1,0,0,1,0,1,1
Gryffindor,0,0,0,1,0,0,0
Slytherin,0,0,0,0,0,0,0
Gryffindor,0,1,1,0,1,0,0
Slytherin,1,0,0,0,0,0,1
Gryffindor,0,0,0,0,1,0,0
Slytherin,0,0,0,0,0,0,1
Gryffindor,0,0,0,0,0,0,0
Slytherin,0,0,0,0,0,0,0
Gryffindor,0,0,0,0,0,0,0
Slytherin,0,0,0,0,0,0,0
Gryffindor,0,0,0,0,0,0,0
Slytherin,0,0,0,0,0,0,0
Gryffindor,1,1,0,1,0,1,4
Slytherin,1,0,0,2,0,1,2
Gryffindor,0,0,0,0,0,0,0
Slytherin,0,0,0,0,0,0,0
,0,0,0,0,0,0,0
Gryffindor,0,0,0,0,0,0,0
Gryffindor,0,0,0,0,0,0,0
Slytherin,0,0,0,0,0,0,0
Gryffindor,0,0,0,1,0,0,1
Slytherin,0,0,0,0,0,0,0
Gryffindor,0,0,0,0,0,0,0
Slytherin,0,0,0,0,0,0,0
,0,0,0,0,0,0,0
Slytherin,0,0,0,0,0,0,0
,0,0,0,0,0,0,0
Slytherin,0,0,0,0,1,0,0
,0,0,1,0,1,0,0
Slytherin,0,0,0,0,0,0,0
Slytherin,0,1,0,0,0,0,0
,1,0,0,1,1,0,1
Gryffindor,0,0,0,1,0,0,1
,0,0,0,0,0,0,0
Gryffindor,0,0,0,1,0,0,1
,0,0,0,0,0,0,1
Gryffindor,0,0,0,0,0,0,0
,1,0,0,1,0,1,2
Gryffindor,1,0,0,1,0,1,1
,1,0,0,1,0,1,2
Gryffindor,0,0,0,0,0,0,0
Gryffindor,0,0,0,0,0,0,1
Gryffindor,0,0,0,0,0,0,0
Gryffindor,0,0,0,0,0,0,0
Gryffindor,1,0,0,1,0,1,1
Gryffindor,0,0,0,0,0,0,0
Gryffindor,0,0,0,0,0,0,0
Gryffindor,0,0,0,0,0,0,0
Gryffindor,0,0,0,1,0,1,3
Gryffindor,0,0,0,0,0,0,0
Gryffindor,0,0,0,0,1,0,0
Gryffindor,0,0,0,0,0,0,0
Gryffindor,0,0,0,0,0,0,0
,0,0,0,0,0,0,0
Gryffindor,0,0,0,0,0,0,0
,1,0,0,1,1,1,1
Gryffindor,0,0,0,0,0,0,0
,0,0,0,0,0,0,0
Gryffindor,0,0,0,0,0,0,1
,0,0,0,0,0,0,0
Gryffindor,0,0,0,0,0,0,0
,0,0,0,0,0,0,0
Gryffindor,0,0,0,0,0,0,0
,1,2,0,1,0,1,2
,0,0,0,0,0,0,0
Gryffindor,0,0,0,0,0,0,0
,1,0,0,1,0,1,1
,0,0,0,0,0,0,0
,0,0,0,1,0,0,1
,0,0,1,0,1,0,0
,0,0,1,0,0,0,0
Gryffindor,0,0,0,0,0,0,0
,1,2,2,0,2,0,2
,0,0,0,0,0,0,0
,0,0,0,0,0,0,0
Gryffindor,0,0,0,0,0,0,0
,0,0,0,0,0,0,0
Gryffindor,0,0,0,0,0,0,0
,1,0,1,0,1,0,0
,1,0,0,0,0,0,0
,1,0,0,1,0,0,1
Gryffindor,0,0,0,0,0,0,0
,0,0,0,0,0,0,0
,0,0,0,0,0,0,0
,0,0,0,0,0,0,0
,0,0,0,0,0,0,0
,0,0,0,0,0,0,0
,0,0,0,0,0,0,0
Gryffindor,0,0,0,0,0,0,0
,0,0,0,0,0,0,0
Gryffindor,0,0,0,0,0,0,0
,0,0,0,0,0,0,0
Gryffindor,0,0,0,0,0,0,0
,0,1,2,0,1,1,0
Gryffindor,0,0,0,0,1,0,0
,0,0,0,0,1,0,0
Gryffindor,0,0,0,0,0,0,0
,1,0,0,0,0,0,0
Gryffindor,0,0,0,0,0,0,0
,0,0,0,0,0,0,0
,0,0,0,0,0,0,0
,0,0,0,0,0,0,0
,0,0,0,0,0,0,0
Gryffindor,0,0,0,0,0,0,0
,0,0,0,0,0,0,0
Gryffindor,0,0,0,0,0,0,0
,0,0,0,0,0,0,0
,0,0,0,0,0,0,0
Gryffindor,0,0,0,0,0,0,0
,0,0,0,0,0,0,0
,0,0,0,0,0,0,0
Gryffindor,0,0,0,0,0,0,0
,0,0,1,0,0,0,0
Gryffindor,0,0,0,0,0,0,0
,0,0,0,1,0,0,1
Gryffindor,0,0,0,0,0,0,0
,2,0,0,0,0,0,1
,0,0,0,0,0,0,0
,0,0,0,0,0,0,0
,0,0,0,0,0,0,0
,0,0,0,0,0,0,0
Gryffindor,0,0,0,0,0,0,0
,0,0,0,0,0,0,0
,0,1,2,0,0,3,1
,0,0,0,0,0,0,0
Gryffindor,0,0,0,0,0,0,0
,0,0,0,0,0,0,0
Gryffindor,0,0,0,0,0,0,0
,0,0,0,0,0,0,0
Gryffindor,0,0,1,0,1,0,0
,0,0,0,1,1,0,1
Gryffindor,0,0,0,0,0,0,0
,0,0,0,0,0,0,0
Gryffindor,0,0,0,0,0,0,0
,1,0,0,0,0,0,1
Gryffindor,0,0,0,0,0,0,0
,0,0,0,0,0,0,0
,0,0,0,0,0,0,0
Gryffindor,0,1,3,0,1,0,0
Gryffindor,0,0,0,0,0,0,0
Gryffindor,0,1,0,0,0,0,0
Gryffindor,1,0,0,0,0,0,0
Gryffindor,0,0,0,0,0,0,0
Gryffindor,0,0,0,0,0,0,0
Gryffindor,0,0,0,0,0,0,0
Gryffindor,0,0,0,0,0,0,0
Gryffindor,1,0,1,1,0,0,1
Gryffindor,0,1,0,0,0,0,0
Gryffindor,0,0,0,0,0,0,0
Gryffindor,0,0,0,0,0,0,0
Gryffindor,0,0,0,0,0,0,0
Gryffindor,1,0,0,0,0,1,2
Gryffindor,1,0,0,0,0,1,2
Gryffindor,0,0,0,0,0,0,0
Gryffindor,0,0,0,0,0,0,0
Gryffindor,1,0,0,1,0,1,1
Gryffindor,1,0,0,1,0,1,1
Gryffindor,0,0,0,0,0,0,0
Gryffindor,0,0,0,0,0,0,0
Gryffindor,0,0,0,0,0,0,0
Gryffindor,0,0,0,0,0,0,0
Gryffindor,0,0,0,0,0,0,0
Gryffindor,0,0,0,0,0,0,0
Gryffindor,1,0,0,1,0,1,1
Gryffindor,0,0,0,0,0,0,0
Gryffindor,0,0,0,0,1,0,0
Gryffindor,0,0,0,0,0,0,0
Gryffindor,0,0,0,0,0,0,0
Gryffindor,0,0,0,0,0,0,0
Gryffindor,0,0,0,0,0,0,0
Gryffindor,1,0,0,1,0,1,1
Gryffindor,0,0,0,0,0,0,0
Gryffindor,0,0,0,0,0,0,0
Gryffindor,0,0,2,1,2,0,1
Gryffindor,0,0,0,0,0,0,0
Gryffindor,0,0,0,0,0,0,0
Gryffindor,0,0,1,0,0,0,0
Gryffindor,0,0,0,0,0,0,0
Gryffindor,0,0,0,0,0,0,0
Gryffindor,0,0,0,0,0,0,0
Gryffindor,0,0,0,0,0,0,0
Gryffindor,0,1,2,0,2,0,2
Gryffindor,0,0,1,0,1,0,0
Gryffindor,0,0,0,0,0,0,1
Gryffindor,0,0,1,0,1,0,0
Gryffindor,0,1,1,0,1,1,0
Gryffindor,0,0,0,0,1,0,0
Gryffindor,0,0,0,0,0,0,0
Gryffindor,0,0,0,1,1,1,0
Gryffindor,0,0,0,1,0,1,0
Gryffindor,0,0,0,0,0,0,0
Gryffindor,0,0,0,0,0,0,0
Gryffindor,0,0,0,0,0,0,0
Gryffindor,0,0,0,0,0,0,1
Gryffindor,0,0,0,0,0,0,0
Gryffindor,0,0,0,0,0,0,0
Gryffindor,0,0,0,0,0,0,0
Gryffindor,0,0,0,0,0,0,0
Gryffindor,0,0,0,0,0,0,0
Gryffindor,0,0,0,0,0,0,0
Gryffindor,0,0,1,0,1,0,0
Gryffindor,0,0,0,0,0,0,0
Gryffindor,0,0,0,0,0,1,0
Gryffindor,1,0,2,1,1,1,0
Gryffindor,0,0,0,0,0,0,0
Gryffindor,0,0,0,0,0,0,0
Gryffindor,0,0,0,0,0,0,0
Gryffindor,0,0,1,0,1,0,0
Gryffindor,0,0,0,0,0,0,0
Gryffindor,1,0,0,0,0,0,0
Gryffindor,0,1,1,0,1,0,0
Gryffindor,0,0,0,0,0,0,0
Gryffindor,0,0,0,0,0,0,0
Gryffindor,0,0,0,0,0,0,0
Gryffindor,0,0,0,0,0,0,0
Gryffindor,0,0,0,0,0,0,1
Gryffindor,0,0,0,0,0,0,0
Gryffindor,1,0,0,0,0,0,0
Gryffindor,0,0,0,0,0,0,0
Gryffindor,0,0,0,1,0,1,0
Gryffindor,0,0,0,0,0,0,0
Gryffindor,0,0,0,0,0,0,0
Gryffindor,2,0,1,3,1,1,4
Gryffindor,0,0,0,0,0,0,0
Slytherin,0,0,0,1,0,0,1
Gryffindor,0,0,0,0,0,0,0
Gryffindor,0,0,0,0,0,0,0
Gryffindor,0,0,0,0,0,0,0
Gryffindor,6,1,2,4,1,3,3
Gryffindor,0,0,0,0,0,0,0
,1,0,1,0,0,0,0
Gryffindor,0,0,0,0,0,0,0
,0,0,0,0,0,0,0
Gryffindor,0,0,0,0,0,0,0
Gryffindor,0,0,0,0,0,0,0
Gryffindor,0,0,0,0,0,0,0
Gryffindor,0,0,0,0,0,0,0
Gryffindor,0,0,0,0,0,0,0
Gryffindor,0,0,0,0,0,0,0
Gryffindor,0,0,0,0,0,0,0
Gryffindor,0,0,0,0,0,0,0
Ravenclaw,5,1,2,3,4,2,4
Gryffindor,0,0,0,0,0,0,0
Gryffindor,0,0,0,0,0,0,0
Gryffindor,0,0,0,0,0,0,0
Ravenclaw,0,0,0,0,0,0,0
Gryffindor,0,0,0,0,0,0,0
Ravenclaw,0,0,0,0,0,0,0
Gryffindor,0,0,0,0,0,0,0
Ravenclaw,0,0,0,0,0,0,0
Gryffindor,2,0,0,2,0,1,2
Ravenclaw,0,0,0,0,0,0,0
,0,0,1,0,0,0,0
Gryffindor,1,1,1,0,1,0,0
Gryffindor,0,0,0,0,0,0,0
Gryffindor,0,0,0,0,0,0,0
Gryffindor,0,0,0,0,0,0,0
Gryffindor,1,0,0,0,0,0,0
Gryffindor,0,0,0,1,0,0,0
Gryffindor,1,1,1,1,1,1,2
Slytherin,0,0,0,0,0,0,0
Gryffindor,1,0,1,1,1,1,1
Slytherin,0,0,0,0,0,0,0
Gryffindor,0,0,0,0,0,0,0
Gryffindor,0,0,0,0,0,0,0
Slytherin,1,0,0,0,1,0,1
Gryffindor,0,0,0,0,0,0,0
Slytherin,0,0,0,0,0,0,0
Gryffindor,0,0,0,0,0,0,0
Gryffindor,0,0,1,0,1,0,0
Gryffindor,0,0,0,0,0,0,0
Gryffindor,0,0,0,0,0,0,0
Gryffindor,0,0,0,0,0,0,0
Gryffindor,2,1,0,1,1,1,1
Gryffindor,0,0,0,0,0,0,0
Gryffindor,0,0,0,0,0,0,0
Gryffindor,0,0,0,0,0,0,0
Gryffindor,0,0,0,0,0,0,0
Gryffindor,0,0,0,0,0,0,0
Slytherin,0,0,0,0,0,0,0
Gryffindor,0,0,0,0,0,0,0
Gryffindor,0,0,0,0,0,0,0
Slytherin,0,1,1,0,0,0,0
Gryffindor,0,0,0,1,0,0,0
Slytherin,0,0,0,0,0,0,0
Gryffindor,0,0,0,0,0,0,0
Gryffindor,0,0,0,0,0,0,0
Gryffindor,0,0,0,0,0,0,0
Slytherin,0,0,0,0,1,0,0
Gryffindor,0,0,0,0,0,0,0
Slytherin,0,1,1,0,1,0,0
Slytherin,0,0,1,0,1,0,0
Slytherin,0,0,1,0,1,0,0
Gryffindor,0,0,0,0,0,0,0
Gryffindor,0,0,0,0,0,0,0
Gryffindor,0,0,0,0,0,0,0
Gryffindor,0,0,0,0,0,0,0
Gryffindor,0,0,0,0,0,0,0
Gryffindor,0,0,0,0,0,0,0
Gryffindor,0,0,0,0,0,0,0
,0,0,0,0,0,0,0
Gryffindor,0,0,0,0,0,0,0
,0,0,0,0,1,2,0
Gryffindor,0,0,0,0,0,0,0
Gryffindor,0,0,0,0,0,0,0
Gryffindor,0,0,0,0,0,0,0
Gryffindor,0,0,0,0,0,0,0
Gryffindor,0,0,0,0,0,0,0
Gryffindor,0,0,0,0,0,0,0
Gryffindor,0,0,0,0,0,0,0
,0,0,0,0,0,0,0
Gryffindor,0,0,0,0,0,0,0
,0,0,0,0,0,0,0
Slytherin,0,0,0,0,0,0,0
Gryffindor,0,0,1,0,0,0,0
Gryffindor,0,0,0,0,0,0,1
Gryffindor,0,0,0,0,0,0,0
Gryffindor,0,0,0,0,0,0,1
Gryffindor,0,0,0,0,0,0,1
Gryffindor,0,0,0,0,0,0,0
Gryffindor,0,0,0,0,0,0,0
Gryffindor,0,0,0,0,0,0,0
Gryffindor,1,0,0,0,0,0,1
Gryffindor,0,0,0,0,0,0,0
Gryffindor,0,0,1,0,0,0,0
Gryffindor,0,0,0,0,0,0,0
Gryffindor,0,0,0,0,0,0,1
Gryffindor,0,0,0,0,0,0,0
Gryffindor,1,0,0,1,0,1,1
Gryffindor,0,0,0,0,0,0,1
,0,0,0,0,0,0,0
Gryffindor,1,0,0,0,0,0,1
Gryffindor,0,0,0,0,0,0,1
Gryffindor,0,0,0,0,0,0,0
Gryffindor,0,0,0,0,0,0,0
Gryffindor,1,1,0,0,0,0,1
Gryffindor,0,0,0,0,0,0,0
Gryffindor,0,0,2,0,0,0,0
Gryffindor,0,0,0,0,0,0,0
Gryffindor,0,0,2,0,1,0,0
Gryffindor,0,0,0,0,0,0,0
Gryffindor,3,0,0,3,2,1,2
Gryffindor,0,1,0,0,1,1,0
Gryffindor,0,0,1,0,1,0,0
Gryffindor,0,0,1,0,1,0,0
Gryffindor,0,0,0,0,0,0,0
Gryffindor,0,0,0,0,0,0,0
Gryffindor,0,0,0,0,0,0,0
Gryffindor,0,1,0,0,1,0,0
Gryffindor,0,1,1,0,1,0,0
Gryffindor,0,0,0,0,0,0,0
Gryffindor,0,0,0,0,0,1,0
Gryffindor,0,0,0,0,0,0,0
Gryffindor,0,0,0,0,0,0,0
Gryffindor,0,0,0,0,0,0,0
Gryffindor,0,0,0,0,0,0,0
Gryffindor,0,1,0,0,1,0,0
,0,1,0,0,1,0,0
Gryffindor,0,0,0,0,0,0,0
Gryffindor,0,0,0,0,0,0,0
Gryffindor,0,0,0,0,0,0,0
,0,0,0,0,1,0,0
Gryffindor,0,0,0,0,0,0,0
,0,0,0,0,0,0,0
Gryffindor,0,0,0,0,0,0,0
Ravenclaw,0,0,0,0,0,0,0
Gryffindor,0,0,0,0,0,0,0
Slytherin,0,0,0,0,0,0,0
Gryffindor,1,0,0,0,0,1,1
Slytherin,0,0,0,1,0,1,1
Gryffindor,0,0,0,0,0,0,0
Slytherin,0,0,0,0,0,0,0
Gryffindor,0,0,0,0,0,0,0
Slytherin,1,0,0,0,0,0,0
Gryffindor,0,0,0,0,1,0,2
Slytherin,0,0,0,0,0,0,0
Gryffindor,3,0,2,3,0,1,0
Slytherin,0,0,0,0,0,0,0
Gryffindor,0,0,0,0,0,0,1
Slytherin,1,0,0,1,0,1,2
Gryffindor,0,0,0,0,0,0,0
Gryffindor,1,0,0,0,0,0,0
Slytherin,0,0,0,0,0,0,0
Gryffindor,0,0,0,0,0,0,0
Slytherin,0,0,0,0,0,0,0
Gryffindor,1,0,1,1,1,1,1
Slytherin,0,0,0,1,0,0,0
Gryffindor,0,0,0,0,0,0,0
Slytherin,1,0,0,0,0,0,1
Gryffindor,0,0,0,0,0,0,0
Slytherin,0,0,1,0,1,0,2
Gryffindor,0,0,0,0,0,0,0
Gryffindor,0,0,0,0,0,0,0
Gryffindor,0,0,0,0,0,0,0
Gryffindor,0,0,0,0,1,0,0
Gryffindor,0,0,0,0,0,0,0
Gryffindor,0,0,0,0,0,0,0
Gryffindor,0,0,0,0,0,0,0
Gryffindor,0,0,0,0,0,0,0
Gryffindor,2,0,1,1,0,2,1
Gryffindor,0,0,0,0,0,0,0
Gryffindor,0,0,0,0,1,0,0
Gryffindor,0,0,0,0,0,0,0
Gryffindor,0,0,0,0,0,0,0
Gryffindor,0,0,0,0,0,0,0
Gryffindor,0,0,0,0,0,1,0
Gryffindor,0,0,0,0,0,0,0
Gryffindor,2,1,2,3,4,1,3
Gryffindor,0,0,0,0,0,0,0
Gryffindor,0,1,0,0,0,0,0
Gryffindor,0,0,1,1,0,1,1
Gryffindor,0,0,0,0,0,0,0
Gryffindor,0,0,0,0,0,0,0
Gryffindor,0,0,0,1,0,1,1
,0,0,0,0,0,0,0
Gryffindor,0,0,0,0,0,0,0
Gryffindor,0,0,0,0,0,0,0
Gryffindor,0,0,0,0,0,0,0
Gryffindor,0,0,0,0,0,0,0
Gryffindor,0,0,0,0,0,0,1
Gryffindor,0,0,0,0,0,0,1
Gryffindor,1,0,0,1,0,0,1
Gryffindor,0,0,0,0,0,0,0
Gryffindor,0,0,0,0,0,0,0
Gryffindor,0,0,0,0,0,0,0
Gryffindor,0,0,0,0,0,0,0
Gryffindor,0,0,0,0,0,0,0
Gryffindor,0,0,0,0,0,0,0
Gryffindor,0,0,0,0,0,0,1
Gryffindor,0,0,0,0,0,0,0
Gryffindor,0,0,0,0,0,0,0
Gryffindor,0,0,0,0,0,0,1
Gryffindor,2,0,0,2,0,1,2
Gryffindor,0,0,0,0,0,0,0
Gryffindor,0,0,0,0,0,0,0
Gryffindor,0,0,0,0,0,0,0
Gryffindor,0,0,0,0,0,0,0
Gryffindor,0,0,0,0,0,0,0
Gryffindor,0,0,0,0,0,0,0
Gryffindor,0,0,0,0,0,0,0
Gryffindor,0,0,0,0,0,0,0
Gryffindor,0,0,0,0,0,0,0
Gryffindor,0,0,0,0,0,0,0
Gryffindor,0,0,0,0,0,0,0
Gryffindor,0,0,0,0,0,0,0
Gryffindor,0,0,0,0,0,0,0
Gryffindor,0,0,0,0,0,0,0
Gryffindor,0,0,0,0,0,0,0
Gryffindor,0,0,0,0,0,0,0
Gryffindor,0,0,0,0,0,0,2
Gryffindor,0,0,0,0,0,0,0
Gryffindor,0,0,0,0,0,0,0
Gryffindor,0,1,1,0,0,0,0
Gryffindor,0,0,0,0,0,0,0
Gryffindor,0,0,0,0,0,0,0
Gryffindor,0,0,0,0,1,0,0
Gryffindor,0,0,0,0,0,0,0
Gryffindor,0,0,0,0,0,0,0
,0,0,0,0,0,0,0
Gryffindor,0,0,1,0,1,0,0
Gryffindor,0,0,0,0,0,0,0
Gryffindor,0,0,0,0,0,0,0
Gryffindor,0,0,0,0,0,0,0
Gryffindor,0,0,0,0,0,0,0
Slytherin,1,0,0,1,0,1,1
Gryffindor,0,0,0,0,0,0,0
Slytherin,2,0,0,2,0,1,2
Gryffindor,1,0,0,1,0,1,1
Slytherin,1,1,0,0,0,0,1
Slytherin,0,0,0,0,0,0,0
Gryffindor,0,0,0,0,1,0,0
Slytherin,0,0,0,0,0,0,0
Slytherin,0,0,0,0,0,0,0
Gryffindor,0,0,0,0,0,0,0
Gryffindor,0,1,1,0,1,0,0
Gryffindor,0,0,0,0,0,0,0
Gryffindor,0,0,0,0,1,0,1
Gryffindor,0,0,0,0,0,0,0
Gryffindor,0,0,0,0,0,0,0
Gryffindor,0,0,0,0,0,0,0
,0,0,0,0,0,0,1
Gryffindor,0,0,0,0,0,0,0
Gryffindor,0,0,0,0,0,0,0
,0,0,0,0,0,0,0
Gryffindor,0,0,0,0,0,0,0
,1,0,0,1,0,1,1
,0,0,0,1,0,0,1
,0,0,0,0,0,0,0
,0,0,0,0,1,0,0
,0,0,0,0,1,0,0
,0,0,0,0,1,0,0
,0,0,0,0,0,0,0
Gryffindor,0,0,0,0,0,0,0
,0,1,0,0,0,0,0
Gryffindor,0,0,0,0,0,0,0
Gryffindor,0,0,0,0,0,0,0
,2,0,0,1,0,1,1
,0,0,0,0,0,0,0
Gryffindor,0,0,0,0,0,0,2
,0,0,0,0,0,0,0
Gryffindor,0,0,0,0,1,0,0
,0,0,0,0,1,0,0
,0,0,0,0,0,0,0
Gryffindor,0,0,0,0,0,0,0
,0,0,0,0,0,0,0
Gryffindor,1,0,1,0,0,1,1
,0,0,2,0,3,0,0
Gryffindor,0,0,0,0,1,0,0
,0,0,0,0,0,0,0
Gryffindor,0,0,0,0,0,0,0
,0,0,0,0,0,0,0
,0,0,0,0,0,0,0
,0,0,0,0,0,0,0
Gryffindor,0,1,1,0,2,0,1
Gryffindor,0,0,0,0,0,0,0
Gryffindor,1,0,1,1,1,1,1
Gryffindor,0,0,0,0,0,0,0
Gryffindor,0,0,0,0,0,0,0
Gryffindor,3,1,1,4,0,2,4
Gryffindor,1,1,1,0,1,1,1
Gryffindor,0,0,0,0,0,0,0
Gryffindor,0,0,0,0,0,0,0
Gryffindor,0,0,0,0,0,0,0
Gryffindor,1,0,0,0,0,1,1
Gryffindor,0,1,1,0,1,0,0
Gryffindor,0,0,0,0,0,0,1
Gryffindor,1,0,0,0,0,0,0
Gryffindor,2,0,0,2,0,2,2
Gryffindor,0,0,0,0,0,0,0
Gryffindor,0,0,0,0,0,0,0
Gryffindor,0,0,0,0,0,0,0
Gryffindor,0,0,0,0,0,0,0
Gryffindor,0,0,0,0,0,0,0
Gryffindor,0,0,0,0,0,0,1
Gryffindor,0,0,0,0,0,0,0
Gryffindor,0,0,0,1,0,0,0
Gryffindor,0,0,0,0,0,0,0
Gryffindor,0,0,0,0,0,0,0
Gryffindor,0,0,0,0,0,0,0
Gryffindor,0,0,0,0,1,0,0
Gryffindor,0,0,0,0,1,0,0
Gryffindor,0,0,0,0,0,0,0
Gryffindor,0,1,2,0,0,0,0
Gryffindor,0,0,0,0,0,0,0
Gryffindor,0,0,0,0,0,0,0
Gryffindor,0,0,0,0,0,0,0
Gryffindor,0,0,0,0,0,0,0
Gryffindor,0,0,0,0,0,0,0
Gryffindor,0,0,0,0,0,0,0
Gryffindor,1,1,3,1,2,1,2
Gryffindor,0,0,0,0,0,0,0
Gryffindor,0,0,0,0,0,0,0
Gryffindor,0,0,0,0,0,0,0
Gryffindor,0,0,0,0,0,0,0
Gryffindor,0,0,0,0,0,0,0
Gryffindor,0,0,0,0,0,0,0
Gryffindor,0,0,0,0,0,0,0
,0,0,0,0,0,0,0
Gryffindor,0,0,0,0,0,0,0
,0,0,2,0,3,0,0
,0,0,0,0,0,0,0
Gryffindor,0,0,0,0,0,0,0
,1,0,1,0,0,0,0
,0,0,0,0,0,0,0
,0,0,0,0,0,0,0
Gryffindor,0,0,0,0,0,0,0
Slytherin,0,0,0,0,0,0,0
Gryffindor,0,0,0,0,0,0,0
Slytherin,0,0,0,0,0,0,1
Gryffindor,0,0,0,0,1,0,0
Slytherin,0,0,0,0,0,0,0
Gryffindor,0,0,0,0,0,0,0
Slytherin,0,0,0,0,0,0,0
Gryffindor,0,0,0,0,0,0,1
Slytherin,0,0,0,0,0,0,0
Gryffindor,0,1,0,0,0,0,0
Slytherin,0,0,0,0,0,0,0
Gryffindor,0,0,0,0,0,0,0
Slytherin,0,0,0,0,0,0,0
Gryffindor,0,0,0,0,0,0,0
Slytherin,0,1,1,0,1,0,1
Gryffindor,1,1,2,1,2,2,2
,0,0,0,0,0,0,0
Gryffindor,0,0,0,0,0,0,0
Gryffindor,0,0,0,0,0,0,0
Gryffindor,4,0,0,3,1,1,5
Gryffindor,0,0,0,0,0,0,0
Gryffindor,0,0,0,0,0,0,0
Gryffindor,0,0,0,0,0,0,0
Gryffindor,0,0,0,0,0,0,0
Gryffindor,0,0,0,0,0,0,0
Gryffindor,0,0,0,0,0,0,0
Gryffindor,1,0,0,1,0,1,1
Ravenclaw,1,0,0,1,1,1,0
Gryffindor,0,0,0,0,0,0,0
Ravenclaw,3,0,0,3,1,2,2
Gryffindor,0,0,0,0,0,0,0
Gryffindor,0,0,0,0,0,0,0
Gryffindor,0,0,0,0,0,0,0
Gryffindor,0,0,0,0,0,0,0
Gryffindor,0,0,0,0,0,0,0
Gryffindor,0,0,0,0,1,0,0
Gryffindor,0,0,0,0,0,0,1
Ravenclaw,0,0,0,0,0,0,0
Gryffindor,0,0,0,0,0,0,0
Ravenclaw,0,0,0,0,0,1,2
Gryffindor,0,0,0,0,0,0,0
Gryffindor,0,0,1,0,1,0,0
Gryffindor,0,0,0,0,0,0,0
Slytherin,0,0,0,0,0,0,1
Gryffindor,0,1,1,0,1,0,0
Gryffindor,0,0,0,0,0,0,0
Slytherin,0,0,0,0,0,0,0
Slytherin,0,0,0,0,0,0,1
Gryffindor,0,0,0,0,0,0,0
Gryffindor,0,0,0,0,0,0,0
Gryffindor,0,1,0,0,0,0,0
Gryffindor,0,0,0,0,0,0,0
Gryffindor,1,0,0,0,0,0,0
Gryffindor,0,0,0,0,0,0,0
Gryffindor,0,0,0,0,0,0,0
Gryffindor,0,0,0,0,0,0,0
Gryffindor,0,0,0,0,0,0,0
Gryffindor,0,0,0,0,0,0,0
Gryffindor,1,0,0,0,0,0,0
Gryffindor,0,0,0,0,0,0,0
Gryffindor,0,0,0,0,0,0,0
Gryffindor,0,0,0,0,0,0,0
Gryffindor,0,0,0,0,0,0,0
,0,0,0,0,0,0,0
Gryffindor,0,0,0,0,0,0,0
Gryffindor,1,0,0,0,0,0,0
Gryffindor,0,0,0,0,0,0,0
Gryffindor,0,0,0,0,0,0,0
Gryffindor,0,0,0,0,0,0,0
,0,0,0,0,0,0,0
Gryffindor,0,0,0,0,0,0,0
Gryffindor,0,0,0,0,0,0,1
,1,0,0,1,0,1,1
Gryffindor,0,0,0,0,0,0,0
,0,0,0,0,0,0,0
Gryffindor,0,0,0,0,0,0,0
,0,0,1,0,0,0,1
Gryffindor,0,0,0,0,0,0,0
Gryffindor,0,0,0,0,0,0,0
,0,0,1,0,1,0,1
Gryffindor,0,0,0,0,0,0,0
Gryffindor,1,0,0,0,0,0,0
Gryffindor,0,0,0,0,0,0,0
Gryffindor,0,0,0,0,0,0,0
Gryffindor,0,0,0,0,0,0,0
Gryffindor,0,0,0,0,0,0,0
Gryffindor,0,0,0,0,0,0,0
Gryffindor,0,0,0,0,0,0,0
Gryffindor,0,0,0,0,0,0,0
Gryffindor,0,0,0,0,0,0,0
Gryffindor,1,1,0,1,0,1,1
Gryffindor,0,0,0,0,0,0,0
Gryffindor,0,0,0,0,0,0,0
Gryffindor,0,0,0,0,0,0,0
Gryffindor,0,0,0,0,0,0,0
Gryffindor,0,0,0,0,0,0,0
Gryffindor,0,0,0,0,0,0,0
Gryffindor,0,0,0,0,0,0,0
Gryffindor,0,0,0,0,0,0,0
Gryffindor,0,0,0,0,0,0,0
Gryffindor,0,0,0,0,0,0,0
Gryffindor,1,0,0,1,0,1,1
Gryffindor,0,0,0,0,0,0,0
Gryffindor,0,0,0,0,0,0,0
Gryffindor,0,0,0,0,0,0,0
Gryffindor,0,0,0,0,1,0,0
Gryffindor,0,0,2,0,2,0,0
Gryffindor,0,0,1,0,1,0,0
Gryffindor,0,0,0,0,0,0,0
Gryffindor,0,0,1,0,1,0,0
Gryffindor,0,1,1,0,0,0,0
Gryffindor,0,0,1,1,0,0,1
Gryffindor,0,0,0,0,0,0,0
Gryffindor,0,0,0,0,0,0,0
Gryffindor,0,0,0,0,0,0,0
Gryffindor,0,0,1,0,1,0,0
Gryffindor,0,0,1,0,1,0,0
Gryffindor,1,0,0,0,0,0,0
Gryffindor,0,0,0,0,0,0,1
Gryffindor,0,1,1,0,0,0,0
Gryffindor,0,0,1,0,1,0,0
Gryffindor,0,0,0,0,0,0,0
Gryffindor,0,0,0,0,0,0,0
Gryffindor,1,0,1,0,2,0,0
Gryffindor,0,0,0,0,0,0,0
Gryffindor,0,1,0,0,2,1,1
Gryffindor,0,0,0,0,0,0,0
Gryffindor,0,0,0,0,0,0,0
Slytherin,0,0,0,0,0,1,0
Gryffindor,0,0,0,0,0,0,0
Slytherin,0,0,0,1,0,0,1
Gryffindor,0,0,0,0,0,0,1
Slytherin,0,0,0,0,1,0,0
Gryffindor,0,0,0,0,0,0,0
Gryffindor,0,0,0,0,0,0,0
Gryffindor,0,0,0,0,0,0,0
Gryffindor,0,0,0,0,1,0,0
Slytherin,0,0,0,0,0,0,0
Gryffindor,0,0,0,0,0,0,0
Slytherin,1,1,0,0,2,0,0
Gryffindor,0,0,0,0,0,0,0
Slytherin,0,0,0,0,0,0,0
Gryffindor,0,0,0,0,0,0,0
Gryffindor,0,0,0,0,0,0,0
Gryffindor,0,0,0,0,0,0,0
Gryffindor,0,0,0,0,0,0,0
Gryffindor,1,0,0,0,0,0,1
Gryffindor,0,0,0,0,0,0,0
Gryffindor,1,0,0,0,0,0,0
Gryffindor,0,0,0,0,0,0,0
Gryffindor,0,0,0,0,0,0,0
Gryffindor,0,0,0,0,0,0,0
Gryffindor,0,0,0,0,0,0,0
Gryffindor,0,0,0,0,0,0,0
Gryffindor,1,0,1,1,1,0,0
Gryffindor,0,0,0,0,0,0,0
Gryffindor,0,0,0,0,0,0,0
Gryffindor,0,2,1,0,1,0,0
Gryffindor,0,0,0,0,0,0,1
Gryffindor,0,0,0,0,1,1,0
Gryffindor,0,0,0,0,0,0,0
Gryffindor,2,0,0,0,0,0,2
Gryffindor,0,0,0,0,0,0,0
Gryffindor,0,0,0,0,1,0,0
Gryffindor,0,1,0,0,1,1,0
Gryffindor,0,0,0,0,0,0,1
Gryffindor,0,0,1,0,1,0,0
Gryffindor,0,0,0,0,0,0,0
Gryffindor,0,0,0,0,0,0,0
Gryffindor,0,0,0,0,0,0,0
Gryffindor,2,0,0,2,0,0,2
Gryffindor,0,0,0,0,0,0,0
Gryffindor,0,0,0,0,0,0,0
Gryffindor,0,0,0,0,0,0,0
Gryffindor,1,0,1,1,0,1,1
Gryffindor,0,0,0,0,0,0,0
Gryffindor,0,0,0,0,0,0,0
Gryffindor,0,0,0,0,0,0,0
Gryffindor,0,0,0,0,0,0,0
Gryffindor,0,0,0,0,0,0,0
Gryffindor,0,0,0,0,0,0,0
Gryffindor,0,0,0,0,0,0,0
Gryffindor,0,0,0,0,0,0,0
Gryffindor,0,0,0,0,0,0,0
Gryffindor,0,0,0,0,0,0,0
Gryffindor,2,0,0,0,0,0,2
Gryffindor,0,0,0,0,0,0,1
Gryffindor,3,0,0,3,0,3,3
Gryffindor,0,0,0,0,0,0,0
Gryffindor,0,0,0,0,0,0,0
Gryffindor,0,0,0,0,0,0,0
Gryffindor,0,0,0,0,0,0,1
Gryffindor,0,0,0,0,0,0,0
Gryffindor,0,0,0,0,0,0,0
Gryffindor,0,0,0,0,0,0,0
Gryffindor,0,1,0,0,0,0,0
Gryffindor,0,0,0,0,0,0,0
Gryffindor,0,0,0,0,0,0,0
Gryffindor,0,0,0,0,0,0,0
Gryffindor,0,0,0,0,0,0,0
Gryffindor,0,0,0,0,0,0,0
Gryffindor,0,2,2,0,2,0,0
Gryffindor,0,0,0,0,0,0,1
Gryffindor,0,0,0,0,0,0,0
Slytherin,0,0,0,0,0,0,0
Gryffindor,0,0,0,0,0,0,0
Slytherin,0,0,0,0,0,0,0
Gryffindor,0,0,0,0,0,0,0
Gryffindor,0,0,0,0,0,0,0
Gryffindor,0,0,0,0,0,0,0
Gryffindor,0,0,0,0,0,0,0
Gryffindor,0,0,0,0,0,0,0
Gryffindor,0,0,0,0,0,0,0
Gryffindor,0,0,1,0,1,0,0
Gryffindor,0,0,0,0,0,0,0
Gryffindor,0,0,0,0,0,0,0
Gryffindor,0,0,0,0,0,0,0
Gryffindor,0,0,0,0,0,0,0
Gryffindor,0,0,0,0,0,0,1
Gryffindor,0,0,0,0,0,0,0
Gryffindor,4,2,4,3,5,3,6
Gryffindor,0,2,2,0,2,0,0
Gryffindor,0,0,0,0,0,0,0
Gryffindor,0,0,0,0,0,0,0
Gryffindor,0,0,0,0,0,0,0
Gryffindor,0,0,0,0,0,0,0
Gryffindor,0,0,0,0,0,0,0
Gryffindor,0,0,0,0,0,0,0
Gryffindor,0,1,1,0,1,0,0
Gryffindor,0,0,0,0,0,0,0
Gryffindor,0,0,0,0,0,0,0
Gryffindor,0,0,0,0,0,0,0
Gryffindor,0,0,0,0,0,0,0
Gryffindor,0,0,0,0,0,0,0
Gryffindor,0,0,0,0,0,0,0
Gryffindor,1,0,0,1,0,1,1
Gryffindor,0,0,0,0,0,0,0
Slytherin,0,0,0,0,0,0,0
Slytherin,0,0,0,0,0,0,1
Gryffindor,0,0,0,0,0,0,0
Gryffindor,0,0,0,0,0,0,0
Gryffindor,0,0,0,0,0,0,0
Gryffindor,0,0,0,0,0,0,0
Gryffindor,0,0,0,0,0,0,1
Gryffindor,0,0,0,0,0,0,0
Gryffindor,0,0,1,0,1,0,0
Gryffindor,0,0,0,0,0,0,0
Gryffindor,0,0,0,0,0,0,0
Gryffindor,0,0,0,0,0,0,0
Gryffindor,0,0,0,0,0,0,0
Gryffindor,1,0,0,0,0,1,1
Gryffindor,1,1,1,0,2,0,0
Gryffindor,0,0,0,0,0,0,0
Gryffindor,0,0,0,0,0,0,0
Gryffindor,0,0,0,0,0,0,0
Gryffindor,0,0,0,0,0,0,0
Gryffindor,1,0,0,0,0,0,0
Gryffindor,0,0,0,0,0,0,0
Gryffindor,0,0,0,0,0,0,0
Gryffindor,1,0,0,0,0,0,0
Gryffindor,0,0,0,0,0,0,0
Gryffindor,0,0,0,0,0,0,0
Gryffindor,0,0,0,0,0,0,0
Gryffindor,0,0,0,0,0,0,0
,0,0,0,0,0,0,0
Gryffindor,0,0,0,0,0,0,0
Gryffindor,1,0,0,0,0,0,0
,0,0,0,0,0,0,0
Gryffindor,1,0,0,0,0,0,0
Gryffindor,1,0,0,0,0,0,0
Gryffindor,0,0,0,0,0,0,0
,0,0,0,0,0,0,0
Gryffindor,0,0,0,0,0,0,0
,0,0,0,0,0,0,0
Gryffindor,0,0,0,0,0,0,1
,0,0,0,0,0,0,0
Gryffindor,0,0,0,0,0,0,0
Gryffindor,0,0,0,0,0,0,0
,0,0,0,0,0,0,0
Gryffindor,0,0,0,0,0,0,0
,0,0,0,0,0,0,0
Gryffindor,0,0,0,0,0,0,0
Gryffindor,0,0,0,0,0,0,0
,0,0,0,0,0,0,0
Gryffindor,0,0,0,0,0,0,0
,0,0,0,0,0,0,0
Gryffindor,0,0,0,0,0,0,0
Gryffindor,0,0,0,0,0,0,0
,0,0,0,0,0,0,0
,0,0,0,0,0,0,0
Gryffindor,0,0,0,0,0,0,0
Gryffindor,0,0,0,0,0,0,0
,0,0,0,0,0,0,0
Gryffindor,0,0,0,0,0,0,0
Gryffindor,0,0,0,0,0,0,0
Gryffindor,0,0,0,0,0,0,0
Gryffindor,0,0,0,1,0,0,1
Gryffindor,0,0,0,0,0,0,0
Gryffindor,0,0,0,0,0,0,0
Gryffindor,0,0,0,0,0,0,0
Gryffindor,0,0,0,0,0,0,0
Gryffindor,0,0,0,0,0,0,0
Gryffindor,0,0,0,0,0,0,0
Gryffindor,1,0,0,1,0,0,1
Gryffindor,0,0,0,0,0,0,0
Gryffindor,0,0,0,0,0,0,0
Gryffindor,0,0,0,0,0,0,0
Gryffindor,2,1,1,1,0,1,1
Gryffindor,0,0,0,0,0,0,0
Gryffindor,0,0,0,0,0,0,0
Gryffindor,0,0,0,0,0,0,0
Gryffindor,0,0,0,0,0,0,0
Gryffindor,0,0,0,0,0,0,0
Gryffindor,0,0,0,0,0,0,0
Gryffindor,0,0,0,0,0,0,0
Gryffindor,0,0,0,0,0,0,0
Gryffindor,0,0,0,0,0,0,0
Gryffindor,1,0,0,0,0,0,0
Gryffindor,0,0,0,0,0,0,0
Gryffindor,0,0,0,0,0,0,0
Gryffindor,0,0,0,0,1,0,1
Gryffindor,0,0,0,0,0,0,0
Gryffindor,1,0,0,0,0,1,0
Gryffindor,0,0,0,0,0,0,0
Gryffindor,0,0,0,0,0,0,0
Gryffindor,0,0,0,0,0,0,0
Gryffindor,0,0,0,0,0,0,0
Gryffindor,1,0,0,0,0,0,0
Gryffindor,0,0,0,0,0,0,0
Gryffindor,0,0,0,0,0,0,0
Gryffindor,0,0,0,0,0,0,0
Gryffindor,0,0,0,0,0,0,0
Gryffindor,0,0,0,0,0,0,0
Gryffindor,0,0,0,0,0,0,0
Gryffindor,0,0,0,0,0,0,0
Gryffindor,1,0,1,0,0,1,1
Gryffindor,0,0,0,0,0,0,0
Gryffindor,1,2,2,1,2,1,0
Gryffindor,0,0,0,0,0,0,0
Gryffindor,0,0,0,0,0,0,0
Gryffindor,0,0,0,0,0,0,0
Gryffindor,1,0,0,1,0,1,1
Gryffindor,0,0,0,0,0,0,0
Gryffindor,0,0,0,0,0,0,0
Gryffindor,0,0,0,0,0,0,0
Gryffindor,0,0,0,0,0,0,0
Gryffindor,0,0,0,0,0,0,0
Gryffindor,0,0,0,0,0,0,0
Gryffindor,0,0,0,0,0,0,0
Gryffindor,2,0,0,0,0,1,0
Gryffindor,0,0,0,0,0,0,0
Gryffindor,0,0,0,0,0,0,0
Gryffindor,0,0,0,0,0,0,0
Gryffindor,0,0,0,0,0,0,0
Gryffindor,2,2,1,2,3,1,3
Gryffindor,0,0,0,0,0,0,0
Gryffindor,0,0,0,0,0,0,0
Gryffindor,0,0,0,0,0,0,0
Gryffindor,0,0,0,0,0,0,0
Gryffindor,0,0,0,0,1,0,0
Gryffindor,0,0,0,0,0,0,0
Gryffindor,0,0,0,0,0,0,0
,0,0,0,0,0,0,0
Gryffindor,0,0,0,0,0,0,0
Gryffindor,0,0,0,0,0,0,0
Gryffindor,0,0,0,0,0,0,0
Gryffindor,0,0,0,0,0,0,0
Gryffindor,0,0,0,0,0,0,0
Gryffindor,0,0,0,0,0,0,0
,0,1,1,0,1,0,0
Gryffindor,0,1,0,0,0,0,1
Slytherin,0,1,0,0,0,0,0
,0,1,0,0,1,0,0
Slytherin,0,0,0,0,0,0,0
Slytherin,0,0,0,0,0,0,1
Slytherin,0,0,0,0,0,0,0
Gryffindor,0,0,0,0,0,0,0
Gryffindor,0,0,0,0,0,0,0
Gryffindor,0,1,1,0,1,0,0
Gryffindor,0,0,0,0,0,0,0
Gryffindor,0,0,0,0,0,0,0
Gryffindor,0,0,0,0,0,0,0
Gryffindor,0,1,1,0,1,0,0
Gryffindor,1,0,0,1,1,0,1
Gryffindor,0,0,0,0,0,0,0
Gryffindor,0,0,0,0,0,0,0
Gryffindor,0,0,0,0,0,0,0
,1,0,0,0,0,0,0
Gryffindor,1,0,0,1,0,1,0
Hufflepuff,0,0,0,0,0,0,0
,0,0,0,0,1,0,0
Gryffindor,0,0,0,0,0,0,0
,0,0,0,0,0,0,0
Gryffindor,0,0,0,0,0,0,0
Gryffindor,0,0,0,0,0,0,0
,0,0,0,0,0,0,0
Gryffindor,0,0,0,0,0,0,0
Gryffindor,0,0,0,0,0,0,0
Gryffindor,0,0,0,0,0,0,0
,1,0,0,0,0,0,0
Gryffindor,0,0,0,0,0,0,0
,0,0,0,0,0,0,0
Gryffindor,0,0,0,0,0,0,0
,0,0,0,0,0,0,0
Gryffindor,0,0,0,0,0,0,0
Gryffindor,0,0,0,0,0,0,0
Gryffindor,0,0,0,0,0,0,0
Gryffindor,0,0,0,0,0,0,0
Gryffindor,0,0,0,0,0,0,0
Gryffindor,0,0,0,0,0,0,0
,0,0,0,0,1,0,0
Gryffindor,0,0,0,0,0,0,0
Gryffindor,1,0,0,1,0,1,1
Gryffindor,0,0,0,0,0,0,0
Gryffindor,0,0,0,0,0,0,0
Gryffindor,0,0,0,0,0,0,0
Gryffindor,0,0,0,0,0,0,0
Gryffindor,0,0,0,0,0,0,0
Gryffindor,0,0,0,0,0,0,0
Gryffindor,0,0,0,1,0,0,0
Gryffindor,0,0,0,0,0,0,0
Slytherin,0,0,0,0,0,0,0
Slytherin,1,0,0,0,0,0,2
Slytherin,1,0,0,1,0,0,1
Gryffindor,0,0,0,0,0,0,0
Gryffindor,0,0,0,0,0,0,0
Gryffindor,0,0,0,0,0,0,0
Gryffindor,0,0,0,0,0,0,0
Gryffindor,0,0,0,0,0,0,0
Gryffindor,0,0,0,0,0,0,0
Gryffindor,0,0,0,0,0,0,0
Gryffindor,0,0,0,0,0,0,0
,1,0,0,1,0,1,1
Gryffindor,0,0,0,0,0,0,0
Gryffindor,0,0,0,1,0,0,0
Gryffindor,0,0,0,1,0,0,0
Gryffindor,0,0,0,1,0,0,0
Gryffindor,0,0,0,0,0,0,0
Gryffindor,0,0,0,0,0,0,0
Gryffindor,0,0,0,0,0,0,0
Gryffindor,0,0,0,1,0,0,0
Gryffindor,0,0,0,0,0,0,0
Gryffindor,0,0,0,0,0,0,0
Gryffindor,1,0,0,0,1,0,0
Gryffindor,0,0,0,0,0,0,0
Gryffindor,0,0,0,0,0,0,0
Gryffindor,0,0,0,0,0,0,0
,0,0,0,0,0,0,0
Gryffindor,0,0,0,0,0,0,0
,0,0,0,0,0,0,0
Gryffindor,0,0,0,0,0,0,0
Gryffindor,0,0,0,0,0,0,0
Gryffindor,0,0,0,0,0,0,0
Gryffindor,0,0,0,0,1,0,0
Gryffindor,0,0,0,0,0,0,0
,0,0,0,0,0,0,0
Gryffindor,0,0,0,0,0,0,0
,0,0,0,0,0,0,0
Gryffindor,0,0,0,0,0,0,0
Gryffindor,0,0,0,0,0,0,0
,0,0,0,0,0,0,0
,0,0,0,0,0,0,0
Gryffindor,0,0,0,0,0,0,0
Gryffindor,0,0,0,0,0,0,0
Gryffindor,0,0,0,0,0,0,0
Gryffindor,0,0,0,0,0,0,0
Ravenclaw,0,0,0,0,0,0,0
Ravenclaw,0,0,0,0,0,0,0
,1,0,0,1,0,1,1
Gryffindor,0,0,0,0,0,0,0
Gryffindor,0,0,0,1,0,0,1
Gryffindor,0,0,0,0,1,0,0
Gryffindor,0,0,1,0,1,0,0
Gryffindor,0,0,0,0,0,0,0
Gryffindor,0,0,0,0,0,0,0
Gryffindor,0,0,0,0,0,0,0
Gryffindor,0,0,0,0,0,0,0
Gryffindor,0,0,0,1,0,0,0
Gryffindor,2,0,0,2,1,2,4
,0,0,0,0,0,0,0
Gryffindor,1,0,0,1,0,0,1
Gryffindor,0,0,0,0,0,0,0
,0,0,0,0,0,0,0
Gryffindor,0,0,0,0,0,0,0
Beauxbatons Academy of Magic,1,0,0,0,0,0,1
Gryffindor,1,0,1,0,1,0,0
Beauxbatons Academy of Magic,0,0,0,0,0,0,0
Ravenclaw,0,0,0,0,0,0,0
Gryffindor,0,0,1,0,0,0,0
Gryffindor,0,0,0,0,0,0,0
Gryffindor,0,0,0,1,0,0,3
Gryffindor,0,1,1,0,1,0,0
Gryffindor,0,0,0,0,0,0,0
Gryffindor,0,1,1,0,1,0,0
Gryffindor,0,0,0,0,0,0,0
,0,0,0,0,0,0,0
Gryffindor,0,0,0,0,0,0,0
Gryffindor,0,0,0,0,0,0,0
,0,0,0,1,0,0,1
Gryffindor,0,0,0,0,0,0,0
Gryffindor,0,0,0,0,0,0,0
Gryffindor,1,0,0,0,0,0,0
,0,0,0,0,0,0,0
,0,0,0,1,2,0,1
Gryffindor,0,0,0,0,0,0,0
,0,0,0,0,0,0,0
Gryffindor,0,0,0,0,0,0,0
,1,0,0,2,0,1,1
Gryffindor,0,0,0,0,0,0,0
,0,1,1,0,1,0,0
Gryffindor,0,0,0,0,0,0,0
,0,0,0,0,0,0,0
Gryffindor,0,0,0,0,0,0,0
,0,0,0,1,1,0,3
,0,0,0,0,0,0,0
,0,0,0,0,0,0,0
,0,0,0,0,0,0,0
,0,0,0,1,0,0,0
,0,0,1,1,1,0,0
,0,0,0,0,0,0,0
,0,0,0,0,0,0,1
Gryffindor,0,0,0,0,0,0,0
,1,1,1,0,1,0,0
Gryffindor,0,0,0,0,1,0,0
,0,1,1,0,1,0,0
,0,0,1,0,1,0,0
Gryffindor,1,0,1,1,0,0,1
Gryffindor,0,0,0,0,0,0,0
Gryffindor,0,0,0,0,0,0,0
,0,0,0,0,0,0,0
,0,0,0,0,0,0,1
Gryffindor,1,0,0,1,0,0,1
Gryffindor,0,0,0,0,0,0,0
Gryffindor,0,0,0,0,0,0,0
Gryffindor,0,0,0,0,0,0,0
Gryffindor,0,0,0,0,0,0,0
Gryffindor,0,0,0,0,0,0,0
Gryffindor,0,0,0,0,0,0,0
Gryffindor,0,0,0,0,0,0,0
Gryffindor,0,0,0,0,0,0,0
Gryffindor,0,0,0,0,0,0,0
Gryffindor,1,0,0,0,0,0,0
Gryffindor,1,0,0,0,0,0,0
Gryffindor,0,0,0,0,0,0,0
Gryffindor,0,0,0,0,0,0,0
Gryffindor,1,0,0,1,0,0,1
Gryffindor,1,0,0,1,0,0,1
Gryffindor,0,0,0,0,0,0,0
Gryffindor,1,0,0,1,0,0,1
Gryffindor,0,0,0,0,2,0,0
Gryffindor,0,0,0,0,0,0,0
Gryffindor,0,0,0,0,1,0,0
Gryffindor,1,0,0,1,1,1,1
,0,0,0,0,0,0,0
Gryffindor,0,0,0,0,0,0,0
Gryffindor,0,0,0,0,0,0,0
Gryffindor,0,0,0,0,1,0,0
Gryffindor,0,0,0,0,0,0,0
Gryffindor,0,0,0,0,0,0,0
Gryffindor,0,0,0,0,0,0,0
Beauxbatons Academy of Magic,0,0,0,0,0,0,0
,3,3,4,3,1,1,2
,1,0,0,0,0,0,0
,0,0,0,0,1,0,0
Gryffindor,0,0,0,0,1,1,0
,1,0,1,1,0,1,0
Gryffindor,0,0,0,0,1,0,0
Gryffindor,0,0,0,0,0,0,1
Gryffindor,0,0,0,0,0,0,0
Gryffindor,0,0,0,0,0,0,0
Gryffindor,1,1,1,0,1,0,0
Slytherin,1,0,1,0,0,0,0
Gryffindor,0,1,0,0,0,0,0
Gryffindor,0,0,0,0,1,0,0
,0,0,0,0,0,0,0
Gryffindor,1,0,1,0,0,0,0
Gryffindor,0,0,0,0,0,0,0
Gryffindor,0,0,0,1,0,0,1
Gryffindor,0,0,0,0,0,0,0
Gryffindor,0,1,1,0,1,0,0
Gryffindor,1,0,0,0,0,0,0
Gryffindor,0,0,0,0,1,0,0
Gryffindor,1,0,0,1,0,0,1
Gryffindor,0,0,0,0,0,0,0
,0,0,0,0,0,0,0
,5,3,2,2,3,1,2
,0,0,0,0,0,0,0
Gryffindor,0,0,0,0,0,0,0
,0,0,0,0,0,0,0
Gryffindor,0,0,0,0,0,0,0
,0,1,0,0,0,0,0
Gryffindor,0,0,0,0,0,0,0
,1,0,0,0,0,0,0
Gryffindor,1,0,0,0,0,0,0
,0,1,0,0,0,0,0
Gryffindor,0,0,0,0,0,0,0
,0,0,1,0,0,0,0
Gryffindor,0,0,0,0,0,0,0
,0,0,2,0,1,0,0
Gryffindor,0,0,0,0,0,0,0
Gryffindor,2,0,1,0,0,0,0
Gryffindor,0,0,0,0,0,0,0
Gryffindor,0,0,0,0,0,0,0
,0,0,1,0,1,0,0
Gryffindor,0,0,0,0,0,0,0
Gryffindor,1,0,0,0,1,0,0
Gryffindor,0,0,0,0,0,0,0
Gryffindor,0,0,0,0,0,0,0
Gryffindor,0,0,0,0,0,0,0
Gryffindor,0,0,0,0,0,0,0
Gryffindor,0,0,0,0,0,0,0
Gryffindor,0,0,0,0,0,0,0
Gryffindor,0,0,0,0,0,0,0
Gryffindor,1,0,0,2,0,0,1
Gryffindor,0,0,0,0,0,0,0
Gryffindor,0,0,0,0,0,0,0
Gryffindor,0,0,0,0,0,0,0
Gryffindor,1,0,1,1,2,0,1
Gryffindor,1,0,0,0,0,0,0
Gryffindor,0,0,0,0,0,0,0
Gryffindor,0,0,0,0,0,0,0
Gryffindor,0,0,0,0,0,0,0
Gryffindor,0,0,0,0,0,0,0
Gryffindor,0,0,0,0,0,0,0
Gryffindor,0,0,0,0,0,0,0
Gryffindor,0,0,0,0,0,0,0
Gryffindor,0,0,0,0,0,0,0
Gryffindor,0,0,0,0,0,0,0
Gryffindor,0,0,0,0,0,0,0
Gryffindor,0,0,0,0,0,0,0
Gryffindor,1,0,0,1,0,1,0
Gryffindor,0,0,0,0,1,0,0
Gryffindor,0,0,0,0,0,0,0
Gryffindor,0,0,0,0,0,0,0
Gryffindor,0,0,0,0,0,0,0
Gryffindor,0,0,0,0,0,0,0
Gryffindor,0,0,0,0,0,0,0
Gryffindor,0,0,0,0,0,0,0
Gryffindor,0,0,0,0,0,0,0
Gryffindor,0,0,0,0,0,0,0
Gryffindor,0,0,0,0,0,0,0
Gryffindor,1,0,0,1,0,0,1
Gryffindor,0,0,0,0,0,0,0
Gryffindor,0,0,0,0,0,0,1
Beauxbatons Academy of Magic,0,0,0,0,0,0,0
Gryffindor,0,0,0,0,0,0,0
Gryffindor,0,0,0,0,0,0,0
Beauxbatons Academy of Magic,2,0,1,0,1,0,0
Gryffindor,0,0,0,0,0,0,0
Beauxbatons Academy of Magic,0,0,0,0,0,0,1
Gryffindor,1,0,0,1,0,0,1
Beauxbatons Academy of Magic,0,0,0,0,0,0,0
Beauxbatons Academy of Magic,0,0,0,0,0,0,0
Gryffindor,0,0,0,0,0,0,0
Gryffindor,0,0,0,0,0,0,0
Gryffindor,0,1,1,0,1,0,0
Gryffindor,0,0,0,0,0,0,0
Gryffindor,0,0,0,0,0,0,1
Gryffindor,0,0,0,0,0,0,0
,0,0,0,0,0,0,0
Gryffindor,0,0,0,0,0,0,0
,0,0,0,0,0,0,0
Gryffindor,0,0,0,0,0,0,0
Gryffindor,0,0,0,0,0,0,0
Hufflepuff,0,0,0,0,0,0,0
Gryffindor,0,0,0,0,0,0,0
Hufflepuff,0,0,0,0,0,0,0
Gryffindor,0,0,0,0,0,0,0
Hufflepuff,0,0,0,0,0,0,1
Gryffindor,1,0,1,0,1,0,0
Gryffindor,0,1,1,0,0,0,0
Gryffindor,0,0,0,0,0,0,0
Gryffindor,0,0,0,0,0,0,0
Gryffindor,0,0,0,0,0,0,0
Gryffindor,0,0,0,0,0,0,0
Gryffindor,0,0,0,0,0,0,0
Slytherin,0,0,0,0,0,0,1
Gryffindor,0,1,0,0,0,0,1
,0,0,0,1,0,1,1
Gryffindor,0,0,0,0,1,0,1
,0,0,0,0,0,0,0
Gryffindor,0,0,0,0,0,0,0
,0,0,0,0,0,0,0
Slytherin,0,0,0,0,0,0,1
,0,0,0,0,0,0,0
,0,1,0,0,0,0,1
Gryffindor,0,0,0,0,0,0,0
,0,0,0,0,0,0,0
Gryffindor,0,0,0,0,0,0,0
,0,0,0,0,0,0,0
,0,0,0,0,0,0,0
,0,0,0,0,0,0,0
Gryffindor,1,0,0,0,0,0,0
,2,0,1,1,1,0,1
Gryffindor,0,0,0,0,0,0,0
,0,0,0,0,0,0,0
Gryffindor,0,0,0,0,0,0,0
,0,0,0,0,0,0,0
Gryffindor,0,0,0,0,0,0,0
Gryffindor,0,0,0,0,0,0,0
Gryffindor,0,0,0,0,0,0,0
Gryffindor,0,0,0,0,0,0,0
,1,0,0,1,0,1,0
Durmstrang Institute,0,0,0,0,0,0,0
,0,0,0,0,0,0,0
Gryffindor,1,0,0,1,0,1,2
Gryffindor,0,0,0,0,0,0,0
Gryffindor,0,0,0,0,0,0,0
Gryffindor,0,0,0,0,0,0,0
,0,0,0,0,0,0,0
,0,0,0,0,0,0,0
,0,0,0,0,0,0,0
,0,0,0,0,0,0,0
Gryffindor,0,0,0,0,0,0,0
,0,0,0,0,0,0,0
Gryffindor,0,0,0,0,0,0,0
,3,0,0,1,0,1,3
Gryffindor,2,0,0,2,0,2,1
Gryffindor,0,0,0,0,0,0,0
Gryffindor,0,0,0,0,0,0,0
Gryffindor,0,0,1,0,1,0,0
Gryffindor,0,1,1,0,1,1,0
Gryffindor,0,0,0,0,0,0,0
Gryffindor,0,0,0,0,0,0,0
Gryffindor,0,0,0,0,0,0,0
Gryffindor,0,0,0,0,0,0,0
Gryffindor,0,2,2,0,2,0,0
Gryffindor,0,0,0,0,0,0,0
Gryffindor,0,1,1,0,1,0,0
Gryffindor,1,0,0,0,0,0,0
Gryffindor,1,0,0,0,0,0,0
Gryffindor,0,0,0,0,0,0,0
Gryffindor,1,0,1,0,0,1,0
Gryffindor,1,0,1,0,0,1,0
Gryffindor,1,0,0,0,0,0,0
Gryffindor,0,0,0,0,0,0,0
Gryffindor,0,0,0,0,0,0,0
Gryffindor,0,0,0,0,0,0,0
Gryffindor,0,0,1,0,1,0,1
Gryffindor,0,0,0,0,0,0,0
Gryffindor,0,0,0,0,0,0,0
Gryffindor,0,0,0,0,0,0,0
Gryffindor,0,0,1,0,0,0,0
Gryffindor,0,0,0,0,0,0,0
Gryffindor,0,0,0,0,0,0,0
Gryffindor,0,0,0,0,0,0,0
Gryffindor,0,0,0,0,0,0,0
Gryffindor,0,0,0,0,0,0,0
Gryffindor,0,0,0,0,0,0,0
Gryffindor,1,0,0,0,0,1,2
Gryffindor,2,0,0,1,0,1,1
Gryffindor,0,0,0,0,0,0,0
Gryffindor,1,0,0,1,1,0,2
Gryffindor,0,0,0,0,0,0,0
Gryffindor,1,1,1,0,0,0,1
Gryffindor,0,0,0,0,0,0,0
Gryffindor,0,0,0,0,0,0,0
Gryffindor,0,0,0,0,0,0,0
Gryffindor,0,0,0,0,0,0,0
Gryffindor,0,0,0,0,0,0,0
Gryffindor,0,0,0,0,0,0,0
Gryffindor,0,0,0,0,0,0,0
Gryffindor,0,0,0,0,0,0,0
Gryffindor,0,0,0,0,0,0,0
Gryffindor,0,0,0,0,0,0,0
Gryffindor,0,0,0,0,0,0,0
Gryffindor,0,0,0,0,0,0,0
Gryffindor,0,0,1,0,0,0,0
Gryffindor,1,0,1,0,1,0,1
Gryffindor,0,0,0,0,0,0,0
Gryffindor,0,0,0,0,0,0,0
Gryffindor,0,0,0,0,0,0,0
Gryffindor,0,0,0,0,0,0,0
Gryffindor,0,0,0,0,0,0,0
Gryffindor,0,0,0,0,0,0,0
Gryffindor,0,0,0,0,0,0,0
Gryffindor,0,0,0,0,0,0,0
Gryffindor,0,0,0,0,0,0,1
Gryffindor,0,0,0,0,0,0,0
Gryffindor,0,1,1,0,1,0,0
Gryffindor,0,0,0,0,0,0,1
Gryffindor,0,0,0,0,0,0,0
Ravenclaw,0,0,0,0,0,0,0
Gryffindor,0,0,0,0,0,0,0
Ravenclaw,1,0,1,0,0,0,0
Gryffindor,0,0,0,0,0,0,0
Ravenclaw,0,0,0,0,0,0,0
Gryffindor,0,0,0,0,0,0,0
Ravenclaw,0,0,0,0,0,1,0
Gryffindor,0,0,0,0,0,0,0
Ravenclaw,0,0,0,0,1,0,0
Gryffindor,0,0,0,0,0,0,0
Ravenclaw,0,0,0,0,1,0,0
Gryffindor,0,0,0,0,0,0,0
,0,0,0,0,0,0,0
Gryffindor,0,0,0,0,0,0,0
Gryffindor,0,0,0,0,0,0,0
Gryffindor,0,0,0,0,0,0,0
Gryffindor,0,0,0,0,0,0,0
Gryffindor,0,0,0,0,0,0,0
Gryffindor,0,0,0,0,0,0,0
,0,0,0,0,0,0,0
Gryffindor,0,0,0,0,0,0,0
Gryffindor,0,0,0,0,0,0,0
Gryffindor,0,0,0,0,0,0,0
Ravenclaw,0,0,0,0,0,0,0
Gryffindor,0,0,0,0,0,0,0
Gryffindor,0,1,1,0,1,0,0
Gryffindor,0,0,0,0,0,0,0
Gryffindor,0,0,0,0,0,0,0
Gryffindor,0,0,0,0,0,0,0
Gryffindor,1,0,0,0,0,1,1
Gryffindor,0,0,0,0,0,0,1
Gryffindor,0,2,1,0,1,1,1
Gryffindor,0,0,0,0,1,1,0
Gryffindor,0,0,0,0,1,0,0
Gryffindor,0,0,0,0,0,0,0
Gryffindor,1,0,0,0,0,0,0
Gryffindor,0,0,0,0,0,0,0
Gryffindor,0,1,1,0,1,0,0
Gryffindor,0,0,0,0,0,0,0
Gryffindor,0,0,0,0,0,0,0
Gryffindor,0,0,0,0,0,0,0
Gryffindor,1,0,0,0,0,0,0
Gryffindor,0,0,1,0,1,0,0
Gryffindor,0,0,0,0,0,0,0
Gryffindor,0,0,0,0,0,0,0
Gryffindor,0,0,0,0,0,0,0
Gryffindor,0,0,0,0,0,0,0
Ravenclaw,0,0,0,0,0,0,0
Gryffindor,0,0,0,0,0,0,0
Gryffindor,0,0,0,0,0,0,0
Gryffindor,0,0,0,0,0,0,0
Gryffindor,0,0,0,0,0,0,0
Gryffindor,0,0,0,0,0,0,0
Gryffindor,0,0,0,0,0,0,0
Gryffindor,0,0,0,0,0,0,0
Gryffindor,0,0,0,0,0,0,0
Gryffindor,1,0,0,1,1,1,0
Gryffindor,0,0,0,1,0,0,1
Ravenclaw,0,0,0,1,0,0,1
Gryffindor,0,0,0,0,0,0,0
Gryffindor,0,0,0,0,0,0,0
Gryffindor,1,0,0,0,0,0,1
Gryffindor,0,0,1,0,1,0,1
Gryffindor,0,0,0,0,0,0,0
Gryffindor,0,0,0,0,0,0,0
Gryffindor,0,0,0,0,0,0,0
Gryffindor,0,0,0,0,0,0,0
Gryffindor,1,0,0,0,0,0,0
Gryffindor,0,0,0,0,0,0,0
Gryffindor,0,0,0,0,0,0,0
Gryffindor,0,0,0,0,0,0,0
Gryffindor,0,1,0,0,0,0,0
Slytherin,0,0,0,0,0,0,0
Slytherin,1,0,0,0,0,0,0
Gryffindor,0,0,0,0,0,0,0
Gryffindor,0,0,0,0,1,0,0
Gryffindor,0,0,0,0,0,0,0
Gryffindor,0,0,0,0,0,0,0
Gryffindor,0,0,0,0,0,0,0
Gryffindor,0,0,2,0,0,0,0
Hufflepuff,0,0,0,0,0,0,0
Gryffindor,0,0,0,0,0,0,0
Hufflepuff,0,0,0,0,0,0,0
Gryffindor,0,0,0,0,0,0,0
Hufflepuff,0,0,0,0,0,0,0
Gryffindor,0,0,0,0,0,0,0
Hufflepuff,0,0,0,0,0,0,0
Hufflepuff,0,1,1,0,1,0,0
Gryffindor,0,0,0,0,0,0,0
Ravenclaw,0,0,0,0,0,0,0
Gryffindor,0,0,0,0,0,0,0
Ravenclaw,2,0,0,0,0,0,0
Ravenclaw,0,2,1,0,1,0,1
Gryffindor,0,0,0,0,0,0,0
Ravenclaw,0,0,0,0,0,0,0
Ravenclaw,0,0,0,0,0,0,0
,3,0,0,1,1,0,1
Gryffindor,0,0,0,0,1,0,0
Ravenclaw,0,0,0,0,0,1,0
Gryffindor,0,0,0,0,0,0,0
Gryffindor,1,0,0,0,0,0,0
Gryffindor,0,0,0,0,1,0,0
Gryffindor,1,0,0,0,0,0,0
Gryffindor,0,0,0,0,0,0,0
Gryffindor,1,0,0,0,0,0,0
Gryffindor,0,0,0,0,0,0,0
,0,1,1,0,1,1,1
Gryffindor,0,0,0,0,0,0,0
,2,0,0,1,0,1,2
,0,0,0,0,0,0,0
Gryffindor,1,1,1,0,1,1,1
Gryffindor,0,0,0,0,0,0,0
Gryffindor,0,0,0,0,0,0,0
Gryffindor,0,0,0,0,0,0,0
Gryffindor,0,0,0,0,0,0,0
Gryffindor,0,0,0,0,0,0,0
Gryffindor,0,0,0,0,0,0,0
Gryffindor,0,0,0,0,0,0,0
Gryffindor,0,0,0,0,0,0,0
Gryffindor,0,0,0,0,0,0,0
Gryffindor,0,0,0,0,0,0,0
Gryffindor,0,0,0,0,0,0,0
Gryffindor,0,0,0,0,0,0,0
Gryffindor,0,0,0,0,0,0,0
Gryffindor,3,1,0,3,3,0,3
,0,0,0,0,0,0,0
Gryffindor,1,0,0,0,0,0,0
Gryffindor,0,0,0,0,0,0,0
Gryffindor,0,0,0,0,0,0,0
Gryffindor,1,0,1,1,1,0,1
Gryffindor,1,0,1,1,0,0,1
Gryffindor,0,0,0,1,0,0,1
,0,0,0,0,0,0,0
Gryffindor,0,0,0,0,0,0,0
,0,0,0,0,0,0,0
Gryffindor,0,0,0,0,0,0,0
Beauxbatons Academy of Magic,0,0,0,0,0,0,0
Beauxbatons Academy of Magic,0,0,0,0,0,0,0
Gryffindor,0,0,0,0,0,0,0
Gryffindor,0,0,0,0,0,0,0
Gryffindor,0,0,0,0,0,0,0
Gryffindor,0,0,0,0,0,0,0
Gryffindor,0,0,0,0,0,0,0
Gryffindor,0,0,0,0,0,0,0
Gryffindor,0,0,0,0,0,0,0
Gryffindor,1,0,0,1,0,1,0
Gryffindor,2,0,0,3,0,3,5
Gryffindor,0,0,0,0,0,0,1
Gryffindor,0,0,0,0,0,0,0
Gryffindor,0,0,0,0,0,0,0
,1,1,1,1,1,1,1
,0,1,0,0,0,0,0
,0,0,0,0,0,0,0
Gryffindor,0,0,0,0,0,0,0
Gryffindor,0,0,0,0,0,0,0
Gryffindor,1,0,0,1,1,0,1
Gryffindor,0,0,0,0,0,0,0
Gryffindor,0,0,0,0,0,0,0
,1,0,0,0,0,1,1
Gryffindor,0,0,0,0,0,0,1
,0,0,0,0,0,0,0
Gryffindor,0,0,0,0,0,0,0
,0,0,0,0,0,0,0
,0,0,0,0,0,0,0
,1,0,0,1,1,1,1
Gryffindor,0,0,0,0,0,0,0
Gryffindor,1,0,1,0,2,1,1
Gryffindor,0,0,0,0,0,0,0
Gryffindor,0,0,0,0,0,0,0
,3,0,0,2,0,1,5
,0,0,0,0,0,0,0
,0,0,0,0,0,0,0
,0,0,0,0,0,0,0
,0,0,0,0,0,0,0
,0,0,0,0,0,0,0
,0,0,0,0,0,0,0
,0,0,0,0,0,0,0
,0,0,0,0,0,0,1
,0,0,0,0,0,0,0
,0,0,0,0,0,0,0
,0,0,0,1,0,0,1
,0,0,0,0,0,0,1
,0,0,0,0,0,0,0
Gryffindor,0,1,1,0,1,0,3
,0,1,1,0,1,0,2
,0,0,0,0,0,0,0
,0,0,0,0,0,0,2
,0,0,0,0,0,0,0
,0,0,0,0,0,0,0
,0,0,0,0,0,0,0
,0,0,0,0,0,0,0
,1,1,1,0,1,0,2
,0,1,0,0,1,0,0
,0,0,0,0,0,0,0
,0,1,0,0,1,0,0
,0,0,0,0,0,0,0
Gryffindor,1,2,2,0,3,0,1
Gryffindor,0,0,0,0,0,0,0
Gryffindor,0,0,1,0,1,0,0
Gryffindor,0,0,0,0,0,0,0
Gryffindor,0,0,0,0,0,0,0
Gryffindor,0,0,0,0,0,0,0
Gryffindor,1,0,0,0,0,0,0
Gryffindor,0,0,0,0,0,0,0
,0,0,0,0,0,0,0
Slytherin,0,0,0,0,1,0,0
Gryffindor,0,0,0,0,0,0,0
Slytherin,0,0,0,1,0,0,1
Gryffindor,0,0,0,0,0,0,0
Slytherin,0,0,1,0,1,1,1
Gryffindor,0,0,0,0,0,0,0
Slytherin,0,1,0,0,1,0,0
Gryffindor,0,0,0,0,1,0,1
Gryffindor,0,0,0,0,0,0,0
Gryffindor,0,0,0,0,1,0,1
Gryffindor,0,1,2,0,2,1,0
,1,0,0,0,0,0,0
Gryffindor,0,0,0,0,0,0,1
Gryffindor,0,0,0,0,0,0,0
Hufflepuff,0,0,0,0,0,0,0
Gryffindor,0,0,0,0,0,0,0
Hufflepuff,0,0,0,0,0,0,0
Gryffindor,0,0,0,0,0,0,0
Hufflepuff,0,0,0,0,0,0,0
Hufflepuff,1,0,0,0,0,0,0
Gryffindor,0,0,0,0,0,0,0
Hufflepuff,0,0,0,0,0,0,0
Gryffindor,0,0,0,0,0,0,0
Hufflepuff,0,0,0,0,0,0,0
Gryffindor,0,0,0,0,0,0,0
Hufflepuff,0,0,0,0,0,0,0
Gryffindor,0,0,0,0,0,0,0
Hufflepuff,0,0,0,0,0,0,0
Gryffindor,0,0,0,0,0,0,0
Hufflepuff,0,0,0,0,1,0,0
Gryffindor,0,0,0,0,0,0,0
Hufflepuff,0,0,0,0,0,0,0
Hufflepuff,0,0,0,0,0,0,0
Gryffindor,0,0,0,0,0,0,0
Hufflepuff,0,0,0,0,0,0,0
Slytherin,0,0,1,0,1,0,0
Gryffindor,0,0,0,0,0,0,0
Slytherin,0,0,0,0,0,0,0
Gryffindor,0,0,0,0,0,0,0
Gryffindor,0,1,0,0,0,0,0
Gryffindor,0,1,2,0,0,0,0
Gryffindor,0,1,0,0,1,0,1
Slytherin,0,0,0,0,0,0,0
Slytherin,0,0,0,0,0,0,0
Gryffindor,0,0,0,0,0,0,0
Slytherin,0,0,0,0,0,0,0
Slytherin,0,0,0,0,0,0,1
Slytherin,0,0,0,0,0,0,0
Slytherin,0,0,0,0,0,0,0
Slytherin,0,0,0,0,0,0,0
Slytherin,1,0,0,2,0,1,3
Gryffindor,0,0,0,0,0,0,0
Slytherin,0,0,0,0,0,0,0
Gryffindor,0,0,0,0,0,0,0
Slytherin,0,0,0,0,0,0,0
Gryffindor,0,0,0,0,0,0,0
Slytherin,2,1,1,1,3,1,2
Slytherin,1,0,1,0,1,0,1
Slytherin,0,0,0,0,0,0,0
Slytherin,0,3,1,0,2,0,1
Slytherin,0,0,1,0,3,1,0
Gryffindor,0,0,0,0,0,0,0
Slytherin,0,0,0,0,0,0,0
Gryffindor,1,1,2,0,3,0,0
Hufflepuff,0,0,0,0,1,0,0
Gryffindor,1,0,0,1,1,0,1
Slytherin,0,0,0,0,0,0,0
Gryffindor,0,0,0,0,0,0,0
Gryffindor,0,0,0,0,0,0,0
Gryffindor,0,0,0,0,1,1,0
Gryffindor,0,0,0,0,0,0,0
,0,1,0,0,0,0,0
,0,0,0,0,0,0,0
,0,0,0,0,0,0,0
,0,0,0,0,0,0,0
Gryffindor,0,0,0,0,0,0,0
,0,0,0,0,0,0,0
Gryffindor,0,0,0,0,0,0,0
,0,0,0,0,0,0,0
Gryffindor,0,0,0,0,0,0,0
,0,0,0,0,1,0,0
Gryffindor,0,0,0,0,0,0,0
,0,0,0,0,0,0,0
Gryffindor,0,0,0,0,0,0,0
,0,1,0,0,1,0,0
Gryffindor,0,0,0,0,0,0,0
,1,0,0,1,2,1,2
Gryffindor,0,0,0,0,0,0,0
Gryffindor,0,0,0,0,0,0,0
,0,0,0,0,0,0,0
Gryffindor,0,0,0,0,0,0,0
,0,0,0,0,0,0,0
Gryffindor,0,0,0,0,0,0,0
Gryffindor,0,0,0,0,1,0,0
Gryffindor,0,0,0,0,0,0,0
,0,0,0,0,0,0,0
Gryffindor,0,0,0,0,0,0,0
Slytherin,0,0,0,0,0,0,0
Gryffindor,1,1,1,0,0,0,0
Gryffindor,0,0,0,0,0,0,0
Gryffindor,0,0,1,0,0,0,0
,0,0,0,0,0,0,2
Gryffindor,0,0,0,0,0,0,0
,0,1,0,0,0,0,1
Gryffindor,0,0,1,0,1,0,0
,0,0,0,1,0,0,0
Gryffindor,1,0,0,0,0,0,0
Gryffindor,1,8,7,5,6,1,7
Gryffindor,0,1,4,0,4,1,0
Gryffindor,0,0,0,0,0,0,0
Gryffindor,0,0,0,0,0,0,0
Gryffindor,0,1,0,0,3,0,1
Durmstrang Institute,0,0,0,0,0,0,0
Gryffindor,0,0,0,0,0,0,0
Beauxbatons Academy of Magic,0,0,0,0,0,0,0
Gryffindor,0,0,0,0,1,0,0
Gryffindor,0,0,0,0,0,0,0
Gryffindor,0,0,0,0,0,0,0
Gryffindor,0,0,1,0,0,0,0
Gryffindor,0,0,0,0,0,0,0
Gryffindor,0,0,0,1,0,0,1
Gryffindor,0,0,0,0,0,0,0
Gryffindor,0,0,0,0,1,0,0
,0,0,0,0,0,0,0
,0,0,0,0,0,0,0
Gryffindor,0,0,0,0,0,0,0
,0,0,0,0,0,0,0
,0,0,0,0,2,0,0
Gryffindor,0,0,0,0,0,0,0
,0,0,0,0,0,0,0
,0,0,3,0,3,0,0
Gryffindor,0,0,1,0,0,0,0
,0,0,0,0,0,0,0
Gryffindor,0,2,0,0,0,0,0
Gryffindor,0,0,0,0,0,0,0
,0,0,0,0,0,0,0
,0,0,0,0,0,0,0
,0,0,0,0,0,0,0
Gryffindor,0,0,0,0,0,0,0
,0,0,0,0,0,0,0
Gryffindor,0,0,0,0,0,0,0
,0,0,0,0,0,0,0
Gryffindor,0,0,0,0,0,0,0
Gryffindor,0,0,0,0,0,0,0
Gryffindor,0,1,1,0,2,1,0
Gryffindor,0,0,0,0,0,0,0
Gryffindor,0,0,0,0,0,0,0
Gryffindor,0,0,0,0,0,0,0
Slytherin,0,0,0,0,0,0,0
Gryffindor,0,0,0,0,0,0,0
Gryffindor,0,0,0,0,0,0,0
,0,0,0,0,0,0,0
Gryffindor,0,0,0,0,0,0,0
,0,0,0,0,0,0,0
,0,1,1,0,1,0,0
,0,0,0,0,0,0,0
Gryffindor,0,0,0,0,0,0,0
,0,0,0,0,0,0,0
Gryffindor,0,0,0,0,0,0,0
,0,0,0,0,0,0,0
Gryffindor,0,0,0,0,0,0,0
,0,0,0,0,0,0,0
,0,0,0,0,0,0,0
Gryffindor,0,0,0,0,0,0,0
,0,0,0,0,0,0,0
Gryffindor,0,0,0,1,0,0,1
Gryffindor,0,0,0,0,0,0,0
,0,0,0,0,0,0,0
,0,0,0,0,0,0,0
Gryffindor,0,0,0,0,0,0,0
Gryffindor,0,0,0,0,0,0,0
Gryffindor,0,0,0,0,0,0,0
Gryffindor,0,0,0,0,0,0,0
Gryffindor,0,0,0,0,0,0,0
Gryffindor,0,0,0,0,0,0,0
Gryffindor,0,0,0,0,0,0,0
Gryffindor,0,1,0,0,0,0,1
,0,0,0,0,0,0,0
,0,0,1,0,0,1,0
Hufflepuff,0,0,0,0,0,0,0
,0,0,0,0,0,0,0
Gryffindor,0,0,0,0,0,0,0
Gryffindor,0,0,0,0,0,0,0
,0,0,0,0,0,0,0
,0,0,0,0,0,0,0
Gryffindor,0,0,0,0,0,0,0
,0,0,1,0,0,0,1
Hufflepuff,0,0,0,0,0,0,0
,1,0,0,1,0,0,1
Gryffindor,0,0,0,0,0,0,0
,0,0,0,0,0,0,0
Gryffindor,0,0,0,0,0,0,0
,0,0,0,0,0,0,0
,0,0,0,0,0,0,0
,0,0,0,0,0,0,0
,0,0,0,0,0,0,0
,0,0,0,0,0,0,0
,0,0,0,0,0,0,0
Gryffindor,0,0,0,0,0,0,0
Gryffindor,0,0,0,0,0,0,0
Gryffindor,0,0,0,0,1,1,0
Gryffindor,0,0,0,0,0,0,0
Gryffindor,0,0,0,0,0,0,0
Gryffindor,0,0,0,1,1,0,1
,0,0,0,0,0,0,0
Gryffindor,0,0,0,0,0,0,0
,0,0,0,0,0,0,0
,0,0,0,0,0,0,0
,0,0,0,0,0,0,0
,0,0,0,0,0,0,0
Hufflepuff,0,0,0,0,0,0,0
,1,0,0,0,0,0,0
Gryffindor,0,0,0,0,0,0,0
,0,0,0,0,0,0,0
,0,0,0,0,0,0,0
,0,0,0,0,0,0,0
,0,0,0,0,0,0,0
Gryffindor,0,0,0,0,0,0,0
Slytherin,1,0,0,0,0,0,1
Gryffindor,0,1,0,0,1,0,0
Slytherin,0,1,1,0,1,0,0
Gryffindor,0,0,0,0,0,0,0
Gryffindor,0,0,0,0,0,0,0
Gryffindor,0,0,0,0,0,0,0
Gryffindor,0,0,0,0,1,0,0
Gryffindor,0,0,0,0,0,0,0
Gryffindor,0,0,0,0,0,0,0
Gryffindor,0,0,0,0,0,0,0
Gryffindor,0,0,0,0,0,0,0
Gryffindor,0,0,0,0,0,0,0
Gryffindor,0,0,0,0,0,0,0
Gryffindor,0,1,0,0,0,0,0
Gryffindor,1,0,0,1,0,1,1
Gryffindor,0,0,0,0,0,0,0
Gryffindor,0,0,0,1,0,0,1
Gryffindor,1,0,0,0,0,0,0
Gryffindor,0,0,0,0,0,0,0
Gryffindor,1,0,0,0,0,0,0
Gryffindor,0,1,0,0,0,0,0
Gryffindor,0,0,0,0,0,0,0
Gryffindor,0,0,0,0,0,0,0
Gryffindor,0,0,0,0,0,0,0
Gryffindor,0,0,0,0,0,0,0
Gryffindor,0,0,1,0,0,0,0
Gryffindor,0,0,0,0,0,0,0
Gryffindor,0,0,0,0,0,0,0
Gryffindor,0,0,0,0,0,0,0
Gryffindor,1,1,1,0,1,1,0
Gryffindor,0,0,0,0,0,0,0
Gryffindor,1,0,1,0,0,0,0
Gryffindor,0,0,0,0,0,0,0
Gryffindor,0,0,0,0,0,0,0
Gryffindor,0,1,0,1,0,0,1
Gryffindor,0,0,0,0,0,0,0
Gryffindor,0,0,0,0,0,0,0
Gryffindor,0,0,0,0,0,0,0
Gryffindor,0,0,0,0,0,0,0
Gryffindor,1,0,1,1,0,1,0
Gryffindor,0,0,0,0,0,0,0
Gryffindor,0,0,0,0,0,0,0
Gryffindor,0,0,0,0,0,0,0
Gryffindor,0,0,0,0,0,0,0
Gryffindor,0,0,0,0,0,0,0
Gryffindor,0,0,0,0,0,0,0
Gryffindor,0,0,0,0,0,0,0
Gryffindor,0,0,0,0,0,0,0
Gryffindor,0,0,0,0,0,0,0
Gryffindor,0,0,0,0,0,0,0
Gryffindor,0,0,0,0,0,0,0
Gryffindor,0,0,0,0,0,0,0
Gryffindor,0,0,0,0,0,0,0
Gryffindor,0,0,1,1,0,0,1
Gryffindor,0,0,0,0,0,0,0
Gryffindor,0,0,0,0,0,0,0
Gryffindor,0,0,0,0,0,0,0
Gryffindor,0,0,0,0,0,0,0
Gryffindor,0,0,0,0,0,0,0
Gryffindor,0,0,0,0,0,0,0
Gryffindor,0,0,0,1,0,0,1
Gryffindor,0,0,0,0,0,0,0
Gryffindor,0,0,0,0,0,0,0
Gryffindor,0,0,0,0,0,0,0
Gryffindor,0,1,1,0,1,1,0
Gryffindor,0,0,0,0,0,0,0
Gryffindor,0,0,0,0,0,0,0
Gryffindor,0,0,0,0,0,0,0
Gryffindor,0,0,0,0,0,0,0
Gryffindor,0,0,0,1,0,0,1
Gryffindor,0,0,0,0,0,0,0
Gryffindor,1,0,0,1,0,1,1
Gryffindor,0,1,1,0,1,0,0
Gryffindor,0,0,0,0,0,0,0
Gryffindor,1,0,0,1,0,1,1
Gryffindor,0,0,0,0,0,0,0
Gryffindor,0,0,0,0,0,0,0
Gryffindor,0,0,0,1,0,0,1
Gryffindor,0,0,0,0,0,0,0
Gryffindor,0,0,0,2,0,0,2
Gryffindor,0,0,0,0,0,0,0
Gryffindor,1,0,0,0,0,0,0
Gryffindor,0,0,0,0,0,0,0
Gryffindor,0,0,0,0,0,0,0
Gryffindor,0,0,0,0,0,0,0
Gryffindor,0,0,0,1,0,0,0
,0,0,0,1,0,0,1
Gryffindor,0,0,0,0,1,0,0
,0,0,0,0,0,0,0
Gryffindor,0,0,0,0,0,0,0
Gryffindor,1,0,0,1,0,1,1
,1,0,0,0,0,0,0
Gryffindor,1,0,0,0,0,0,0
,0,0,0,0,0,0,0
Gryffindor,1,0,0,1,0,1,1
,0,0,0,0,0,0,0
Gryffindor,0,0,0,0,0,0,0
Gryffindor,1,0,0,0,0,0,1
Gryffindor,0,0,0,0,0,0,0
Gryffindor,0,0,0,0,0,0,0
Gryffindor,0,0,0,0,0,0,0
Gryffindor,0,0,0,0,0,0,0
,0,0,0,0,0,0,0
Gryffindor,0,0,0,0,0,0,0
,0,0,1,0,0,0,0
,1,0,0,0,0,0,0
Gryffindor,0,0,0,0,0,0,1
,1,0,0,0,0,0,0
,0,0,0,0,0,0,0
,0,1,3,0,0,0,0
Gryffindor,0,0,0,0,0,0,0
Gryffindor,0,0,0,0,0,0,0
,0,0,0,0,0,0,0
Gryffindor,0,0,0,0,0,0,0
Hufflepuff,0,0,0,0,0,0,0
Gryffindor,0,0,0,0,0,0,0
Hufflepuff,0,0,0,0,0,0,0
,0,0,0,0,0,0,0
Gryffindor,0,0,0,0,0,0,0
Hufflepuff,0,0,0,0,0,0,0
Gryffindor,0,0,0,0,0,0,0
,0,0,0,0,0,0,0
Hufflepuff,0,0,0,0,0,0,0
,0,0,0,0,0,0,0
,1,0,0,0,0,0,0
,0,0,0,0,0,0,0
,0,0,0,0,0,0,0
,0,0,0,0,0,0,0
,0,0,0,0,0,0,0
,0,0,0,0,0,0,0
Hufflepuff,0,0,0,0,0,0,0
,0,0,0,0,0,0,0
Hufflepuff,0,0,0,0,0,0,0
,1,0,0,1,0,0,1
,0,0,0,0,0,0,0
,0,0,0,0,0,0,0
Hufflepuff,0,0,0,0,0,0,0
,1,0,0,0,0,0,0
Gryffindor,0,0,0,1,0,0,1
,0,0,0,0,0,0,0
Slytherin,0,0,2,1,0,0,1
,0,0,0,0,0,0,0
,0,0,0,0,0,0,0
,0,0,1,0,0,0,0
,0,0,0,0,0,0,0
Gryffindor,0,0,0,0,0,0,0
Gryffindor,0,0,0,0,0,0,0
Gryffindor,0,0,0,0,0,0,0
Gryffindor,0,0,0,0,0,0,0
Gryffindor,0,1,1,0,1,0,0
Gryffindor,0,0,1,0,0,0,0
Slytherin,0,0,0,0,0,0,0
Gryffindor,0,0,0,0,0,0,0
Slytherin,0,0,0,0,0,0,0
Slytherin,1,0,0,0,0,0,1
,0,0,0,0,0,0,0
Gryffindor,0,0,0,0,0,0,0
Gryffindor,0,0,0,0,0,0,0
Gryffindor,0,0,0,0,0,0,0
Gryffindor,1,0,0,0,0,0,1
Gryffindor,0,0,0,0,0,0,0
Gryffindor,1,1,0,1,0,1,1
Gryffindor,0,0,0,0,0,0,0
Gryffindor,0,0,0,0,0,0,0
Gryffindor,0,0,1,0,0,0,1
Gryffindor,0,0,0,0,0,0,0
Gryffindor,0,0,0,0,0,0,0
Gryffindor,0,0,1,0,1,0,0
Gryffindor,0,0,0,0,0,0,0
Gryffindor,0,0,0,1,0,0,1
Gryffindor,0,0,0,0,0,0,0
Gryffindor,1,2,2,0,2,1,1
Gryffindor,0,0,0,0,0,0,0
Gryffindor,0,0,0,0,0,0,0
Gryffindor,0,0,0,0,0,0,0
Gryffindor,1,0,0,0,0,0,0
Gryffindor,0,0,0,0,0,0,0
Gryffindor,0,0,0,0,0,0,0
Gryffindor,0,0,0,0,0,0,0
Gryffindor,0,0,0,0,0,0,0
,0,2,1,0,2,0,0
Gryffindor,0,0,0,0,0,0,0
Gryffindor,0,0,0,0,0,0,0
Gryffindor,0,0,0,0,1,0,0
Gryffindor,0,0,0,0,0,0,0
Gryffindor,1,0,0,0,0,0,0
Gryffindor,0,0,0,0,0,0,0
Gryffindor,0,0,0,0,0,0,0
Gryffindor,0,0,0,0,0,0,0
Gryffindor,1,0,0,1,0,0,1
Gryffindor,0,0,0,0,0,0,0
Gryffindor,0,0,0,0,0,0,0
Ravenclaw,0,0,0,0,0,0,0
Gryffindor,0,0,0,0,0,0,0
Ravenclaw,0,0,0,0,0,0,0
Gryffindor,0,0,0,0,0,0,0
Gryffindor,0,0,0,0,0,0,0
Gryffindor,1,0,0,1,0,1,1
Gryffindor,0,0,0,0,0,0,0
Gryffindor,0,0,0,0,0,0,0
Gryffindor,0,0,0,0,0,0,0
Gryffindor,3,0,0,1,1,1,1
Gryffindor,0,0,0,0,0,0,0
Gryffindor,1,0,0,1,0,1,2
Gryffindor,1,0,1,0,1,0,3
Slytherin,0,0,0,0,0,0,0
Slytherin,1,0,0,2,1,0,4
Gryffindor,0,0,1,0,0,0,0
Gryffindor,0,0,0,0,0,0,0
Gryffindor,0,0,0,0,0,0,0
Gryffindor,0,0,0,0,0,0,0
Gryffindor,0,0,0,0,0,0,0
Gryffindor,0,0,0,0,0,0,0
Gryffindor,0,1,0,0,0,0,0
Gryffindor,0,0,0,0,0,0,0
Gryffindor,0,0,0,0,0,0,0
Gryffindor,0,0,0,0,0,0,0
Gryffindor,0,0,0,0,0,0,0
Slytherin,1,0,0,0,0,0,0
Slytherin,1,0,1,0,2,0,0
Slytherin,2,0,1,0,0,0,1
Slytherin,0,0,0,0,0,0,0
Slytherin,0,0,0,0,0,0,0
Gryffindor,0,0,0,0,0,0,0
Slytherin,0,0,0,0,0,0,0
Gryffindor,1,0,1,0,1,0,0
Slytherin,0,0,0,2,0,0,2
Gryffindor,0,0,0,0,0,0,0
Slytherin,0,0,0,0,0,0,0
Gryffindor,2,0,0,0,0,1,1
Gryffindor,1,0,0,0,0,0,2
Gryffindor,0,1,0,0,0,0,1
Slytherin,0,0,0,0,0,0,0
Slytherin,1,0,0,0,0,1,0
Gryffindor,0,0,0,0,0,0,0
Slytherin,0,0,0,0,0,0,0
Gryffindor,0,0,0,0,0,0,0
Slytherin,1,1,1,0,1,1,0
Gryffindor,0,0,0,0,0,0,0
Slytherin,0,0,0,0,0,0,0
Gryffindor,0,0,0,0,0,0,0
Slytherin,0,0,0,0,0,0,1
Gryffindor,0,0,0,0,0,0,0
Gryffindor,0,0,0,0,0,0,0
Gryffindor,0,0,0,0,0,0,0
Gryffindor,0,1,1,0,0,0,0
Gryffindor,0,0,0,0,0,0,0
Gryffindor,0,0,0,0,0,0,0
Gryffindor,0,0,0,0,0,0,0
Gryffindor,0,0,0,0,0,0,1
Gryffindor,0,0,0,0,0,0,0
Gryffindor,0,0,0,0,0,0,0
Gryffindor,1,0,0,0,0,0,0
Gryffindor,0,0,0,0,0,0,0
Gryffindor,1,0,0,1,0,1,1
Gryffindor,0,0,0,0,0,0,0
Slytherin,0,0,0,0,0,0,0
Slytherin,0,0,0,0,0,0,0
Slytherin,0,0,0,0,0,0,0
Gryffindor,0,0,0,0,0,0,0
Slytherin,0,0,0,0,0,0,0
Slytherin,0,0,0,0,0,0,0
Slytherin,0,0,0,0,0,0,0
Gryffindor,0,0,0,0,0,0,0
Gryffindor,0,0,0,0,0,0,0
Gryffindor,0,0,0,0,0,0,0
Gryffindor,0,0,0,0,0,0,0
Slytherin,0,0,0,0,0,0,0
Gryffindor,0,0,0,0,0,0,0
Gryffindor,0,0,0,0,0,0,0
Gryffindor,0,0,1,0,1,0,1
Gryffindor,0,0,0,0,0,0,0
Gryffindor,0,0,0,0,0,0,0
Gryffindor,0,0,0,0,0,0,0
Gryffindor,0,0,0,0,0,0,0
Gryffindor,0,0,0,0,0,0,0
Gryffindor,0,0,0,0,0,0,0
Gryffindor,0,0,0,0,0,0,0
Gryffindor,1,0,0,1,0,1,1
Gryffindor,0,0,0,0,0,0,0
Gryffindor,0,0,0,0,0,0,0
Gryffindor,0,1,2,0,2,0,0
Gryffindor,0,0,0,0,0,0,0
Gryffindor,0,0,0,0,0,0,0
Gryffindor,0,0,0,0,0,0,0
Gryffindor,0,0,0,0,0,0,0
Gryffindor,0,0,0,0,0,0,0
Ravenclaw,0,0,0,0,0,0,0
Ravenclaw,2,0,0,0,0,0,0
Slytherin,1,0,0,0,0,0,0
Slytherin,0,0,0,0,0,0,0
Ravenclaw,0,0,0,0,0,0,0
Slytherin,0,0,0,0,0,0,0
Ravenclaw,0,0,0,0,0,0,0
Slytherin,0,0,0,0,0,0,0
Slytherin,1,0,0,0,0,0,0
Slytherin,0,0,0,0,0,0,0
Ravenclaw,0,0,0,0,0,0,0
Ravenclaw,0,1,1,0,1,0,0
Ravenclaw,0,1,1,0,1,0,0
Gryffindor,0,0,0,0,0,0,0
Ravenclaw,0,0,0,0,0,0,0
Slytherin,0,0,0,0,0,0,0
Gryffindor,0,0,0,0,0,0,0
Gryffindor,0,0,0,0,0,0,0
Gryffindor,0,0,0,0,0,0,0
Gryffindor,0,0,0,0,0,0,1
Gryffindor,0,0,0,0,0,0,0
Gryffindor,1,0,1,0,1,0,0
Gryffindor,0,0,0,0,0,0,0
Gryffindor,0,0,0,0,0,0,0
Gryffindor,0,0,0,0,0,0,0
Gryffindor,0,0,0,0,0,0,0
Gryffindor,0,0,0,0,0,0,0
Gryffindor,0,1,2,1,1,0,0
Gryffindor,1,0,0,0,0,0,0
Hufflepuff,0,0,0,0,0,0,0
Gryffindor,0,0,0,0,0,0,0
Hufflepuff,0,0,0,0,0,0,0
Gryffindor,0,0,0,0,0,0,0
Gryffindor,0,0,0,0,0,0,0
Gryffindor,0,0,0,0,0,0,1
Gryffindor,0,0,0,0,0,0,0
Gryffindor,0,0,0,0,0,0,0
Gryffindor,0,0,0,0,0,0,0
Gryffindor,0,0,0,0,0,0,0
Ravenclaw,0,0,0,0,0,0,1
Hufflepuff,0,0,0,0,0,0,0
Gryffindor,0,0,0,0,0,0,0
Gryffindor,0,0,0,0,0,0,0
Gryffindor,0,0,0,0,0,0,0
Gryffindor,0,0,0,0,0,0,0
Ravenclaw,0,0,0,0,0,0,0
Gryffindor,0,0,1,0,1,0,0
Gryffindor,0,0,0,0,0,0,0
Gryffindor,0,0,0,0,0,0,0
Gryffindor,0,0,0,0,0,0,0
Gryffindor,0,0,0,0,0,0,0
Gryffindor,0,0,0,0,0,0,0
Gryffindor,0,0,0,0,0,0,0
Gryffindor,0,0,0,0,0,0,0
Hufflepuff,0,0,0,0,0,0,0
Gryffindor,0,1,0,0,1,1,0
Gryffindor,0,0,0,0,0,0,0
Gryffindor,0,0,0,0,0,0,0
Gryffindor,1,0,0,1,1,1,1
Gryffindor,0,0,0,0,0,0,0
Gryffindor,0,0,0,0,0,0,0
Gryffindor,0,0,0,0,0,0,0
Gryffindor,0,0,0,0,0,0,0
Gryffindor,0,0,0,0,0,0,0
Gryffindor,0,0,0,0,0,0,0
Gryffindor,0,0,0,0,0,0,0
Gryffindor,0,0,0,0,0,0,0
Gryffindor,2,1,1,3,1,2,3
Gryffindor,0,0,0,0,1,0,0
Gryffindor,0,0,0,0,0,0,0
Gryffindor,0,0,0,0,0,0,0
Gryffindor,0,0,0,0,0,0,0
Gryffindor,0,0,0,0,0,0,0
Gryffindor,0,0,0,0,0,0,0
Gryffindor,0,0,0,0,0,0,0
Gryffindor,0,1,0,0,1,1,0
Gryffindor,0,0,0,0,0,0,0
Gryffindor,0,0,0,0,0,0,0
Gryffindor,0,0,0,0,0,0,0
Gryffindor,0,0,0,0,0,0,0
Gryffindor,0,0,0,0,0,0,1
Gryffindor,0,0,0,0,0,0,0
Gryffindor,1,0,0,0,0,0,0
Gryffindor,0,0,0,0,0,0,0
Gryffindor,0,0,0,0,0,0,0
Gryffindor,0,0,0,0,0,0,0
Gryffindor,0,0,0,0,0,0,0
Gryffindor,0,0,0,0,0,0,0
Gryffindor,0,0,0,0,0,0,0
Gryffindor,0,0,1,0,0,0,1
Gryffindor,0,0,0,0,0,0,0
Gryffindor,0,0,0,0,0,0,0
,0,0,0,0,1,0,0
Gryffindor,0,0,0,0,0,0,0
,0,0,0,0,0,0,0
Gryffindor,0,0,0,0,0,0,0
,0,0,0,0,1,0,0
Gryffindor,1,0,1,0,1,0,0
Gryffindor,0,0,0,0,0,0,0
Gryffindor,1,0,1,0,1,0,1
,1,0,0,1,2,0,1
Gryffindor,0,0,0,0,0,0,0
,0,0,0,0,1,0,1
Gryffindor,1,1,1,2,0,1,3
Gryffindor,0,0,0,0,0,0,0
,0,0,0,0,0,0,0
Gryffindor,0,0,0,0,0,0,0
Slytherin,0,0,0,0,0,0,0
Gryffindor,0,0,0,0,0,0,0
Slytherin,0,0,0,0,0,0,0
Slytherin,0,1,1,0,1,0,0
Slytherin,0,1,0,0,1,0,1
Slytherin,0,0,0,0,0,1,0
,0,0,0,0,0,0,0
,0,0,0,0,0,0,0
Gryffindor,0,0,0,0,0,0,0
Gryffindor,0,1,1,0,0,0,0
Gryffindor,0,0,0,0,0,0,0
Gryffindor,0,0,0,0,0,0,0
Gryffindor,0,1,0,0,1,0,0
Gryffindor,0,0,0,0,0,0,0
Slytherin,1,0,0,0,0,0,1
Gryffindor,1,0,1,0,1,0,0
Gryffindor,0,0,0,0,0,0,0
Slytherin,0,1,1,0,0,0,0
Slytherin,0,0,0,0,0,0,1
Slytherin,0,0,1,0,0,1,0
Gryffindor,0,0,0,0,0,0,0
Slytherin,0,0,0,0,0,0,0
Slytherin,0,0,0,0,0,0,0
Slytherin,0,0,0,1,0,1,1
Gryffindor,0,0,0,0,0,0,0
Gryffindor,0,0,0,0,0,0,0
Gryffindor,0,0,0,0,0,0,0
Gryffindor,0,0,0,0,0,0,0
Gryffindor,0,0,0,0,0,0,0
Gryffindor,0,0,0,0,0,0,0
Gryffindor,0,0,0,0,0,0,0
Gryffindor,0,0,0,0,0,0,0
Gryffindor,1,0,0,1,0,1,1
Gryffindor,0,0,0,0,0,0,0
Gryffindor,0,0,0,0,0,0,0
Gryffindor,0,0,0,0,0,0,0
Gryffindor,0,0,0,0,0,0,0
Gryffindor,1,0,0,0,0,0,1
Gryffindor,0,0,0,0,0,0,0
Gryffindor,0,0,0,0,0,0,0
Gryffindor,0,0,0,0,0,0,0
Gryffindor,0,0,0,1,0,0,2
Gryffindor,0,0,0,1,0,0,1
Gryffindor,0,0,0,0,0,0,0
Gryffindor,0,0,0,0,0,0,0
Gryffindor,1,0,0,1,0,0,0
Gryffindor,0,0,0,0,0,0,0
Gryffindor,1,0,1,0,1,0,0
Hufflepuff,0,0,0,0,0,0,2
Gryffindor,0,0,0,1,0,1,1
Gryffindor,0,0,0,0,0,0,0
Gryffindor,0,0,0,0,0,0,0
Gryffindor,0,0,0,0,0,0,0
Gryffindor,0,0,0,0,0,0,0
Gryffindor,0,0,0,0,0,0,0
Gryffindor,0,0,0,0,0,0,0
Gryffindor,0,0,0,0,0,0,0
Gryffindor,0,0,0,1,0,0,1
Gryffindor,1,0,0,0,0,0,0
Gryffindor,0,0,0,0,0,0,0
Gryffindor,0,0,0,0,0,0,0
Gryffindor,0,0,0,0,0,0,0
Gryffindor,0,0,0,0,0,0,0
Gryffindor,0,0,0,0,0,0,0
Gryffindor,0,0,0,0,0,0,0
Gryffindor,0,0,0,0,0,0,0
Gryffindor,0,0,0,0,0,0,0
Gryffindor,0,0,0,0,0,0,0
Gryffindor,0,0,0,0,0,0,0
Gryffindor,0,0,0,0,0,0,1
Gryffindor,0,0,0,0,0,0,0
Gryffindor,0,0,0,1,0,0,1
Gryffindor,0,0,0,0,0,0,0
Gryffindor,0,0,0,0,0,0,0
Gryffindor,0,0,0,0,0,0,0
Gryffindor,0,0,0,0,0,0,0
Gryffindor,0,0,0,0,0,0,0
,0,0,0,0,0,0,0
Gryffindor,0,0,0,1,0,0,1
Gryffindor,0,0,0,0,0,0,0
Gryffindor,0,0,0,0,0,0,0
Gryffindor,0,0,0,0,0,0,0
Gryffindor,0,0,0,0,0,0,0
,0,0,0,0,0,0,0
,1,0,0,0,0,0,0
Gryffindor,0,0,0,0,0,0,0
Gryffindor,0,0,0,0,0,0,0
Gryffindor,0,0,0,0,0,0,0
Gryffindor,1,0,0,0,0,0,0
,0,0,0,0,0,0,0
,0,0,0,0,0,0,0
Slytherin,0,0,0,0,0,0,0
Slytherin,0,0,1,0,1,0,0
Gryffindor,0,0,0,0,0,0,0
Slytherin,0,0,0,0,0,0,0
Gryffindor,0,0,0,0,0,0,0
Slytherin,0,0,0,0,0,0,0
Slytherin,0,0,0,0,0,0,0
Gryffindor,0,0,0,0,0,0,0
Gryffindor,0,0,0,0,0,0,0
Slytherin,2,3,2,1,1,0,2
Slytherin,0,0,0,0,0,0,0
Slytherin,0,0,0,0,0,0,0
Gryffindor,0,0,0,0,0,0,0
Slytherin,0,0,0,0,0,1,0
Gryffindor,0,0,0,0,0,0,0
Slytherin,0,0,0,0,0,0,0
Slytherin,0,0,1,0,1,0,0
Gryffindor,0,0,0,0,0,0,0
Gryffindor,0,0,0,0,0,0,0
Slytherin,0,0,0,0,0,0,0
Gryffindor,0,0,0,0,0,0,0
Slytherin,0,0,0,0,0,0,0
Gryffindor,0,0,0,0,0,0,0
Slytherin,0,0,0,0,0,0,0
Gryffindor,0,0,0,0,0,0,0
Slytherin,0,0,0,0,0,0,0
Slytherin,0,0,0,0,0,0,0
Ravenclaw,0,0,0,0,0,0,0
Slytherin,0,0,0,0,0,0,0
Slytherin,0,0,1,0,1,0,0
Slytherin,0,0,0,0,0,0,0
Gryffindor,0,0,0,0,0,0,1
Gryffindor,0,0,0,0,0,0,0
Slytherin,0,0,0,0,0,0,0
Gryffindor,0,0,0,1,0,0,1
Gryffindor,0,0,0,1,0,0,1
Gryffindor,0,0,0,0,0,0,0
Gryffindor,0,0,0,0,0,0,0
Gryffindor,0,0,0,0,0,0,0
Gryffindor,0,0,0,1,0,0,1
Gryffindor,0,0,0,0,0,0,0
Gryffindor,0,0,0,0,0,0,0
Gryffindor,2,0,0,1,0,0,2
Gryffindor,1,0,1,0,0,0,0
Gryffindor,0,1,1,0,1,0,0
Gryffindor,1,1,1,0,1,1,0
Gryffindor,0,0,0,0,0,0,0
Gryffindor,0,0,0,0,0,0,0
Slytherin,2,1,1,0,1,0,0
Gryffindor,0,0,0,0,0,0,0
Slytherin,0,0,0,0,0,0,0
Gryffindor,1,0,0,1,0,1,0
Slytherin,0,0,0,0,0,0,1
Gryffindor,0,0,0,0,0,0,0
Slytherin,0,0,0,0,0,0,1
Gryffindor,1,0,0,1,0,1,1
Slytherin,0,0,0,0,0,0,0
Slytherin,0,0,0,0,0,0,0
Slytherin,0,0,1,0,0,0,0
Slytherin,0,0,0,0,0,0,0
Slytherin,0,0,1,0,0,0,0
Gryffindor,0,0,0,0,0,0,1
Slytherin,0,0,0,0,0,0,0
,0,0,0,0,0,0,0
,0,0,0,0,0,0,0
Gryffindor,0,0,0,0,0,0,0
,0,0,0,0,0,0,0
Gryffindor,0,0,0,0,0,0,0
,0,0,0,0,0,0,0
,1,0,0,1,0,1,1
Gryffindor,0,0,0,0,0,0,0
Gryffindor,0,0,0,0,0,0,0
,1,0,0,0,0,0,0
Gryffindor,0,0,0,0,0,0,0
,0,0,0,0,0,0,0
Gryffindor,0,0,1,0,1,0,0
,0,0,1,0,1,0,0
,0,0,0,0,0,0,0
Gryffindor,1,0,2,0,1,0,0
Gryffindor,0,0,0,0,0,0,0
Gryffindor,0,0,0,0,0,0,0
Gryffindor,0,0,0,0,1,0,0
Gryffindor,0,0,0,0,0,0,0
Gryffindor,0,0,0,0,0,0,1
Gryffindor,0,0,0,0,0,0,0
Gryffindor,1,0,0,0,0,0,0
,0,0,0,0,0,0,0
Slytherin,0,0,1,1,1,0,2
Slytherin,0,0,0,0,0,0,0
Slytherin,1,0,0,1,0,1,1
Gryffindor,0,0,0,0,0,0,0
Gryffindor,0,0,0,0,0,0,1
Gryffindor,1,0,0,1,0,1,1
Gryffindor,0,0,0,0,0,0,0
Gryffindor,0,0,0,0,0,0,0
Gryffindor,0,0,0,0,0,0,0
Gryffindor,0,0,0,0,0,0,0
Gryffindor,0,0,0,0,0,0,0
Gryffindor,0,0,0,0,0,0,0
Gryffindor,0,0,0,0,1,0,1
Gryffindor,0,0,0,0,0,0,0
Gryffindor,1,0,0,0,0,0,0
Gryffindor,0,0,0,0,1,1,0
Gryffindor,0,0,0,0,0,0,0
Gryffindor,0,0,0,0,0,0,0
Gryffindor,0,0,1,0,0,0,0
Gryffindor,0,0,0,0,0,0,0
Gryffindor,0,0,0,0,0,0,0
Gryffindor,0,0,0,0,1,0,0
,0,0,0,0,0,0,0
Gryffindor,0,2,2,0,2,0,0
Gryffindor,0,0,1,0,0,0,0
Gryffindor,0,0,0,0,0,0,0
Gryffindor,0,0,0,0,0,0,0
Gryffindor,0,0,0,0,0,0,0
,1,0,1,0,0,0,0
Gryffindor,0,0,0,0,0,0,0
,0,0,0,0,0,0,1
Gryffindor,0,0,0,0,0,0,0
Gryffindor,1,0,0,0,1,0,0
,2,0,0,1,0,1,0
Slytherin,0,0,0,0,0,0,0
Gryffindor,0,0,0,0,0,0,0
Slytherin,0,0,0,0,0,0,0
Gryffindor,0,0,0,0,0,0,0
Gryffindor,0,0,0,0,0,0,0
Gryffindor,0,0,0,0,0,0,0
Gryffindor,1,0,0,1,0,1,1
Gryffindor,0,0,0,0,0,0,0
Gryffindor,0,0,0,0,0,0,0
Gryffindor,0,0,0,0,0,0,0
Slytherin,0,0,0,0,0,0,0
Gryffindor,0,0,0,0,0,0,0
Gryffindor,0,0,0,0,1,1,0
Gryffindor,0,0,0,1,0,0,0
Gryffindor,0,0,0,0,0,0,0
Gryffindor,0,0,0,0,0,0,1
Slytherin,0,0,0,0,0,0,0
Gryffindor,0,0,0,0,0,0,0
Gryffindor,0,0,0,0,1,1,0
Gryffindor,0,0,0,0,0,0,0
Gryffindor,0,0,1,0,0,0,0
Gryffindor,0,0,0,0,0,0,0
Gryffindor,0,0,0,0,1,1,0
Gryffindor,0,0,0,0,0,0,0
Gryffindor,0,0,0,0,0,0,0
Gryffindor,0,0,0,0,0,0,0
Gryffindor,0,0,0,1,0,1,0
Slytherin,0,0,0,0,0,0,0
Gryffindor,0,0,0,0,1,0,1
Gryffindor,0,1,1,0,1,0,0
Gryffindor,0,0,0,0,0,0,0
Gryffindor,0,0,0,0,0,0,0
Gryffindor,0,0,0,0,0,0,0
Slytherin,0,0,0,0,0,0,0
Slytherin,1,0,0,1,0,0,1
Gryffindor,0,0,0,0,0,0,0
Slytherin,0,0,0,1,0,0,0
Gryffindor,0,0,0,0,0,0,0
Slytherin,0,0,0,0,0,0,0
Gryffindor,0,0,0,0,0,0,0
Slytherin,0,1,2,0,1,0,0
Slytherin,0,0,0,0,0,0,0
Slytherin,0,0,0,0,0,0,0
Gryffindor,0,0,0,0,0,0,0
Slytherin,0,0,1,0,1,0,0
Slytherin,1,2,1,1,1,0,1
,0,0,0,0,0,0,0
,2,0,0,0,0,0,0
Gryffindor,0,0,0,0,0,0,0
Gryffindor,0,0,0,0,0,0,0
Gryffindor,0,0,0,0,0,0,0
Gryffindor,0,0,0,0,0,0,0
Gryffindor,0,0,0,0,0,0,0
Gryffindor,0,0,0,0,0,0,0
Gryffindor,0,0,0,0,0,0,0
Gryffindor,0,0,0,0,0,0,0
Gryffindor,0,0,0,1,0,0,1
Gryffindor,0,0,0,1,0,0,1
Gryffindor,0,0,0,0,0,0,0
Gryffindor,0,0,0,0,0,0,0
Gryffindor,0,0,0,0,1,0,0
Gryffindor,0,0,1,0,1,0,0
Gryffindor,0,0,0,1,0,0,1
Gryffindor,0,0,0,0,0,0,0
Gryffindor,0,0,0,0,0,0,0
Gryffindor,0,0,0,0,0,0,0
Gryffindor,0,0,0,0,0,0,0
Gryffindor,0,0,0,0,0,0,0
Gryffindor,0,0,0,0,0,1,1
Gryffindor,0,0,0,0,0,0,0
Gryffindor,0,0,0,0,0,0,0
Gryffindor,0,0,0,0,0,0,0
Gryffindor,0,0,0,0,1,0,0
Gryffindor,1,1,0,0,1,0,1
Gryffindor,0,0,0,0,0,0,0
Gryffindor,0,0,1,0,0,0,1
Gryffindor,0,0,0,0,0,0,1
Gryffindor,0,0,0,0,0,0,0
Gryffindor,0,0,0,0,0,0,0
Gryffindor,0,0,0,0,0,0,0
Gryffindor,0,0,0,0,0,1,0
,0,0,0,0,0,0,0
Slytherin,1,0,0,0,0,0,0
Gryffindor,0,0,0,0,0,0,0
Gryffindor,0,0,0,0,0,0,0
,0,0,0,0,0,0,0
Gryffindor,0,0,0,0,0,0,0
Gryffindor,0,0,0,0,0,0,0
Gryffindor,0,0,0,0,0,0,0
,0,1,0,0,0,0,0
Gryffindor,0,0,0,0,0,0,0
,0,0,0,0,0,0,0
Slytherin,0,1,1,0,0,0,0
Gryffindor,0,0,0,0,0,0,1
Slytherin,0,0,0,0,0,0,0
Gryffindor,0,0,0,0,0,0,0
Slytherin,0,0,0,0,0,0,0
Gryffindor,0,0,0,0,0,0,0
Gryffindor,1,0,0,0,0,0,0
Gryffindor,0,0,0,0,0,0,0
Gryffindor,1,0,0,0,0,0,1
Gryffindor,0,0,0,0,0,0,0
Gryffindor,0,0,0,0,0,0,0
Gryffindor,0,0,0,0,0,0,0
Gryffindor,0,0,0,0,0,0,0
Gryffindor,0,0,0,0,0,0,0
Gryffindor,0,0,0,0,0,0,0
Gryffindor,0,0,0,0,0,0,0
,0,0,0,0,0,0,0
,0,0,0,0,0,0,0
Slytherin,0,0,0,0,0,0,0
Slytherin,0,0,0,0,0,0,0
Slytherin,0,0,0,0,0,0,0
Gryffindor,0,0,0,0,0,0,0
Slytherin,0,0,0,0,0,0,1
Slytherin,1,0,0,0,0,0,0
Slytherin,0,0,0,0,0,0,0
Slytherin,0,0,0,0,0,0,2
Slytherin,0,0,0,0,0,0,0
Gryffindor,0,0,0,0,0,0,0
Slytherin,0,0,0,0,0,0,1
Slytherin,0,0,0,0,0,0,0
Slytherin,0,0,0,0,0,0,0
Gryffindor,0,0,0,0,0,0,0
Slytherin,0,0,0,0,0,0,0
Gryffindor,0,0,0,0,0,0,0
Slytherin,0,0,0,0,0,0,0
Gryffindor,0,0,0,0,0,0,0
Gryffindor,0,0,0,0,0,0,0
Gryffindor,0,0,0,0,0,0,0
Slytherin,0,0,0,1,0,0,0
Gryffindor,0,0,0,0,0,0,1
Slytherin,0,0,0,0,0,0,0
Gryffindor,0,0,0,0,0,0,0
Slytherin,0,0,0,0,0,0,0
Slytherin,0,0,0,0,0,0,0
Gryffindor,0,0,0,0,0,0,0
,0,0,0,0,0,0,0
Slytherin,0,0,0,1,0,0,1
Slytherin,0,0,0,0,0,0,0
Slytherin,1,0,2,0,0,1,0
Gryffindor,0,0,0,0,0,0,0
,1,1,0,0,1,1,1
Slytherin,0,0,0,0,0,0,0
Slytherin,0,0,0,0,0,0,0
Slytherin,0,1,0,0,0,0,0
,0,0,0,0,0,0,0
,0,0,0,0,0,0,0
Slytherin,1,0,0,0,0,0,0
Gryffindor,0,0,0,0,0,0,0
Slytherin,0,1,1,0,1,0,0
Slytherin,0,1,1,0,1,0,0
Gryffindor,0,0,0,0,0,0,0
Gryffindor,0,0,0,0,0,0,0
,0,0,0,0,0,0,0
,0,0,0,0,0,0,0
Gryffindor,0,0,0,0,0,0,0
,0,0,0,1,0,0,1
Gryffindor,0,0,0,0,0,0,0
Gryffindor,1,0,0,0,0,0,0
Gryffindor,0,0,0,0,0,0,0
Gryffindor,0,0,0,0,0,0,0
Gryffindor,0,0,0,0,0,0,0
Gryffindor,0,0,0,0,0,0,0
Ravenclaw,0,0,0,0,0,0,0
Ravenclaw,0,0,0,0,0,0,0
Gryffindor,0,0,0,0,0,0,0
Gryffindor,0,0,0,0,0,0,0
Gryffindor,0,0,0,0,0,0,0
Ravenclaw,0,0,0,0,0,0,0
Gryffindor,0,0,0,0,0,0,0
Gryffindor,0,0,0,0,0,0,0
Gryffindor,0,0,0,0,0,0,0
Ravenclaw,0,0,0,0,0,0,1
Gryffindor,0,0,0,0,0,0,0
Gryffindor,0,0,0,0,0,0,0
Gryffindor,0,0,0,0,0,0,0
,0,0,0,0,0,0,0
Gryffindor,0,0,0,0,0,0,0
Gryffindor,1,0,0,1,0,1,2
Gryffindor,0,0,0,0,0,0,0
Gryffindor,0,0,0,0,0,0,0
Gryffindor,0,0,0,0,0,0,0
Gryffindor,0,0,0,0,0,0,0
Gryffindor,0,0,0,0,0,0,0
Gryffindor,0,0,0,0,0,0,0
Gryffindor,0,0,0,0,0,0,0
Gryffindor,0,0,0,0,0,0,0
Gryffindor,0,0,0,0,0,0,0
Gryffindor,0,0,0,0,0,0,0
Gryffindor,0,0,0,0,0,0,0
Ravenclaw,1,0,0,0,0,0,0
Ravenclaw,0,0,0,0,0,0,0
Gryffindor,0,0,0,0,0,0,0
Gryffindor,0,0,0,0,0,0,0
Gryffindor,0,0,0,0,0,0,0
Gryffindor,0,0,0,0,0,0,0
Gryffindor,0,0,0,1,0,0,1
Gryffindor,0,0,0,0,0,0,0
Gryffindor,0,0,0,0,0,0,0
Gryffindor,0,0,0,0,0,0,0
Gryffindor,0,0,0,0,0,0,0
Gryffindor,0,0,0,0,0,0,0
Gryffindor,0,0,0,0,0,0,0
Gryffindor,0,0,0,0,0,0,0
Gryffindor,0,0,0,0,0,0,0
Gryffindor,0,0,0,0,0,0,0
Gryffindor,0,0,0,0,0,0,0
Gryffindor,0,0,0,0,0,0,0
Slytherin,1,1,1,0,0,1,0
Gryffindor,0,0,0,0,0,0,0
Slytherin,0,0,0,0,1,0,0
Slytherin,0,1,0,0,1,0,1
Slytherin,0,0,0,0,0,0,0
Gryffindor,0,0,0,0,0,0,0
Slytherin,0,0,0,0,0,0,0
Gryffindor,0,0,0,0,0,0,0
Slytherin,0,0,0,0,0,0,0
Gryffindor,0,0,0,0,0,0,0
Slytherin,1,0,1,0,1,1,2
Slytherin,0,0,1,0,0,0,0
Slytherin,0,0,0,0,0,0,0
Slytherin,1,1,1,0,1,0,1
Gryffindor,0,0,1,0,0,0,0
Gryffindor,0,0,0,1,0,0,1
Slytherin,0,0,0,0,0,0,0
Gryffindor,0,0,0,0,0,0,0
Slytherin,1,0,0,0,1,0,1
Slytherin,1,0,0,0,0,0,1
Gryffindor,0,0,0,0,0,0,0
Slytherin,0,0,0,0,0,0,0
Gryffindor,0,0,0,1,0,0,0
Slytherin,0,1,2,0,1,0,0
Gryffindor,0,0,0,0,0,0,0
Slytherin,0,0,0,0,0,0,0
Slytherin,0,1,1,0,2,0,1
Gryffindor,0,1,0,0,0,0,0
Gryffindor,0,0,0,0,0,0,0
Gryffindor,0,0,0,0,0,0,0
Slytherin,0,0,0,0,0,0,0
Gryffindor,0,0,0,0,0,0,0
Gryffindor,0,0,0,0,0,0,0
Gryffindor,0,0,0,0,0,0,0
,0,0,0,0,0,0,0
Slytherin,0,0,0,0,0,0,0
Gryffindor,0,0,0,0,0,0,0
Slytherin,0,0,0,0,0,0,0
Gryffindor,0,0,0,0,0,0,0
Gryffindor,0,0,0,0,0,0,0
Gryffindor,0,0,0,0,0,0,0
,0,0,0,0,0,0,0
,0,0,0,0,0,0,0
Gryffindor,0,0,0,0,0,0,0
Gryffindor,0,0,0,0,0,0,0
Gryffindor,0,0,0,0,0,0,0
Gryffindor,0,0,0,0,0,0,0
Gryffindor,0,0,0,0,0,0,0
Gryffindor,0,0,0,0,0,0,0
Gryffindor,0,0,0,0,0,0,0
Gryffindor,0,0,0,0,0,0,0
Gryffindor,0,0,0,0,0,0,0
Gryffindor,0,0,0,0,0,0,0
Gryffindor,0,0,0,0,0,0,0
Gryffindor,0,0,0,0,0,0,0
Gryffindor,0,1,0,0,0,0,0
Gryffindor,0,0,0,0,0,0,0
Ravenclaw,0,0,0,0,0,0,0
Gryffindor,0,0,0,0,0,0,0
Slytherin,0,0,0,0,0,0,0
Slytherin,0,0,0,0,0,0,0
Gryffindor,0,0,0,0,0,0,0
Slytherin,0,0,0,0,0,0,0
Gryffindor,0,0,0,0,0,0,0
Gryffindor,0,0,0,0,0,0,0
Slytherin,0,0,0,0,0,0,0
Slytherin,2,0,0,0,0,0,0
Gryffindor,0,0,0,0,0,0,0
Slytherin,1,0,0,0,0,0,0
Gryffindor,0,0,0,0,0,0,0
Slytherin,0,0,0,0,0,0,0
Gryffindor,0,0,0,0,0,0,0
Gryffindor,0,0,0,0,0,0,0
,0,0,0,0,0,0,0
Gryffindor,0,0,0,0,0,0,0
Gryffindor,0,0,0,0,0,0,0
Gryffindor,0,0,0,0,0,0,0
Gryffindor,0,0,0,0,0,0,1
Gryffindor,0,0,0,0,0,0,0
Gryffindor,0,0,0,0,0,0,0
Slytherin,0,0,0,0,0,0,0
Slytherin,0,0,0,0,2,0,0
Slytherin,0,0,0,0,0,0,0
Gryffindor,0,0,0,0,0,0,0
Gryffindor,0,0,0,0,0,0,0
Gryffindor,0,0,0,0,0,0,0
Gryffindor,0,0,0,0,0,0,0
Gryffindor,0,0,0,0,0,0,0
Gryffindor,0,0,0,0,0,0,0
Slytherin,0,0,0,0,0,0,0
Gryffindor,0,0,1,0,1,0,0
Gryffindor,0,0,0,0,0,0,0
Slytherin,0,0,0,0,0,0,0
Slytherin,0,0,0,0,0,0,0
Gryffindor,0,0,0,0,0,0,0
Slytherin,0,0,0,0,0,0,0
Slytherin,0,1,2,0,2,0,0
Slytherin,0,0,0,0,0,0,0
Gryffindor,0,0,0,0,0,0,0
Slytherin,0,0,0,0,0,0,0
Gryffindor,0,0,0,0,0,0,0
Slytherin,0,0,0,0,0,0,0
Gryffindor,0,0,0,0,0,0,0
Slytherin,0,0,0,0,0,0,0
Slytherin,1,0,0,1,1,0,1
Slytherin,0,0,0,0,0,0,0
Gryffindor,0,0,0,0,0,0,0
Slytherin,0,0,0,0,0,0,0
Slytherin,0,0,0,0,0,0,0
Slytherin,1,0,1,0,1,0,0
Gryffindor,0,0,0,0,0,0,0
Slytherin,0,0,1,0,1,0,0
Gryffindor,0,0,0,0,0,0,0
Gryffindor,0,0,0,0,0,0,0
Gryffindor,0,0,0,0,0,0,0
Gryffindor,0,0,0,0,0,0,0
Gryffindor,0,0,0,0,0,0,0
Gryffindor,0,0,0,0,0,0,0
Gryffindor,0,0,0,0,0,0,0
,0,0,0,0,0,0,0
Gryffindor,2,2,2,0,2,2,0
,0,0,1,0,0,0,0
Gryffindor,1,1,0,0,0,0,0
Gryffindor,1,0,0,0,0,0,0
,0,0,0,0,0,0,0
Gryffindor,0,0,0,0,1,0,1
,0,0,0,0,0,0,0
Gryffindor,0,0,0,0,0,0,0
Gryffindor,0,0,0,0,0,0,1
Gryffindor,0,0,0,0,0,0,0
Gryffindor,0,0,0,0,0,0,0
,0,0,0,0,0,0,0
Gryffindor,0,0,1,0,0,0,0
Gryffindor,0,0,0,0,0,0,0
Gryffindor,0,0,0,0,0,0,0
Gryffindor,0,0,0,0,0,0,0
Gryffindor,0,0,0,0,0,0,0
Gryffindor,0,0,0,1,0,0,1
Gryffindor,1,2,2,1,2,1,1
Gryffindor,0,0,0,0,0,0,0
Gryffindor,0,0,0,0,0,0,0
Gryffindor,0,0,1,0,1,0,0
Gryffindor,0,0,0,0,0,0,0
Gryffindor,1,1,1,0,1,1,0
Gryffindor,0,0,0,0,0,0,0
Gryffindor,0,0,0,0,0,0,0
Gryffindor,0,0,0,0,0,0,0
Gryffindor,0,0,2,0,1,0,0
Gryffindor,0,0,0,0,1,0,0
Gryffindor,0,0,0,0,0,0,1
Gryffindor,0,0,0,0,0,0,0
Gryffindor,0,0,0,0,0,0,0
Gryffindor,0,0,0,0,0,0,0
Gryffindor,0,1,1,0,0,0,1
Gryffindor,0,0,0,0,0,0,0
Gryffindor,1,0,0,0,0,0,0
Gryffindor,0,0,0,0,0,0,1
Gryffindor,0,1,1,0,0,0,1
Gryffindor,0,0,0,0,0,0,1
Gryffindor,0,0,0,0,0,0,0
Gryffindor,0,0,0,0,0,0,1
Gryffindor,0,0,0,0,0,0,0
Gryffindor,0,0,1,0,0,0,0
Gryffindor,0,0,1,0,1,0,0
Gryffindor,0,0,0,0,0,0,0
Gryffindor,0,0,0,0,0,0,0
Gryffindor,0,0,0,0,0,0,0
Gryffindor,0,0,0,0,0,0,0
Gryffindor,0,0,0,0,0,0,0
Gryffindor,0,0,0,0,0,0,0
Gryffindor,0,0,2,0,2,0,0
Gryffindor,0,0,0,0,0,0,0
Gryffindor,0,0,0,0,0,0,0
Gryffindor,0,0,0,0,0,0,0
Gryffindor,0,0,0,0,0,0,0
Gryffindor,0,1,1,0,1,0,0
Gryffindor,0,0,0,0,0,0,0
Gryffindor,0,0,0,1,0,0,1
Gryffindor,0,0,0,0,0,0,0
Gryffindor,1,0,0,1,1,0,1
Gryffindor,0,0,0,0,0,0,0
Gryffindor,1,0,0,0,0,0,0
Gryffindor,0,1,1,0,1,0,0
Gryffindor,0,0,1,0,1,0,1
Gryffindor,0,0,0,0,0,0,0
Gryffindor,0,0,1,0,1,0,0
Gryffindor,0,0,1,0,1,0,0
Gryffindor,0,0,0,0,0,0,0
Gryffindor,0,0,0,0,0,0,1
Gryffindor,0,0,0,1,0,0,1
Gryffindor,0,0,0,0,0,0,0
Gryffindor,0,0,0,0,0,0,0
Ravenclaw,0,1,0,0,1,0,1
Gryffindor,0,0,0,0,0,0,0
Gryffindor,0,0,0,0,0,0,0
Gryffindor,0,0,0,0,0,0,0
Gryffindor,0,0,0,0,0,0,0
Gryffindor,0,0,0,0,0,0,0
Gryffindor,0,0,1,0,0,0,0
Gryffindor,2,0,1,2,0,0,2
Gryffindor,0,0,0,1,0,0,0
Gryffindor,1,2,3,1,2,2,1
Gryffindor,0,0,0,0,0,0,0
Gryffindor,0,0,0,0,0,0,0
Gryffindor,0,0,0,0,0,0,0
Gryffindor,0,0,1,0,1,0,0
Gryffindor,0,0,0,0,0,0,0
Gryffindor,0,0,0,0,0,0,0
Gryffindor,0,0,0,0,0,0,0
Gryffindor,0,0,1,0,1,0,1
Gryffindor,0,0,0,0,0,0,0
Gryffindor,0,0,0,0,0,0,0
Gryffindor,1,0,0,0,0,0,0
Gryffindor,1,0,0,0,0,0,0
Gryffindor,0,0,0,0,1,0,0
Gryffindor,1,0,0,0,0,1,1
Gryffindor,1,0,0,0,0,0,0
Gryffindor,0,0,0,0,0,0,0
Gryffindor,0,0,0,0,0,0,0
Gryffindor,0,0,0,0,0,0,0
Gryffindor,0,0,0,0,0,0,0
Gryffindor,1,0,0,1,0,1,1
Gryffindor,0,0,0,0,0,0,0
Gryffindor,0,0,0,0,0,0,0
Gryffindor,0,0,0,0,0,0,0
Gryffindor,0,0,0,0,0,0,0
Gryffindor,0,0,0,0,0,0,0
Ravenclaw,0,0,0,0,0,0,0
Ravenclaw,0,0,0,0,0,0,0
Ravenclaw,0,0,1,0,0,0,0
Ravenclaw,0,0,0,0,0,0,0
Gryffindor,0,0,0,0,0,0,0
Ravenclaw,0,0,0,0,0,0,0
Ravenclaw,0,0,0,0,0,0,0
Gryffindor,0,0,0,0,0,0,0
Ravenclaw,0,0,0,0,0,0,0
Gryffindor,0,0,0,0,0,0,0
Ravenclaw,0,0,0,0,0,0,0
Gryffindor,0,0,0,0,0,0,0
Ravenclaw,0,0,0,0,0,0,0
Ravenclaw,0,0,0,0,0,0,0
Ravenclaw,1,1,2,0,1,1,0
Gryffindor,0,0,0,0,0,0,0
Gryffindor,0,0,0,0,0,0,0
Gryffindor,0,0,1,0,0,0,0
Gryffindor,0,0,0,0,0,0,0
Gryffindor,0,0,0,0,0,0,0
Slytherin,0,0,0,0,0,0,0
Slytherin,0,0,0,0,0,0,0
Slytherin,0,1,0,0,1,0,1
Slytherin,0,1,0,0,1,0,1
Slytherin,0,0,0,0,0,0,0
Slytherin,0,0,0,0,0,0,1
Slytherin,0,0,0,0,0,0,0
Slytherin,0,0,0,0,0,0,0
Slytherin,0,0,0,0,0,0,0
Slytherin,0,0,0,0,0,0,0
Slytherin,0,1,0,0,1,0,1
Slytherin,0,1,0,0,1,0,1
Slytherin,0,0,0,0,0,0,0
Slytherin,0,1,0,0,1,0,1
Slytherin,0,0,0,0,0,0,0
Slytherin,0,0,0,0,0,0,0
Slytherin,0,1,0,0,0,0,0
Slytherin,0,0,1,0,1,0,1
Slytherin,0,0,0,0,0,0,0
Slytherin,0,0,0,0,0,0,0
Slytherin,0,0,1,0,1,0,1
Slytherin,0,0,0,0,0,0,0
Slytherin,0,0,0,0,0,0,0
Slytherin,0,0,0,0,0,0,0
Slytherin,0,0,0,0,0,0,1
Slytherin,0,1,1,0,1,0,0
Slytherin,0,0,0,0,0,0,0
Slytherin,1,0,1,1,1,0,0
Slytherin,0,0,0,0,0,0,0
Slytherin,0,0,0,0,0,0,0
Slytherin,0,0,0,0,0,0,0
Slytherin,0,1,0,0,1,0,2
Slytherin,0,0,0,0,0,0,0
,0,0,0,0,2,0,0
Gryffindor,0,0,0,0,0,0,0
,0,0,0,0,0,0,1
Gryffindor,0,0,0,0,0,0,0
,1,0,0,0,0,0,0
Gryffindor,0,0,0,0,0,0,0
,0,0,0,0,0,0,0
Gryffindor,0,0,0,0,0,0,0
Gryffindor,0,0,0,0,0,0,0
Gryffindor,2,1,1,1,1,1,0
Gryffindor,0,0,0,0,0,0,0
Gryffindor,0,1,0,0,0,0,0
Gryffindor,0,0,0,0,0,0,0
Gryffindor,0,0,0,0,0,0,0
Gryffindor,0,0,0,0,0,0,0
Gryffindor,0,0,0,0,0,0,0
Gryffindor,0,0,0,0,0,0,0
Gryffindor,0,0,0,0,0,0,0
Slytherin,0,0,0,0,0,0,0
Slytherin,0,0,0,0,0,0,0
Gryffindor,0,0,0,0,0,0,1
Slytherin,0,0,0,0,0,0,0
Gryffindor,0,0,0,0,0,0,0
Slytherin,0,0,0,0,0,0,0
Gryffindor,1,0,0,1,0,0,1
Gryffindor,1,0,0,0,0,0,0
Slytherin,0,0,0,0,0,0,0
Slytherin,1,1,1,0,1,1,0
Gryffindor,0,0,0,0,0,0,0
Slytherin,0,0,0,0,0,0,0
Gryffindor,0,0,0,0,0,0,0
Gryffindor,0,0,0,0,0,0,0
Slytherin,0,0,0,0,0,0,0
Slytherin,0,0,0,0,0,0,0
Gryffindor,0,0,0,0,0,0,0
Slytherin,1,0,0,1,1,1,1
Gryffindor,0,0,0,0,0,0,0
Slytherin,1,0,0,1,1,0,1
Slytherin,1,0,0,0,0,0,0
Slytherin,1,0,0,1,0,0,1
Slytherin,0,0,1,0,3,0,3
Gryffindor,0,0,0,1,0,0,0
Slytherin,0,0,0,0,0,0,0
Gryffindor,1,0,0,2,1,0,2
Slytherin,1,1,1,0,2,1,2
Gryffindor,0,0,0,0,0,0,0
Gryffindor,0,0,0,0,0,0,0
Gryffindor,2,1,1,2,0,1,4
Gryffindor,0,0,1,0,0,0,0
Gryffindor,0,0,0,0,0,0,0
Gryffindor,0,0,0,0,0,0,0
Gryffindor,0,0,0,0,0,0,0
Gryffindor,0,0,0,0,0,0,0
Gryffindor,0,0,0,0,0,0,0
Gryffindor,0,0,0,0,0,0,0
Gryffindor,0,0,0,0,0,0,0
Gryffindor,0,0,0,0,0,0,0
Gryffindor,0,0,1,0,1,0,0
Gryffindor,0,0,0,0,1,0,0
Gryffindor,0,0,0,0,1,0,0
Gryffindor,0,0,0,0,2,0,0
Gryffindor,0,0,0,0,1,0,0
Gryffindor,0,0,0,0,0,0,0
Gryffindor,0,0,1,0,1,0,1
Gryffindor,0,0,0,0,0,0,0
Gryffindor,0,0,0,0,0,0,0
Gryffindor,0,0,0,1,0,0,1
Gryffindor,0,0,0,0,0,0,0
Gryffindor,0,0,0,0,0,0,0
Gryffindor,0,0,0,0,0,0,0
Gryffindor,0,0,0,0,0,0,0
Gryffindor,0,0,0,0,0,0,0
Gryffindor,0,0,0,0,0,0,0
Gryffindor,0,0,0,0,0,0,0
Gryffindor,0,0,0,0,0,0,0
Gryffindor,0,0,0,0,0,0,0
Gryffindor,0,0,0,0,0,0,0
Gryffindor,0,0,0,0,0,0,0
Gryffindor,0,0,0,0,0,0,0
Gryffindor,0,0,1,0,1,0,0
Gryffindor,0,0,0,0,0,0,0
Gryffindor,0,1,1,0,1,0,0
Gryffindor,0,0,0,0,0,0,0
Gryffindor,0,0,0,0,0,0,0
Gryffindor,0,0,0,0,0,0,0
Gryffindor,0,0,0,0,0,0,0
Gryffindor,0,0,0,0,0,0,0
Gryffindor,0,0,0,0,0,0,0
Gryffindor,0,0,0,0,0,0,0
Gryffindor,0,0,1,0,1,1,0
Gryffindor,0,0,0,0,0,0,0
Gryffindor,1,0,0,0,0,0,0
Gryffindor,0,0,0,0,0,0,0
Gryffindor,0,0,0,0,0,0,0
Gryffindor,0,0,0,0,0,0,0
Gryffindor,0,0,0,0,0,0,0
Gryffindor,0,0,0,0,0,0,0
Gryffindor,1,0,0,1,0,0,1
Gryffindor,0,0,0,0,0,0,0
Gryffindor,0,1,1,0,1,0,0
Gryffindor,0,0,1,0,1,0,0
Gryffindor,1,0,0,1,0,1,2
Gryffindor,0,0,0,0,0,0,0
Gryffindor,0,0,0,0,0,0,0
Gryffindor,0,0,0,0,0,0,0
Gryffindor,0,0,0,0,0,0,0
Gryffindor,0,0,0,0,0,0,0
Gryffindor,0,0,0,0,0,0,0
Gryffindor,0,0,0,0,0,0,0
Gryffindor,0,0,0,0,0,0,0
Gryffindor,0,0,0,0,0,0,0
Gryffindor,0,0,0,0,0,0,0
Gryffindor,0,0,0,0,0,0,0
Gryffindor,0,0,0,0,0,0,0
Gryffindor,0,0,0,0,0,0,0
Gryffindor,0,0,0,0,0,0,0
Gryffindor,0,0,0,0,0,0,0
Gryffindor,0,0,0,0,0,0,0
Gryffindor,0,0,0,0,0,0,0
Gryffindor,0,0,0,0,0,0,0
Gryffindor,0,0,0,0,0,0,0
Gryffindor,0,0,0,0,0,0,0
Gryffindor,0,0,0,1,0,1,0
Gryffindor,0,0,0,0,0,0,0
Gryffindor,0,0,0,0,0,0,0
Gryffindor,0,0,0,0,0,0,0
Gryffindor,0,0,0,0,0,0,0
Gryffindor,0,0,0,0,0,0,0
Gryffindor,0,0,0,0,0,0,0
Gryffindor,0,0,0,0,0,0,0
Gryffindor,0,0,0,0,0,0,0
Gryffindor,0,0,0,0,0,0,0
Gryffindor,0,0,0,0,0,0,0
Gryffindor,0,1,1,0,1,0,0
Gryffindor,0,0,0,0,0,0,0
Gryffindor,0,0,0,0,0,0,0
Gryffindor,0,0,0,0,0,0,0
Ravenclaw,0,0,0,0,0,0,0
Ravenclaw,0,0,0,0,0,0,0
Ravenclaw,1,0,0,1,1,0,1
Gryffindor,0,0,0,0,0,0,0
Ravenclaw,0,0,0,0,0,0,0
Gryffindor,0,0,0,0,0,0,0
Gryffindor,0,0,0,0,0,0,0
Gryffindor,0,0,0,0,0,0,0
Gryffindor,0,0,0,0,0,0,0
Gryffindor,1,1,1,0,2,1,0
Gryffindor,0,0,0,0,0,0,0
Gryffindor,0,0,0,0,0,0,0
Gryffindor,0,0,0,0,0,0,0
Gryffindor,1,1,1,0,1,1,0
Gryffindor,0,0,0,0,0,0,0
Gryffindor,0,0,0,0,0,0,0
Slytherin,0,0,0,0,0,0,0
Slytherin,0,0,0,0,0,0,0
Slytherin,0,0,0,0,0,0,0
Slytherin,2,1,0,0,1,0,1
Slytherin,0,0,0,0,0,0,0
Slytherin,1,1,1,0,1,0,0
Slytherin,0,0,0,1,0,0,0
Gryffindor,0,0,0,0,0,0,0
Gryffindor,0,0,0,0,0,0,0
Slytherin,0,0,0,0,0,0,0
Slytherin,0,1,1,0,1,0,0
Slytherin,0,1,0,0,0,0,0
Slytherin,1,0,0,1,0,0,1
Ravenclaw,0,0,0,0,0,0,0
Gryffindor,0,0,0,0,0,0,0
Ravenclaw,0,0,0,0,0,0,0
Gryffindor,0,0,0,0,0,0,0
Ravenclaw,0,0,0,0,0,0,0
Gryffindor,0,0,0,0,0,0,0
Ravenclaw,0,0,0,0,0,0,0
Ravenclaw,0,0,0,0,0,0,0
Gryffindor,0,0,0,0,0,0,1
Ravenclaw,0,0,0,0,0,0,0
Ravenclaw,0,0,0,0,0,0,0
Ravenclaw,0,0,0,0,0,0,0
Slytherin,0,0,0,0,0,0,0
,0,0,0,0,1,0,0
Slytherin,0,0,0,0,0,0,0
Slytherin,0,0,0,0,0,0,0
Slytherin,0,0,0,0,0,0,1
Slytherin,0,0,0,0,0,0,0
Ravenclaw,0,0,0,0,0,0,0
Gryffindor,0,0,0,0,0,0,1
Ravenclaw,0,0,0,0,0,0,0
Gryffindor,0,0,0,0,0,0,0
Ravenclaw,0,0,0,0,0,0,0
Gryffindor,0,0,0,0,0,0,0
Ravenclaw,0,0,0,0,0,0,0
Gryffindor,0,0,0,0,0,0,0
Gryffindor,0,0,0,0,0,0,0
Gryffindor,0,0,0,1,0,0,1
Gryffindor,0,0,0,0,0,0,0
Gryffindor,0,0,0,0,0,0,0
Gryffindor,0,0,0,0,0,0,0
Gryffindor,0,0,0,0,0,0,0
Gryffindor,0,0,0,0,0,0,0
Gryffindor,1,0,0,1,0,0,1
Gryffindor,0,0,0,0,0,0,0
Gryffindor,0,0,0,0,0,0,0
Gryffindor,0,0,0,0,0,0,0
Gryffindor,2,0,1,1,1,0,4
Gryffindor,1,0,0,0,0,0,0
Gryffindor,1,0,0,1,0,1,0
Gryffindor,1,0,0,0,1,0,0
Gryffindor,0,0,0,0,0,0,0
Gryffindor,0,0,0,0,0,0,0
Gryffindor,0,0,0,0,0,0,0
Gryffindor,0,0,0,0,0,0,0
Gryffindor,0,0,0,0,0,0,0
Gryffindor,1,0,0,1,0,0,1
Gryffindor,0,0,0,0,0,0,1
Gryffindor,1,0,0,1,0,0,2
Gryffindor,0,0,0,1,0,0,0
Gryffindor,1,0,0,1,0,0,3
Gryffindor,0,0,0,0,0,0,0
Gryffindor,1,0,0,1,0,0,1
Gryffindor,0,0,0,0,0,0,0
Slytherin,0,0,0,0,1,0,0
Gryffindor,0,1,2,0,1,0,0
Slytherin,0,0,0,2,0,0,2
Gryffindor,0,0,0,0,0,0,0
Slytherin,0,0,0,0,0,0,0
Slytherin,1,0,0,0,0,0,1
Gryffindor,1,1,1,2,0,0,1
Gryffindor,0,2,0,0,0,1,0
Slytherin,0,0,0,0,0,0,0
Slytherin,1,1,2,2,0,0,1
Gryffindor,0,0,0,0,0,0,0
Slytherin,0,0,0,0,0,0,0
Slytherin,0,0,0,0,0,0,0
Gryffindor,0,0,0,0,0,0,0
Slytherin,0,0,1,1,1,1,2
Gryffindor,0,0,0,0,0,0,0
Slytherin,0,1,2,0,0,1,0
Slytherin,0,0,0,0,0,0,0
Slytherin,1,0,0,1,0,0,1
Slytherin,0,0,0,1,0,0,1
Slytherin,1,0,0,1,0,1,1
Gryffindor,0,0,0,0,0,0,0
Gryffindor,0,0,0,0,0,0,0
Gryffindor,1,0,0,0,0,0,1
Gryffindor,0,0,0,0,0,0,0
Gryffindor,0,0,0,0,0,0,0
Slytherin,2,0,1,3,2,0,3
Slytherin,0,0,0,0,0,0,0
Gryffindor,1,0,0,1,0,1,1
Gryffindor,0,0,0,0,0,0,0
Gryffindor,0,0,0,0,0,0,0
Gryffindor,1,0,0,1,0,0,2
Gryffindor,0,0,0,0,0,0,0
Gryffindor,0,0,0,0,0,0,0
Gryffindor,0,0,0,0,0,0,0
Gryffindor,0,0,0,0,0,0,0
Gryffindor,0,0,0,0,0,0,0
Gryffindor,2,0,0,1,0,1,1
Gryffindor,0,0,0,0,0,0,0
Gryffindor,0,0,0,0,0,0,0
Gryffindor,0,0,0,0,0,0,0
Gryffindor,0,0,1,0,1,0,0
Gryffindor,0,0,0,0,0,0,0
,1,0,2,1,0,2,1
Gryffindor,0,0,0,0,0,0,0
,0,0,0,0,0,0,0
,0,2,1,0,1,0,0
Gryffindor,0,0,0,0,0,0,0
,0,0,0,0,0,0,0
Gryffindor,0,0,0,0,0,0,0
,0,0,0,0,1,1,0
Slytherin,0,0,0,0,0,0,0
Gryffindor,0,0,0,0,0,0,0
Slytherin,0,0,0,0,0,0,0
Gryffindor,0,0,0,0,0,0,0
Slytherin,0,0,0,0,0,0,0
Gryffindor,0,0,0,0,0,0,0
Slytherin,0,0,0,0,0,0,0
Gryffindor,0,1,1,0,1,0,0
Gryffindor,0,0,0,0,0,0,1
Gryffindor,0,0,0,0,0,0,0
Slytherin,0,0,0,0,0,0,0
Gryffindor,0,0,0,0,0,0,0
Slytherin,1,1,1,0,1,0,0
Slytherin,0,0,0,0,0,0,0
Gryffindor,0,0,0,0,0,0,0
Slytherin,0,0,0,0,0,0,0
Gryffindor,0,0,0,0,0,0,0
Gryffindor,0,0,0,0,0,0,0
Gryffindor,0,0,0,0,0,0,0
Gryffindor,0,0,0,0,0,0,0
Slytherin,0,0,0,0,0,0,0
Gryffindor,0,0,0,0,1,1,1
Slytherin,0,0,0,0,0,0,0
Slytherin,0,0,0,0,0,0,0
Gryffindor,0,0,0,0,0,0,0
Gryffindor,0,0,0,0,0,0,0
Gryffindor,1,0,1,0,1,1,0
Gryffindor,0,0,0,0,0,2,1
Gryffindor,0,0,0,1,0,1,2
Gryffindor,1,0,0,0,0,0,1
Gryffindor,0,0,0,0,0,0,1
Gryffindor,0,0,0,0,0,0,0
Gryffindor,0,0,0,0,0,0,0
Gryffindor,0,0,0,0,0,0,0
Gryffindor,0,0,0,0,0,0,0
Gryffindor,0,0,0,0,0,0,0
Gryffindor,0,0,0,0,0,0,2
Gryffindor,0,0,0,0,0,0,0
Gryffindor,0,0,0,0,0,0,0
Gryffindor,0,0,0,0,0,0,0
Gryffindor,0,0,0,0,0,0,0
Gryffindor,0,0,0,1,0,0,1
Gryffindor,0,0,0,0,0,0,0
Gryffindor,0,0,0,0,0,0,0
Gryffindor,0,0,0,0,0,0,0
Gryffindor,0,0,0,0,0,0,0
Gryffindor,0,0,0,0,0,0,0
Gryffindor,0,0,0,0,0,0,0
Gryffindor,2,0,0,1,0,1,1
Gryffindor,0,0,0,0,0,0,0
Gryffindor,0,0,0,0,0,0,0
Gryffindor,0,0,0,0,0,0,0
Gryffindor,0,0,0,0,0,0,0
Gryffindor,1,1,1,0,1,0,1
Gryffindor,0,0,0,0,0,0,0
Gryffindor,0,0,0,0,0,0,0
Gryffindor,0,0,0,0,0,0,0
Gryffindor,0,0,0,0,0,0,0
Gryffindor,0,0,0,0,0,0,0
Gryffindor,0,0,0,0,0,0,0
Gryffindor,0,0,0,0,0,0,0
Gryffindor,0,0,0,0,0,0,0
Gryffindor,0,0,0,0,0,0,0
Gryffindor,0,0,0,0,0,0,0
Gryffindor,0,0,0,0,0,0,0
Gryffindor,0,0,0,0,0,0,0
Gryffindor,0,1,1,0,1,0,0
Gryffindor,0,0,0,0,0,0,0
Gryffindor,0,0,0,0,0,0,0
Gryffindor,0,0,0,0,0,0,0
Gryffindor,0,0,0,0,0,0,0
Gryffindor,0,0,0,0,0,0,0
Gryffindor,0,0,0,0,0,0,0
Gryffindor,0,0,0,0,0,0,0
Gryffindor,0,0,0,0,0,0,0
Gryffindor,0,0,0,0,0,0,0
Gryffindor,0,0,0,0,0,0,0
Gryffindor,0,0,0,0,0,0,0
Gryffindor,0,0,0,0,0,0,0
Gryffindor,0,0,0,0,0,0,1
Gryffindor,1,0,1,1,0,1,0
Gryffindor,0,0,0,0,0,0,0
Slytherin,0,0,0,0,0,0,0
Ravenclaw,0,0,1,1,1,1,1
Gryffindor,0,0,0,0,0,0,0
Gryffindor,0,0,0,0,0,0,0
Gryffindor,0,0,0,0,0,0,0
Gryffindor,0,0,0,0,0,0,0
,0,0,0,0,0,0,0
Gryffindor,0,0,0,0,0,1,0
Gryffindor,0,1,1,0,1,0,0
Gryffindor,0,0,0,0,0,0,0
Gryffindor,0,0,0,0,0,0,0
Gryffindor,0,0,0,0,0,0,0
Gryffindor,0,0,0,0,0,0,0
Gryffindor,0,0,0,0,0,0,0
Gryffindor,1,0,0,0,0,1,1
Slytherin,0,0,0,0,0,0,0
Gryffindor,0,0,0,1,0,1,1
Gryffindor,0,0,0,0,0,0,0
Slytherin,0,0,0,0,0,0,0
Slytherin,0,0,0,0,0,0,0
Slytherin,1,0,0,1,0,2,1
Gryffindor,0,0,0,0,0,0,0
Slytherin,0,0,0,0,0,0,0
Gryffindor,0,0,0,0,0,0,0
Slytherin,1,0,0,1,0,1,1
Gryffindor,0,0,0,0,0,0,0
Gryffindor,0,0,0,0,0,0,0
Gryffindor,0,0,0,0,0,0,0
Gryffindor,0,0,0,0,0,0,0
Gryffindor,0,0,0,0,0,0,0
Gryffindor,0,1,0,0,1,0,0
Hufflepuff,0,0,0,0,0,0,0
Gryffindor,0,0,0,0,0,0,0
Hufflepuff,2,0,2,0,0,2,0
Gryffindor,0,0,0,0,0,0,0
Gryffindor,0,0,0,0,0,0,0
Gryffindor,0,0,0,0,0,0,0
Gryffindor,0,0,0,0,0,0,0
Gryffindor,0,0,0,0,0,0,0
Gryffindor,0,0,0,0,0,0,0
Gryffindor,0,1,1,0,0,0,0
Hufflepuff,0,1,0,0,0,0,1
Gryffindor,0,0,0,0,0,0,0
Gryffindor,0,0,0,0,0,0,0
Gryffindor,0,0,0,0,0,0,0
Gryffindor,0,0,0,0,0,0,0
Slytherin,0,0,0,0,0,0,0
Slytherin,0,0,0,1,0,1,0
Gryffindor,0,0,1,0,1,0,0
Gryffindor,0,0,0,0,0,0,0
Gryffindor,0,0,0,0,0,0,0
Gryffindor,0,0,0,0,0,0,0
Slytherin,0,0,0,0,0,0,0
Gryffindor,0,0,0,0,0,0,0
Slytherin,0,0,0,0,0,0,0
Gryffindor,0,0,0,0,0,0,1
Gryffindor,0,0,0,0,0,0,0
Gryffindor,0,0,0,0,0,0,0
Gryffindor,0,0,0,0,0,0,0
Gryffindor,0,0,0,0,0,0,0
Gryffindor,0,1,1,0,1,0,0
Gryffindor,0,0,0,0,0,0,0
Gryffindor,0,0,0,0,0,0,0
Gryffindor,0,0,0,0,0,0,0
Gryffindor,0,0,0,0,0,0,0
Gryffindor,0,0,0,0,0,0,0
Gryffindor,0,0,0,0,0,0,0
Gryffindor,0,0,0,0,0,0,0
Gryffindor,0,0,0,0,0,0,0
Gryffindor,1,0,0,0,0,0,0
Gryffindor,0,0,0,0,0,0,0
Gryffindor,0,0,0,0,0,0,0
Slytherin,0,0,0,0,0,0,0
Gryffindor,0,0,0,0,0,0,0
Gryffindor,0,0,0,0,0,0,0
Slytherin,0,0,0,0,0,0,0
Gryffindor,1,0,1,0,0,0,0
Slytherin,0,0,0,0,0,0,0
Ravenclaw,0,0,0,0,0,0,0
Slytherin,0,0,0,0,0,0,0
Gryffindor,0,0,0,0,0,0,0
Slytherin,0,0,1,0,0,0,0
Gryffindor,0,1,0,0,0,0,1
Slytherin,0,0,0,0,0,0,0
Gryffindor,0,0,0,0,1,0,0
Slytherin,1,0,0,0,0,0,0
Gryffindor,0,0,0,0,0,0,0
Gryffindor,0,0,0,0,0,0,0
Gryffindor,0,0,0,0,0,0,0
Slytherin,0,0,0,0,0,0,0
Slytherin,0,0,0,0,0,0,0
Gryffindor,0,0,0,0,0,0,0
Slytherin,0,0,0,0,0,0,0
Gryffindor,0,0,0,0,0,0,0
Slytherin,0,0,0,0,0,0,0
Gryffindor,0,0,0,0,0,0,0
Slytherin,0,0,0,0,0,0,0
Gryffindor,0,0,0,0,0,0,0
Slytherin,1,0,0,1,1,0,3
Gryffindor,0,0,0,0,0,0,0
Gryffindor,0,0,0,0,0,0,0
Slytherin,0,0,0,0,0,1,0
Gryffindor,0,0,0,0,0,0,0
Gryffindor,0,0,0,0,0,0,0
Slytherin,1,2,3,1,2,1,1
Gryffindor,1,0,0,1,0,1,1
Gryffindor,0,0,0,0,0,0,0
Gryffindor,0,0,0,0,0,0,0
Gryffindor,0,0,0,0,0,0,0
Gryffindor,0,0,0,0,0,0,0
Gryffindor,0,0,0,0,1,0,0
Gryffindor,0,0,0,0,0,0,0
Gryffindor,1,1,0,0,0,1,1
Gryffindor,0,0,0,0,0,0,0
Gryffindor,0,0,0,0,0,0,0
Gryffindor,0,1,0,0,0,0,0
Gryffindor,2,0,0,2,0,2,1
Gryffindor,0,0,0,0,0,0,0
Gryffindor,0,0,0,0,0,0,0
Gryffindor,0,0,0,0,0,0,0
Ravenclaw,0,0,0,0,0,0,0
Ravenclaw,0,0,0,0,0,0,0
Gryffindor,0,0,0,0,0,0,0
Gryffindor,0,0,0,0,0,0,0
Gryffindor,0,0,0,0,0,0,0
Gryffindor,0,0,0,0,0,0,0
Gryffindor,0,0,0,0,0,0,0
Gryffindor,0,0,0,0,0,0,0
,0,0,0,0,0,0,0
Gryffindor,1,0,0,1,0,0,1
Gryffindor,0,0,0,1,0,1,0
Gryffindor,0,0,0,0,0,0,0
Gryffindor,0,0,0,0,0,0,0
Gryffindor,0,0,0,0,0,0,0
Gryffindor,1,0,0,0,0,0,0
Gryffindor,0,0,0,0,0,0,0
Gryffindor,0,0,0,0,0,0,0
Gryffindor,0,0,0,0,0,0,0
Gryffindor,0,0,0,0,0,0,0
Gryffindor,0,0,0,0,0,0,0
Gryffindor,0,0,0,0,0,0,0
Gryffindor,0,0,0,0,0,0,0
Gryffindor,0,0,0,0,0,0,1
Gryffindor,3,0,0,3,0,2,2
Gryffindor,0,0,0,0,0,0,0
Gryffindor,0,0,0,0,0,0,0
Gryffindor,0,0,0,0,0,0,0
Gryffindor,0,0,0,0,0,0,0
Gryffindor,0,0,0,0,0,0,0
Gryffindor,1,0,1,1,2,1,0
Gryffindor,0,0,0,0,0,0,0
Gryffindor,0,1,0,0,1,0,0
Gryffindor,0,0,0,0,0,0,0
Gryffindor,0,0,0,0,0,0,0
Ravenclaw,0,0,0,0,0,0,1
Slytherin,1,0,0,1,0,1,0
Gryffindor,0,0,0,0,0,0,0
Gryffindor,0,0,0,0,0,0,0
Gryffindor,0,1,0,0,0,0,0
,0,0,0,0,0,0,0
Gryffindor,0,0,0,0,0,0,0
Gryffindor,0,0,0,0,0,0,0
Gryffindor,0,0,1,0,0,0,0
Gryffindor,0,0,0,0,0,0,0
Gryffindor,1,1,0,0,0,0,0
,0,0,1,0,0,0,0
Gryffindor,0,0,0,0,0,0,0
,0,1,1,0,1,0,0
Gryffindor,1,0,0,0,0,0,0
Gryffindor,0,0,0,0,0,0,0
Gryffindor,0,0,0,0,0,1,0
Gryffindor,0,0,1,0,0,0,0
Slytherin,0,0,0,0,0,0,0
Slytherin,0,0,0,0,0,0,0
Slytherin,0,0,0,0,0,0,0
Gryffindor,0,0,0,0,0,0,0
Slytherin,0,0,1,0,1,0,0
Slytherin,0,0,0,0,0,0,0
Gryffindor,0,0,0,0,0,0,0
Slytherin,1,0,0,1,0,0,2
Gryffindor,0,0,0,0,0,0,0
Slytherin,0,1,0,0,0,0,0
,0,1,0,0,0,0,1
Slytherin,0,0,0,0,0,0,0
Slytherin,0,0,0,0,0,0,1
Slytherin,0,0,0,0,0,0,0
Slytherin,0,0,0,0,0,0,0
Slytherin,1,0,0,1,0,0,1
Slytherin,0,0,0,0,0,0,0
Slytherin,1,0,0,0,1,0,1
Slytherin,0,0,0,0,0,0,0
Gryffindor,0,0,0,0,0,0,0
Gryffindor,0,0,0,0,0,0,0
Gryffindor,0,0,0,0,0,1,0
Gryffindor,0,0,0,0,0,0,0
Gryffindor,0,1,1,0,1,0,0
Gryffindor,0,0,0,0,0,0,0
Gryffindor,0,0,0,0,0,0,0
Gryffindor,0,0,0,0,0,0,1
Gryffindor,0,0,0,0,0,1,0
Gryffindor,0,0,0,0,0,0,0
Gryffindor,0,0,0,0,0,0,0
Gryffindor,0,0,0,0,0,0,1
Gryffindor,0,0,0,0,0,0,0
Gryffindor,0,1,1,0,1,0,0
Gryffindor,0,0,0,0,0,0,0
Gryffindor,0,0,0,0,0,0,0
Hufflepuff,0,0,0,0,0,0,0
Gryffindor,0,0,0,0,0,0,1
Gryffindor,0,0,0,0,0,0,0
Gryffindor,0,0,0,0,0,0,0
Gryffindor,0,0,0,0,0,0,0
Gryffindor,1,0,0,0,0,0,1
Gryffindor,0,0,0,0,0,0,0
Gryffindor,0,0,0,0,0,0,1
Gryffindor,0,0,0,0,0,0,0
Gryffindor,0,0,0,0,0,0,0
Gryffindor,0,0,0,0,0,0,0
Gryffindor,0,0,0,0,0,0,0
Gryffindor,0,0,0,0,1,1,0
Gryffindor,0,0,0,0,0,0,0
Gryffindor,1,0,0,0,0,0,0
Gryffindor,0,0,0,0,0,0,0
Gryffindor,0,1,0,0,1,0,0
Gryffindor,0,0,0,0,0,0,0
Gryffindor,1,1,2,0,2,2,0
Gryffindor,0,0,0,0,0,0,0
Gryffindor,0,0,0,0,0,0,0
Gryffindor,1,0,0,0,1,0,0
Hufflepuff,0,0,0,0,0,0,0
Gryffindor,0,0,0,0,0,0,0
Hufflepuff,0,0,0,0,0,0,0
Gryffindor,0,0,0,0,0,0,0
Gryffindor,0,0,0,0,0,0,0
Gryffindor,0,0,0,0,0,0,0
Gryffindor,0,0,0,0,0,0,0
Gryffindor,1,0,0,1,0,0,1
Hufflepuff,0,0,0,0,0,0,0
Gryffindor,0,1,0,0,0,0,0
Gryffindor,0,0,0,0,0,0,0
Gryffindor,0,0,0,0,0,0,0
Hufflepuff,0,0,0,0,0,0,0
Gryffindor,0,0,0,0,0,0,0
Gryffindor,0,0,0,0,0,0,0
,0,1,0,0,0,0,0
Gryffindor,0,0,0,0,0,0,0
Gryffindor,0,0,0,0,0,0,0
Gryffindor,0,0,0,0,0,0,0
Gryffindor,0,0,0,0,0,0,0
Gryffindor,0,0,0,0,0,0,0
Gryffindor,0,0,0,0,0,0,0
Gryffindor,0,0,0,0,0,0,0
Gryffindor,0,0,0,0,0,0,0
Gryffindor,0,0,0,0,0,0,1
Gryffindor,0,0,0,0,0,0,0
Gryffindor,0,0,0,0,0,0,0
Slytherin,0,0,0,1,0,0,2
Slytherin,0,0,0,1,0,0,1
Slytherin,0,0,0,0,0,0,0
Slytherin,1,0,0,1,0,1,2
Slytherin,0,0,0,0,0,0,0
Slytherin,0,0,0,0,0,0,1
Slytherin,0,0,0,0,0,0,0
Slytherin,0,0,0,0,0,0,0
Slytherin,0,0,0,0,0,0,0
Slytherin,2,0,0,1,0,1,0
Slytherin,0,0,0,0,0,1,0
Gryffindor,0,0,0,0,0,1,0
Gryffindor,0,0,0,0,0,0,0
Gryffindor,0,0,1,1,1,0,3
Gryffindor,0,0,0,0,0,0,0
Gryffindor,0,1,1,0,1,0,0
Gryffindor,0,0,0,0,0,0,0
Gryffindor,0,0,0,0,0,0,0
Gryffindor,0,0,0,0,0,0,1
Gryffindor,0,0,0,1,0,0,2
Gryffindor,0,0,0,0,0,0,1
Gryffindor,0,0,0,0,0,0,2
Gryffindor,1,0,0,0,1,1,0
Slytherin,1,1,0,0,0,0,0
Slytherin,0,0,0,0,0,0,0
Gryffindor,0,0,0,0,0,0,0
Slytherin,0,0,0,0,0,0,0
Gryffindor,0,0,0,0,0,0,0
Slytherin,0,0,0,0,0,0,0
Gryffindor,0,0,0,0,0,0,0
Slytherin,0,0,0,0,0,0,1
Gryffindor,0,0,0,0,0,0,0
Slytherin,0,0,0,0,0,0,1
Gryffindor,0,0,0,0,0,0,0
Slytherin,0,0,0,0,0,0,0
Gryffindor,0,0,0,0,0,0,1
Gryffindor,3,0,0,0,0,1,2
Gryffindor,0,0,0,0,0,0,0
Gryffindor,0,0,0,0,0,0,1
Gryffindor,0,0,0,0,0,0,0
Gryffindor,0,0,0,0,0,0,0
Gryffindor,0,0,0,0,1,1,0
Gryffindor,0,0,0,0,0,0,0
Gryffindor,0,0,0,0,0,0,0
Gryffindor,0,0,0,0,0,0,0
Gryffindor,1,0,0,0,0,0,0
Gryffindor,0,0,0,0,0,0,0
Gryffindor,0,0,0,0,0,0,0
Gryffindor,0,1,0,0,0,0,0
Gryffindor,0,1,0,1,0,0,0
Gryffindor,0,0,0,0,0,0,0
Gryffindor,0,0,0,0,0,0,0
Gryffindor,0,0,0,0,0,0,0
Gryffindor,1,1,1,1,1,1,1
Gryffindor,0,0,0,0,0,0,0
Gryffindor,0,0,0,0,0,0,0
Gryffindor,0,0,0,0,0,0,0
Gryffindor,0,0,0,0,0,0,0
Gryffindor,0,1,1,0,1,0,0
Gryffindor,0,0,0,1,0,0,0
Gryffindor,0,0,0,1,0,0,0
Gryffindor,0,0,0,0,0,0,0
Gryffindor,0,0,0,0,0,0,0
Gryffindor,0,0,0,0,0,0,0
Gryffindor,0,0,0,0,0,0,0
Slytherin,0,1,0,0,0,0,0
Slytherin,0,0,1,0,0,0,0
Gryffindor,0,0,0,0,0,0,0
Gryffindor,0,0,0,0,0,0,0
Slytherin,0,0,0,0,0,0,0
Slytherin,0,0,0,0,0,0,0
Slytherin,2,0,0,1,1,0,2
Gryffindor,0,0,0,1,0,1,1
Gryffindor,1,0,0,1,0,0,0
Slytherin,0,0,0,0,0,0,0
Gryffindor,0,0,0,0,0,0,0
Slytherin,0,0,0,0,0,0,0
Gryffindor,0,0,0,0,0,0,0
Slytherin,0,0,0,0,0,0,0
Gryffindor,0,0,2,0,0,0,0
Slytherin,2,1,2,1,1,0,2
Slytherin,0,0,0,0,0,0,0
Gryffindor,0,0,0,0,0,0,0
Slytherin,0,0,0,0,0,0,0
Gryffindor,0,0,0,0,0,0,0
Gryffindor,0,0,0,1,0,0,0
Slytherin,0,1,1,0,1,0,0
Gryffindor,0,0,0,0,0,0,0
Slytherin,0,0,0,0,0,0,0
Slytherin,0,0,0,0,0,0,0
Gryffindor,0,0,0,0,0,0,0
Slytherin,0,0,0,0,0,0,0
Gryffindor,0,0,0,0,0,0,0
Gryffindor,0,0,0,0,0,0,0
Gryffindor,0,0,0,0,0,0,0
Gryffindor,0,0,1,0,1,0,0
Gryffindor,1,0,0,1,0,0,1
Slytherin,0,0,0,0,0,0,0
Gryffindor,0,0,0,0,0,0,0
Gryffindor,0,0,0,0,0,0,0
Gryffindor,0,0,0,0,0,1,0
Slytherin,2,0,0,1,0,1,0
Gryffindor,0,0,0,0,0,0,0
Slytherin,0,0,0,0,0,0,0
Gryffindor,0,0,0,0,0,0,0
Gryffindor,0,0,0,0,0,0,0
Gryffindor,1,0,0,0,0,0,0
Gryffindor,1,0,0,0,0,0,0
Gryffindor,0,0,0,0,0,1,0
Gryffindor,0,1,0,1,0,0,1
Gryffindor,0,0,0,0,0,0,0
Gryffindor,0,0,0,0,0,0,0
Gryffindor,1,0,0,1,0,1,0
Gryffindor,0,0,0,0,0,0,0
Slytherin,0,0,0,0,0,0,0
Gryffindor,0,0,0,0,0,0,0
Gryffindor,0,0,0,0,0,0,0
Gryffindor,0,0,0,0,0,0,0
Gryffindor,0,0,1,0,1,0,0
Gryffindor,1,0,0,0,0,0,0
Gryffindor,0,1,2,0,2,1,0
Gryffindor,0,0,0,0,0,0,0
Gryffindor,0,0,0,0,0,0,0
Gryffindor,0,0,0,0,0,0,0
Gryffindor,0,0,0,0,0,0,0
Gryffindor,0,0,0,0,0,0,0
Gryffindor,0,0,0,0,0,0,0
Gryffindor,0,0,1,0,1,0,0
Slytherin,0,0,0,0,0,0,0
Gryffindor,0,0,0,0,0,0,0
Slytherin,1,0,0,0,0,0,1
Gryffindor,0,0,0,0,0,0,0
Gryffindor,0,0,0,0,0,0,0
Gryffindor,0,0,0,0,0,0,0
Gryffindor,0,0,0,0,1,0,0
Gryffindor,0,0,0,0,0,0,0
Gryffindor,0,0,0,1,0,0,1
Gryffindor,0,0,0,0,0,0,0
Gryffindor,0,0,0,0,0,0,0
Gryffindor,0,0,0,0,0,0,0
Gryffindor,0,0,0,0,0,0,1
Gryffindor,0,0,0,0,0,0,0
Gryffindor,0,0,0,0,0,0,0
Gryffindor,0,0,0,0,0,0,0
Gryffindor,0,0,1,0,0,0,0
Gryffindor,0,0,0,0,0,0,0
Gryffindor,1,0,0,1,0,1,0
Gryffindor,0,0,0,0,0,0,0
Gryffindor,0,0,0,0,0,0,0
Gryffindor,0,0,0,0,0,0,0
Gryffindor,0,0,0,0,0,0,0
Gryffindor,0,0,0,0,0,0,0
Gryffindor,1,0,0,0,1,0,0
Gryffindor,2,1,1,2,1,2,2
Gryffindor,0,0,0,0,0,0,0
Gryffindor,0,0,0,0,0,0,0
Gryffindor,0,0,0,0,0,0,1
Slytherin,0,0,0,0,0,0,0
Gryffindor,0,0,0,0,0,0,0
Slytherin,0,0,0,0,0,0,0
Gryffindor,1,0,1,0,0,0,2
Slytherin,0,0,0,0,0,0,2
Gryffindor,0,0,0,1,0,0,1
Slytherin,0,0,0,0,0,0,0
Gryffindor,0,0,0,1,0,0,1
Slytherin,0,0,0,0,0,0,0
Gryffindor,0,0,0,0,0,0,0
Slytherin,0,0,0,0,0,0,0
Gryffindor,0,0,0,0,0,0,0
Slytherin,0,0,0,0,0,0,0
Gryffindor,0,0,0,0,0,0,0
Slytherin,0,0,0,0,0,0,0
Gryffindor,0,0,0,0,0,0,0
Slytherin,0,0,0,0,0,0,0
Slytherin,0,0,0,0,0,0,0
Gryffindor,0,0,0,0,0,0,0
Gryffindor,0,0,0,0,0,0,0
Slytherin,0,0,1,0,1,0,1
Gryffindor,0,0,1,0,1,0,0
Slytherin,0,0,0,0,0,0,0
Gryffindor,1,0,1,0,1,0,0
Gryffindor,0,0,0,0,0,0,0
Gryffindor,0,0,0,0,0,0,0
Gryffindor,0,0,0,0,0,0,0
Slytherin,0,1,1,0,0,0,2
Gryffindor,0,0,0,0,0,0,0
Slytherin,0,0,0,0,0,0,0
Gryffindor,1,0,0,1,0,1,1
Slytherin,0,0,0,0,0,0,1
Gryffindor,0,0,0,0,0,0,0
Slytherin,0,0,0,0,0,0,0
Gryffindor,0,0,0,0,0,0,0
Slytherin,0,0,1,0,1,0,0
Gryffindor,0,0,0,0,0,0,0
Slytherin,0,0,0,0,0,0,0
Gryffindor,0,0,0,0,0,0,0
Gryffindor,0,0,0,0,0,0,0
Slytherin,1,0,0,1,1,1,1
Gryffindor,0,0,0,0,0,0,0
Slytherin,0,0,0,0,0,0,0
Slytherin,0,0,0,0,0,0,0
Slytherin,0,0,0,0,0,0,0
Slytherin,0,0,0,0,0,0,0
Gryffindor,0,0,0,0,0,0,0
Slytherin,0,0,0,1,0,0,0
Slytherin,0,0,0,1,0,0,1
Slytherin,0,0,1,0,1,0,0
Gryffindor,0,0,0,0,0,0,0
Gryffindor,1,1,1,2,1,0,1
Slytherin,0,0,0,0,0,0,0
Gryffindor,1,1,5,0,2,1,0
Gryffindor,0,0,0,0,0,0,0
Gryffindor,0,0,1,0,1,1,0
Gryffindor,0,2,1,0,1,0,1
Slytherin,0,0,0,0,1,0,0
Gryffindor,0,0,0,0,0,0,0
Slytherin,0,0,0,1,0,0,2
Slytherin,0,0,0,1,0,0,1
Slytherin,0,0,0,0,0,0,0
Slytherin,2,0,0,1,0,1,2
Slytherin,0,0,0,0,0,0,0
Slytherin,0,0,0,0,0,0,1
Slytherin,0,0,0,0,0,0,0
Slytherin,0,0,0,0,0,0,0
Slytherin,0,0,0,0,0,0,0
Slytherin,2,0,0,1,0,1,0
Slytherin,0,0,0,0,0,0,0
Slytherin,0,0,0,0,0,0,1
Slytherin,0,0,0,0,2,0,0
Slytherin,1,0,0,0,0,0,0
Slytherin,1,0,1,0,0,1,0
Slytherin,1,0,0,0,0,0,0
Slytherin,0,0,0,0,0,0,1
Slytherin,0,0,0,0,0,0,0
Slytherin,0,0,0,0,0,0,0
Slytherin,0,0,0,0,0,0,0
Slytherin,0,0,0,0,0,1,0
Slytherin,0,0,0,0,0,0,0
Slytherin,0,0,2,0,2,1,0
Slytherin,1,0,1,1,0,1,1
Slytherin,0,1,2,0,2,0,0
Slytherin,0,0,0,0,0,0,0
Slytherin,0,0,0,1,0,0,1
Gryffindor,0,0,0,0,0,0,1
Gryffindor,0,0,0,0,0,0,0
Gryffindor,0,0,0,0,0,0,0
Gryffindor,0,0,0,0,0,0,0
Gryffindor,1,0,1,1,0,1,0
Gryffindor,1,0,0,0,0,0,1
Gryffindor,0,0,0,1,0,0,1
Gryffindor,0,0,0,1,0,0,1
Gryffindor,0,0,0,0,0,0,0
Gryffindor,0,0,1,0,0,0,0
Gryffindor,0,0,1,0,0,0,0
Gryffindor,0,0,0,0,0,0,0
Gryffindor,0,0,0,0,0,0,0
Gryffindor,0,0,0,0,1,0,0
Gryffindor,0,0,0,0,0,0,0
Gryffindor,0,0,0,0,1,1,0
Gryffindor,2,0,0,2,0,1,2
Gryffindor,0,0,0,0,0,0,0
Gryffindor,0,0,0,0,0,0,0
Gryffindor,0,0,0,0,0,0,0
Gryffindor,0,0,0,0,0,0,0
Gryffindor,1,0,0,0,0,0,1
Gryffindor,0,0,0,0,0,0,0
Gryffindor,0,0,0,0,0,0,1
Gryffindor,0,0,0,0,0,0,0
Gryffindor,0,0,0,0,0,0,0
Gryffindor,0,0,0,0,0,0,0
Gryffindor,0,0,0,0,0,0,0
Gryffindor,0,0,0,0,0,0,0
Gryffindor,1,0,0,1,0,1,1
Gryffindor,0,0,0,0,0,0,0
Slytherin,1,0,0,1,0,0,1
Gryffindor,0,0,0,0,0,0,1
Gryffindor,0,0,0,0,0,0,0
Gryffindor,0,1,0,0,0,0,0
Gryffindor,0,0,0,0,0,0,0
Gryffindor,0,0,0,0,0,0,0
Gryffindor,0,0,0,0,0,0,0
Gryffindor,1,0,2,1,0,0,1
Gryffindor,0,0,0,0,0,0,0
Gryffindor,0,0,0,0,0,0,0
Gryffindor,0,0,0,0,0,0,0
Gryffindor,0,0,1,1,1,0,1
Gryffindor,0,0,0,0,0,0,0
Gryffindor,0,0,0,0,0,0,0
Gryffindor,0,0,0,0,0,0,0
Gryffindor,0,0,0,0,0,0,0
Gryffindor,1,0,0,0,0,0,0
Gryffindor,0,0,0,0,0,0,0
Gryffindor,0,0,0,0,0,0,0
Gryffindor,0,1,1,0,1,1,0
Gryffindor,0,0,0,0,0,0,0
Gryffindor,0,0,0,0,0,0,0
Gryffindor,2,0,0,1,0,0,0
Gryffindor,0,0,0,0,0,0,0
Gryffindor,1,0,0,1,0,1,0
Gryffindor,0,0,0,0,0,0,0
Gryffindor,0,0,0,0,0,0,0
Gryffindor,0,0,0,0,0,0,0
Gryffindor,0,0,0,0,0,0,0
Gryffindor,0,0,0,0,0,0,0
Gryffindor,0,0,0,0,0,0,0
Gryffindor,0,0,0,0,0,0,0
Gryffindor,0,0,0,0,0,0,0
Gryffindor,0,0,0,0,0,0,0
Gryffindor,0,0,0,0,0,0,0
Gryffindor,0,0,0,0,0,0,0
Gryffindor,0,0,0,0,0,0,0
Gryffindor,0,0,0,0,0,0,0
Gryffindor,0,0,0,0,0,0,0
Gryffindor,0,0,2,1,2,0,0
Gryffindor,0,0,0,0,0,0,0
Gryffindor,1,0,0,1,0,1,1
Gryffindor,0,0,0,0,0,0,0
Gryffindor,0,0,0,0,0,0,0
Gryffindor,0,0,0,0,0,0,0
Gryffindor,0,0,0,0,0,0,0
Gryffindor,0,0,0,0,0,0,0
Gryffindor,0,0,0,0,0,0,0
Gryffindor,0,0,0,0,0,0,0
Gryffindor,0,0,0,0,0,0,0
Gryffindor,0,0,2,0,2,0,0
Gryffindor,0,0,0,0,0,0,0
Gryffindor,0,0,0,0,0,0,0
Gryffindor,0,0,0,0,0,0,0
Gryffindor,0,0,1,0,1,0,0
Gryffindor,0,0,0,0,0,0,0
Gryffindor,0,0,0,0,0,0,0
Gryffindor,0,0,0,0,0,0,0
Gryffindor,0,0,0,0,0,0,0
Gryffindor,0,0,0,0,0,0,0
Gryffindor,0,0,0,0,0,0,0
Gryffindor,0,0,0,0,0,0,0
Gryffindor,0,0,0,0,0,0,0
Gryffindor,0,0,0,0,0,0,0
Gryffindor,0,0,0,0,0,0,0
Gryffindor,0,0,0,0,0,0,0
Gryffindor,0,0,0,0,0,0,0
Gryffindor,0,0,0,0,0,0,0
Gryffindor,0,0,0,0,0,0,0
Gryffindor,1,0,0,0,0,0,0
Gryffindor,0,0,0,0,0,0,0
Gryffindor,0,0,0,0,0,0,0
Gryffindor,0,0,0,0,0,0,0
Gryffindor,0,0,1,0,0,0,1
Gryffindor,0,0,0,0,0,0,0
Gryffindor,0,0,0,0,0,0,1
Gryffindor,1,0,0,1,0,1,1
Slytherin,0,0,0,0,0,0,0
Gryffindor,0,1,1,0,1,0,0
Gryffindor,0,0,0,0,0,0,0
Slytherin,0,0,1,0,0,1,0
Gryffindor,0,1,3,0,3,0,0
Slytherin,0,0,0,0,0,0,0
Gryffindor,0,0,0,0,0,0,0
Slytherin,0,0,0,0,0,0,0
Gryffindor,1,0,2,0,1,1,1
Gryffindor,0,0,0,0,0,0,0
Slytherin,0,0,0,0,0,0,1
Gryffindor,0,0,1,0,1,0,1
Slytherin,0,0,0,0,0,0,0
Gryffindor,0,0,0,0,0,0,0
Slytherin,0,0,0,0,0,0,0
Gryffindor,0,1,0,0,0,0,0
Slytherin,0,0,2,0,2,0,0
Gryffindor,0,0,0,0,0,0,0
Slytherin,0,0,0,0,0,0,0
Slytherin,0,0,0,0,0,0,0
Gryffindor,1,0,0,1,0,1,1
Slytherin,0,0,1,1,0,0,0
,0,0,0,0,0,0,0
Slytherin,0,0,0,0,0,0,0
Slytherin,0,1,0,0,1,0,1
Slytherin,0,0,0,0,0,0,0
Gryffindor,0,0,0,0,0,0,0
Slytherin,1,0,1,0,1,0,0
Gryffindor,0,0,0,0,0,0,0
Slytherin,0,0,0,0,0,0,0
Slytherin,0,0,0,0,0,0,0
Slytherin,0,0,0,0,0,0,0
Slytherin,0,0,0,0,0,0,0
Slytherin,0,0,1,0,1,0,0
Slytherin,0,0,0,0,0,0,0
Slytherin,0,0,0,0,0,0,0
Gryffindor,0,0,0,0,0,0,0
Gryffindor,0,0,0,0,0,0,0
Gryffindor,0,0,0,0,0,0,0
Gryffindor,0,0,1,0,0,0,0
Slytherin,0,0,0,0,0,0,2
Slytherin,0,0,0,0,1,0,0
Gryffindor,0,0,0,0,0,0,0
Slytherin,1,0,0,0,0,0,1
Slytherin,0,0,0,0,0,0,0
Gryffindor,0,0,0,0,0,0,0
Gryffindor,0,0,0,0,0,0,0
Gryffindor,0,0,0,0,0,0,0
Gryffindor,0,0,0,0,0,0,0
Gryffindor,0,0,0,0,0,0,0
Gryffindor,0,0,0,0,1,0,0
Gryffindor,0,0,0,0,0,0,0
Gryffindor,0,0,0,0,0,0,0
Gryffindor,0,0,0,0,0,0,1
Gryffindor,1,0,0,1,0,1,1
Gryffindor,0,0,0,0,0,0,0
Gryffindor,0,0,0,0,0,0,0
Gryffindor,0,0,0,0,0,0,0
Gryffindor,0,0,0,0,0,0,0
Gryffindor,0,0,0,0,0,0,0
Gryffindor,0,0,0,0,0,0,0
Gryffindor,3,1,1,1,2,2,3
Gryffindor,0,0,0,0,0,0,1
Gryffindor,0,0,0,0,0,0,0
Gryffindor,1,0,0,0,0,0,0
Gryffindor,0,0,0,0,0,0,0
Gryffindor,0,0,0,0,0,0,0
Gryffindor,0,0,0,0,0,0,0
Gryffindor,0,0,0,0,0,0,0
Gryffindor,0,0,0,0,0,0,0
Gryffindor,0,0,0,0,0,0,0
Gryffindor,0,0,0,0,0,0,0
Gryffindor,0,0,0,0,0,0,0
Gryffindor,0,0,0,0,0,0,0
Gryffindor,0,0,0,0,0,0,0
Gryffindor,0,0,0,0,0,0,0
Gryffindor,0,0,0,1,0,0,0
,3,1,3,2,1,1,4
,0,0,0,0,0,0,0
Gryffindor,0,0,0,0,0,0,0
,0,0,0,0,0,0,0
,0,0,0,0,0,0,0
,0,0,0,0,0,0,0
,0,0,0,0,0,0,0
,1,0,0,0,0,0,0
Gryffindor,0,0,0,0,0,0,0
Gryffindor,0,0,0,0,0,0,0
Gryffindor,0,0,0,0,0,0,0
Gryffindor,0,0,0,0,0,0,0
Gryffindor,0,0,0,0,0,0,0
Gryffindor,0,0,0,0,0,0,0
Slytherin,1,0,1,0,2,0,0
Slytherin,0,0,0,0,0,0,0
Slytherin,0,0,0,0,0,0,0
Slytherin,0,0,0,0,0,0,0
Slytherin,0,1,0,0,0,0,1
Slytherin,0,0,0,0,0,0,0
Slytherin,1,0,0,0,0,0,0
Slytherin,0,0,0,0,0,0,0
Slytherin,0,0,0,0,0,0,0
Slytherin,0,1,0,0,0,1,0
Slytherin,0,0,0,0,1,0,0
,0,0,0,0,0,0,0
Slytherin,0,0,0,0,0,0,0
,0,0,0,0,0,0,1
Slytherin,0,0,0,1,0,0,1
Slytherin,1,0,2,2,0,1,3
Slytherin,1,0,2,1,1,0,1
Slytherin,0,0,0,0,0,0,0
Gryffindor,0,0,0,0,0,0,0
Slytherin,1,0,4,1,5,0,1
Slytherin,0,0,0,0,0,0,0
Slytherin,0,0,0,0,0,0,0
Slytherin,0,0,0,0,0,0,0
Slytherin,0,0,0,0,0,0,0
Slytherin,0,0,0,0,0,0,0
Slytherin,0,0,2,0,0,0,0
Slytherin,0,0,0,0,0,0,0
Slytherin,0,0,0,0,0,0,0
Slytherin,0,0,1,1,1,0,2
Slytherin,1,1,1,2,0,1,2
,0,0,0,0,0,0,0
Slytherin,0,0,0,0,0,0,0
Slytherin,0,0,0,0,0,0,0
,1,0,0,0,0,0,0
Gryffindor,1,0,0,0,0,0,0
,1,0,0,0,0,0,0
Gryffindor,1,1,1,0,1,0,0
,0,0,0,0,0,0,0
,1,1,1,1,3,1,1
Gryffindor,0,0,0,0,0,0,0
,0,1,1,0,1,0,0
,0,0,0,0,0,0,0
,1,0,0,0,0,0,0
,0,0,0,0,0,0,0
,0,0,0,0,0,0,0
,0,0,0,0,0,0,0
,0,0,0,0,0,0,0
,0,0,0,0,0,0,0
Gryffindor,0,1,0,0,0,0,0
,0,0,0,0,0,0,0
,0,1,0,0,0,0,0
Gryffindor,0,0,0,0,0,0,0
Gryffindor,0,0,0,0,0,0,0
Gryffindor,1,0,0,1,0,1,1
Gryffindor,0,0,0,0,0,0,0
,0,0,0,0,0,0,0
Gryffindor,1,0,0,0,0,0,0
,0,0,0,0,0,0,0
Gryffindor,0,0,0,0,0,0,0
Gryffindor,0,0,0,0,0,0,0
Gryffindor,0,0,0,0,0,0,0
Gryffindor,2,0,0,3,0,1,3
Beauxbatons Academy of Magic,0,0,0,1,0,0,0
Gryffindor,0,0,0,0,0,0,0
Hufflepuff,1,0,0,0,0,0,0
,1,1,1,0,1,0,0
,0,0,0,0,0,0,0
Gryffindor,0,0,0,0,0,0,0
,0,1,0,1,1,1,2
Gryffindor,0,0,0,0,0,0,1
,0,0,0,0,0,0,1
Gryffindor,0,0,0,0,0,0,0
Gryffindor,0,0,0,0,0,0,0
Gryffindor,1,0,1,0,0,0,0
Gryffindor,0,0,0,0,0,0,0
Gryffindor,0,0,0,0,0,0,0
Gryffindor,1,0,0,1,0,0,0
Gryffindor,0,0,0,0,0,0,0
,0,0,0,0,0,0,1
,0,0,0,0,0,0,0
,0,0,0,0,0,0,0
Gryffindor,0,0,0,0,0,0,0
,0,0,0,0,0,0,0
,0,1,1,0,0,0,0
Gryffindor,0,0,0,0,0,0,0
Gryffindor,0,0,0,0,0,0,0
Gryffindor,0,0,0,0,0,0,0
Gryffindor,0,0,0,0,0,0,0
,0,0,0,0,0,0,0
Gryffindor,0,0,0,0,0,0,0
Gryffindor,1,0,0,1,0,0,0
,1,0,1,1,0,0,0
Beauxbatons Academy of Magic,0,0,0,0,0,0,0
Gryffindor,0,1,0,0,0,0,0
Gryffindor,0,0,0,0,0,0,0
,0,0,0,0,0,0,0
,0,0,0,0,0,0,0
Gryffindor,0,0,0,0,0,0,0
,1,1,1,0,1,0,1
Gryffindor,0,0,0,0,0,0,0
,0,0,0,0,0,0,0
Gryffindor,0,0,0,0,0,0,0
,0,0,0,0,0,0,0
,1,0,0,1,0,1,2
Gryffindor,0,0,0,0,0,0,0
Gryffindor,0,0,0,1,0,0,1
Gryffindor,0,0,0,0,0,0,0
Gryffindor,0,0,1,0,0,0,0
,0,0,0,0,0,0,1
Gryffindor,0,0,0,0,0,0,0
Gryffindor,0,0,0,0,0,0,0
Slytherin,0,0,0,0,0,0,0
Gryffindor,0,0,0,0,0,0,0
Gryffindor,0,0,0,0,0,0,0
Gryffindor,1,1,1,0,1,1,0
Gryffindor,1,0,0,1,0,1,1
Gryffindor,0,0,0,0,0,0,0
Gryffindor,0,0,0,0,0,0,0
Gryffindor,0,0,0,0,0,0,0
Gryffindor,0,0,0,0,0,0,0
Gryffindor,0,0,0,1,0,0,1
Gryffindor,0,0,0,0,0,0,0
Gryffindor,1,1,1,0,1,0,0
Gryffindor,0,0,0,0,0,0,0
Gryffindor,0,0,0,0,0,0,0
Gryffindor,0,0,0,0,0,0,0
Gryffindor,0,0,0,0,0,0,0
Gryffindor,0,0,0,0,0,0,0
Gryffindor,0,1,0,0,2,0,0
Gryffindor,0,0,0,0,0,0,0
,0,0,0,0,0,0,0
Gryffindor,1,0,0,1,0,1,2
,0,0,0,0,0,0,0
Gryffindor,0,0,0,0,0,0,0
Gryffindor,0,0,0,0,0,0,0
Hufflepuff,0,0,0,0,0,0,0
Gryffindor,0,0,0,0,0,0,0
Gryffindor,0,0,0,0,0,0,0
Gryffindor,0,0,0,0,0,0,0
Gryffindor,0,0,0,0,0,0,0
Gryffindor,0,0,0,0,0,0,0
Gryffindor,0,0,0,0,0,0,0
Gryffindor,0,0,0,0,0,0,0
Gryffindor,0,0,0,0,0,0,0
Gryffindor,0,0,0,0,0,0,1
Gryffindor,0,0,0,0,0,0,0
Gryffindor,0,0,0,0,0,0,0
Gryffindor,0,0,0,0,0,0,0
Gryffindor,1,0,0,0,1,1,2
Gryffindor,0,0,0,0,1,0,1
Gryffindor,0,1,1,0,1,1,0
Gryffindor,0,0,0,0,0,0,0
Gryffindor,0,0,0,0,0,0,2
Gryffindor,0,0,0,0,0,0,0
Gryffindor,0,0,0,0,0,0,0
Ravenclaw,0,0,0,0,0,0,1
Slytherin,0,0,0,0,0,0,1
Ravenclaw,0,0,0,0,0,0,0
Slytherin,0,1,0,0,1,0,0
Ravenclaw,0,0,0,0,0,0,0
Slytherin,1,0,0,1,0,1,2
Gryffindor,0,0,0,0,0,0,0
Gryffindor,0,0,0,0,0,0,0
Gryffindor,0,1,1,0,1,0,0
Gryffindor,0,0,0,0,0,0,0
Gryffindor,0,0,0,0,1,1,0
Gryffindor,0,0,0,0,0,0,0
Gryffindor,0,0,0,0,0,0,0
Gryffindor,1,0,2,0,2,0,1
Gryffindor,2,1,1,0,1,1,0
Gryffindor,0,0,0,0,0,0,0
Gryffindor,0,0,0,0,0,0,0
Gryffindor,0,0,2,1,2,0,1
Gryffindor,0,0,0,0,0,0,0
Gryffindor,0,0,0,0,0,0,0
Gryffindor,0,0,0,0,0,0,0
Gryffindor,0,0,0,0,0,0,0
Gryffindor,0,0,0,0,0,0,0
Gryffindor,0,0,0,0,0,0,0
Gryffindor,0,0,0,0,0,0,0
Gryffindor,0,0,0,0,0,0,0
Gryffindor,0,0,0,0,0,0,0
Gryffindor,0,0,0,0,0,0,0
Gryffindor,0,0,0,0,0,0,0
Gryffindor,0,0,0,0,0,0,0
Gryffindor,0,0,0,0,0,0,0
Gryffindor,0,0,0,0,0,0,0
Gryffindor,0,0,0,0,0,0,0
Gryffindor,0,1,1,0,1,0,0
Gryffindor,0,0,0,0,0,0,0
Gryffindor,0,0,0,0,0,0,0
,0,0,0,0,0,0,0
Gryffindor,0,0,0,0,0,0,0
,0,0,0,0,0,0,0
Gryffindor,0,0,0,0,0,0,0
,0,0,0,0,0,0,0
Gryffindor,0,0,0,0,0,0,0
Gryffindor,0,0,0,0,0,0,0
,0,0,0,0,1,0,1
Gryffindor,0,0,0,0,0,0,0
,1,0,0,0,0,1,1
,2,0,0,1,2,2,3
Gryffindor,0,0,0,0,0,0,0
Gryffindor,0,0,0,0,0,0,0
,2,0,0,2,1,2,1
Gryffindor,1,0,1,0,0,1,0
Gryffindor,0,0,0,0,0,0,0
,0,0,0,0,2,1,0
Gryffindor,0,0,0,0,0,0,0
,0,0,0,0,0,0,1
Gryffindor,0,0,0,0,0,0,0
,1,0,0,1,0,1,2
Gryffindor,0,0,0,0,0,0,0
,0,0,0,0,0,0,1
Gryffindor,0,0,0,0,0,0,0
,1,0,0,0,0,0,0
Gryffindor,0,0,0,0,0,0,0
,0,0,0,0,0,0,0
Gryffindor,0,0,0,0,0,0,0
Gryffindor,1,0,0,1,0,0,1
Gryffindor,0,0,0,0,0,0,0
Ravenclaw,0,0,0,0,0,0,0
Ravenclaw,0,0,0,0,1,0,0
Gryffindor,0,0,0,0,0,0,0
Ravenclaw,0,1,1,1,0,0,0
,1,1,1,0,0,0,0
Gryffindor,0,0,0,0,0,0,0
,2,1,1,0,1,1,2
Ravenclaw,0,0,0,0,1,0,0
Gryffindor,0,0,0,0,0,0,0
,0,0,0,0,0,0,0
Gryffindor,2,0,0,1,0,0,3
,0,0,0,0,0,0,3
Gryffindor,0,0,0,0,0,0,0
,0,0,0,0,0,0,0
Gryffindor,0,0,0,0,0,0,0
,0,0,0,0,0,1,0
Gryffindor,0,0,0,0,0,0,0
,0,0,0,0,0,0,0
Gryffindor,0,0,0,0,0,0,0
,1,0,1,0,0,1,0
Gryffindor,0,0,0,0,0,0,1
,0,0,0,0,2,1,1
,0,0,0,0,0,0,0
,0,0,0,0,0,0,0
,0,1,0,0,0,0,0
,0,0,0,0,0,0,1
,0,0,0,0,0,0,1
,0,0,0,1,0,0,1
Gryffindor,0,0,0,0,0,0,0
,0,0,0,0,0,0,1
Gryffindor,0,0,0,0,0,0,0
,2,0,0,2,0,1,0
Gryffindor,0,0,0,0,0,0,0
,1,0,0,0,1,1,0
Gryffindor,0,0,0,0,0,0,0
,0,0,0,0,0,0,0
Gryffindor,0,0,0,0,0,0,0
,0,0,0,0,0,0,1
,0,0,0,1,0,0,1
,0,0,0,0,0,0,0
Gryffindor,0,0,0,0,0,0,0
Gryffindor,0,0,0,0,0,0,0
Gryffindor,0,0,0,0,0,0,0
Gryffindor,0,0,1,0,0,0,0
Gryffindor,0,0,0,0,0,0,0
Gryffindor,0,0,0,0,0,0,0
Gryffindor,0,0,0,0,0,0,0
Gryffindor,0,0,0,0,0,0,0
Gryffindor,0,0,0,0,0,0,0
Gryffindor,0,0,0,0,0,0,0
Gryffindor,0,0,0,0,0,0,0
Gryffindor,0,0,0,0,0,0,0
Gryffindor,0,0,1,0,1,0,0
Gryffindor,0,0,0,0,0,0,0
Gryffindor,0,0,0,0,0,0,0
Gryffindor,0,0,0,0,0,0,0
,0,0,1,0,0,0,0
Gryffindor,0,0,0,0,0,0,0
Gryffindor,0,0,0,0,0,0,0
Gryffindor,0,0,0,0,0,0,0
Gryffindor,0,0,0,0,0,0,0
Gryffindor,0,0,0,0,0,0,0
Gryffindor,0,0,0,0,0,0,0
Gryffindor,0,0,0,0,0,0,0
Gryffindor,0,0,0,0,0,0,0
Gryffindor,0,0,0,0,0,0,0
Gryffindor,0,0,0,0,0,0,0
Gryffindor,0,0,0,0,0,0,0
Gryffindor,0,0,0,0,0,0,0
Gryffindor,0,0,0,0,0,0,0
Gryffindor,0,0,1,0,1,0,0
Gryffindor,0,0,0,0,0,0,0
Gryffindor,0,0,1,0,1,0,0
Gryffindor,0,0,0,0,0,0,0
Gryffindor,0,0,0,0,0,0,0
Gryffindor,0,0,0,0,0,0,0
Gryffindor,0,0,0,0,0,0,0
Gryffindor,0,0,0,0,0,0,0
Gryffindor,0,0,0,0,0,0,0
Gryffindor,0,0,0,0,0,0,0
Gryffindor,1,0,0,0,0,0,1
Gryffindor,2,1,1,0,1,1,0
Gryffindor,0,0,0,0,0,0,0
Gryffindor,0,0,0,0,0,0,0
Gryffindor,0,0,0,0,0,0,0
,0,0,0,0,0,0,0
Gryffindor,0,0,0,0,0,0,0
Gryffindor,0,0,0,0,0,0,0
Gryffindor,0,0,1,0,1,0,0
Gryffindor,0,0,0,0,0,0,0
Gryffindor,0,0,0,0,0,0,0
Gryffindor,0,0,0,0,0,0,0
Gryffindor,0,0,0,0,0,0,0
Gryffindor,1,0,0,1,0,1,0
Gryffindor,1,0,0,2,2,1,1
Gryffindor,0,0,0,0,0,0,0
Gryffindor,0,0,0,1,0,0,1
Gryffindor,0,0,0,0,0,0,0
Gryffindor,1,0,0,0,0,0,0
Gryffindor,0,0,0,0,0,0,0
Gryffindor,0,0,0,0,0,0,0
Gryffindor,0,0,0,0,0,0,0
Gryffindor,0,0,0,0,0,0,0
Gryffindor,0,0,0,0,0,0,0
Gryffindor,0,0,0,0,0,0,0
Gryffindor,3,2,1,1,1,2,1
Gryffindor,0,0,0,0,0,0,0
Gryffindor,1,0,0,0,1,0,2
Gryffindor,0,0,0,0,0,0,0
Gryffindor,0,0,0,0,0,0,1
Gryffindor,0,0,0,0,0,0,0
Gryffindor,0,0,0,0,0,0,0
Gryffindor,0,0,0,0,0,0,0
,0,0,0,0,0,0,0
Gryffindor,0,0,0,0,0,0,0
Gryffindor,0,0,0,0,0,0,0
Gryffindor,0,0,0,0,0,0,0
,0,0,0,0,0,0,0
Gryffindor,0,0,0,0,0,0,0
Gryffindor,0,0,0,0,0,0,0
,0,0,0,0,0,0,0
Gryffindor,0,0,0,0,0,0,0
,2,2,1,0,1,1,0
,0,0,0,0,0,0,0
Gryffindor,0,0,0,0,0,0,0
Gryffindor,0,0,0,0,0,0,0
,0,1,1,0,1,0,0
Gryffindor,0,0,0,0,0,0,0
,0,0,0,0,0,0,0
Gryffindor,0,0,0,0,0,0,0
,0,0,0,0,0,0,0
Gryffindor,0,0,0,0,0,0,0
,0,0,0,0,0,0,0
Gryffindor,0,0,0,0,0,0,0
,2,0,0,1,0,0,1
Gryffindor,0,0,0,0,0,0,1
Gryffindor,0,0,0,0,0,0,0
Gryffindor,0,1,0,0,0,0,0
Gryffindor,1,0,0,0,0,1,0
Gryffindor,0,0,0,0,0,0,0
Gryffindor,1,0,0,0,0,0,0
,1,0,0,0,1,0,0
Gryffindor,0,0,0,0,0,0,0
,0,1,1,0,1,1,0
,0,1,1,0,1,1,0
,0,0,0,0,0,0,0
,3,1,1,0,2,1,0
,0,1,1,0,0,0,0
Gryffindor,0,0,0,0,0,0,0
,1,0,0,1,0,1,1
Gryffindor,0,0,1,0,0,0,0
,0,0,1,0,2,0,0
Gryffindor,0,0,0,0,0,0,0
Gryffindor,0,0,0,0,0,0,0
Gryffindor,0,0,0,1,0,0,1
,0,0,0,0,0,0,0
Gryffindor,0,0,0,0,0,0,0
Gryffindor,1,0,0,1,1,1,1
,1,1,1,2,0,0,1
Gryffindor,0,0,0,0,0,0,0
,0,0,0,0,0,0,0
Gryffindor,0,0,0,0,0,0,0
Gryffindor,0,0,0,0,0,0,0
Gryffindor,1,0,0,1,0,1,0
Gryffindor,0,0,0,0,0,0,0
Gryffindor,0,0,0,0,0,0,0
Gryffindor,0,0,0,0,0,0,0
Gryffindor,0,0,0,0,0,0,0
Gryffindor,0,0,0,0,0,0,0
Gryffindor,1,0,1,1,1,1,1
Gryffindor,0,0,0,0,0,0,0
Gryffindor,0,0,0,0,0,0,0
Gryffindor,0,0,0,0,0,0,0
,2,0,0,2,0,2,1
Gryffindor,0,0,0,0,0,0,0
Gryffindor,0,0,0,0,0,0,0
Gryffindor,0,0,0,0,0,0,0
Gryffindor,0,1,1,0,1,0,0
Gryffindor,0,0,0,0,0,0,0
Gryffindor,0,0,0,0,0,0,0
,0,0,0,0,0,0,0
Gryffindor,0,0,0,0,0,0,0
Gryffindor,0,0,0,0,0,0,0
Gryffindor,1,0,0,2,0,1,1
Gryffindor,0,0,0,0,0,0,0
Gryffindor,1,0,0,0,0,0,0
Gryffindor,0,0,0,0,0,0,0
Slytherin,0,0,0,0,0,0,0
Slytherin,0,0,0,0,0,0,0
Gryffindor,0,0,0,0,0,0,0
Slytherin,0,0,0,0,0,0,0
Gryffindor,0,0,0,0,0,0,0
Slytherin,1,0,2,1,1,1,2
Gryffindor,0,0,0,0,0,0,0
Gryffindor,0,0,0,0,0,0,0
Gryffindor,0,0,0,0,0,0,0
Gryffindor,0,0,0,0,0,0,0
Gryffindor,0,0,0,0,0,0,0
,1,0,0,1,0,1,2
Gryffindor,0,0,0,0,0,0,0
Gryffindor,0,0,0,0,0,0,0
Gryffindor,0,0,0,0,0,0,0
Gryffindor,2,0,1,0,1,0,0
Gryffindor,0,1,1,0,0,0,0
Gryffindor,0,0,0,0,0,0,0
Slytherin,0,0,0,0,0,0,0
Gryffindor,0,0,0,0,0,0,0
,0,1,1,0,0,0,0
,0,0,0,0,0,0,0
Slytherin,0,0,0,0,0,0,0
Gryffindor,0,0,0,0,0,0,0
,0,0,0,0,0,0,0
,0,1,1,0,1,0,0
,0,0,0,0,0,0,0
Gryffindor,0,0,0,0,0,0,0
Gryffindor,0,0,0,0,0,0,0
Gryffindor,0,0,0,0,0,0,0
Gryffindor,0,0,0,0,0,0,0
Gryffindor,0,0,0,0,0,0,0
Gryffindor,0,0,0,0,0,0,0
,0,0,0,0,0,0,0
Gryffindor,0,0,0,0,0,0,0
Gryffindor,0,0,0,0,0,0,0
Gryffindor,0,0,0,0,0,0,0
Gryffindor,0,0,0,0,0,0,0
Gryffindor,0,0,0,0,0,0,0
Gryffindor,0,1,1,0,1,0,0
,0,0,0,0,0,0,1
Gryffindor,0,0,0,0,0,0,0
Gryffindor,0,0,0,0,0,0,0
,0,0,0,0,0,0,0
Slytherin,0,0,0,0,0,0,0
,0,0,0,0,0,0,0
Slytherin,1,0,0,1,1,0,1
,0,0,0,0,0,0,0
Slytherin,1,0,0,1,0,0,1
Slytherin,2,1,2,0,0,1,0
,0,0,0,0,0,0,0
Slytherin,0,0,0,0,0,0,0
,0,0,0,0,0,0,0
Slytherin,1,1,1,0,1,0,0
Gryffindor,0,0,0,0,0,0,0
Gryffindor,0,0,0,0,0,0,0
Gryffindor,0,0,0,0,0,0,0
,0,0,0,0,1,0,0
Gryffindor,0,0,0,0,0,0,0
,0,0,0,0,1,0,0
Gryffindor,0,0,0,0,0,0,0
Gryffindor,0,0,0,0,0,0,0
Gryffindor,0,0,0,0,0,0,0
Gryffindor,0,0,0,0,0,0,0
Gryffindor,1,0,0,0,0,0,0
Gryffindor,0,0,0,0,0,0,0
Slytherin,0,0,0,0,0,0,1
Gryffindor,0,0,0,0,0,0,0
Gryffindor,0,0,0,0,0,0,0
Gryffindor,0,0,0,0,0,0,0
Gryffindor,0,0,0,0,0,0,0
Gryffindor,0,0,0,0,0,0,0
Gryffindor,0,0,0,0,0,0,0
Gryffindor,1,0,0,0,0,0,0
Gryffindor,0,0,0,0,0,0,0
Gryffindor,0,0,0,0,0,0,0
Gryffindor,0,0,0,1,0,0,1
Gryffindor,0,0,0,0,0,0,0
Gryffindor,0,0,0,0,0,0,0
Gryffindor,1,0,0,1,0,0,0
Gryffindor,0,0,0,0,0,0,0
Gryffindor,0,0,0,0,0,0,0
Gryffindor,0,0,0,0,0,0,0
Gryffindor,0,0,0,0,0,0,0
Gryffindor,0,0,0,0,1,1,0
Gryffindor,0,0,0,0,0,0,0
Gryffindor,0,1,1,0,1,0,0
Gryffindor,0,0,0,0,0,0,0
Gryffindor,0,0,0,0,0,0,0
Gryffindor,0,0,0,0,0,1,0
Gryffindor,0,0,0,0,0,0,0
Gryffindor,0,0,0,0,0,0,0
Gryffindor,1,1,1,1,0,0,1
Gryffindor,0,0,0,0,0,0,0
Gryffindor,0,0,0,0,0,0,0
Gryffindor,0,0,0,0,0,0,0
Gryffindor,0,1,1,0,1,0,0
Gryffindor,0,0,0,0,0,0,0
Gryffindor,0,0,0,0,0,0,0
Gryffindor,0,0,0,0,0,0,0
Gryffindor,0,0,0,0,0,0,0
Gryffindor,0,1,1,0,1,0,0
Gryffindor,0,0,1,0,1,0,0
Gryffindor,0,0,0,0,0,0,0
Gryffindor,0,0,0,0,0,0,0
Gryffindor,0,0,0,0,0,0,0
Gryffindor,0,0,0,0,0,0,0
Gryffindor,0,0,0,0,0,0,0
Gryffindor,0,0,0,0,0,0,0
Gryffindor,0,0,0,1,0,0,1
Gryffindor,0,0,0,0,0,0,0
Gryffindor,0,0,0,0,0,0,0
Gryffindor,0,0,0,0,0,0,0
Slytherin,0,1,1,0,1,0,0
Slytherin,0,0,0,0,0,0,0
,0,0,0,0,0,0,1
Slytherin,0,0,0,0,0,0,0
Gryffindor,1,0,0,0,0,0,0
Gryffindor,0,0,1,0,0,0,0
Gryffindor,0,0,0,0,0,0,0
Gryffindor,0,0,0,0,0,0,0
Gryffindor,0,0,0,1,0,0,1
Gryffindor,0,0,0,1,0,0,1
Gryffindor,0,0,0,0,0,0,0
Gryffindor,0,0,0,0,0,0,0
Gryffindor,0,0,0,0,0,0,0
Gryffindor,0,0,0,0,0,0,0
Gryffindor,0,0,0,0,0,0,0
Gryffindor,2,0,0,1,0,1,1
Gryffindor,0,1,1,0,1,0,0
Gryffindor,0,0,0,0,0,0,0
Gryffindor,0,0,0,0,0,0,0
Gryffindor,1,0,0,0,0,0,0
Gryffindor,0,0,0,0,0,0,0
Gryffindor,0,0,0,0,0,0,0
Gryffindor,0,0,0,0,0,0,0
Gryffindor,0,0,0,0,0,0,0
Gryffindor,0,0,0,0,0,0,0
Gryffindor,0,0,0,0,0,0,0
Gryffindor,0,1,0,0,0,0,0
Gryffindor,0,0,0,0,0,0,0
Slytherin,0,0,0,0,0,0,0
Gryffindor,0,0,0,0,0,0,0
Gryffindor,1,0,0,1,0,1,1
Gryffindor,0,1,0,0,0,0,0
Gryffindor,0,0,0,1,0,0,1
Gryffindor,0,0,0,0,0,0,0
Gryffindor,0,0,0,0,0,0,0
Gryffindor,0,0,0,0,0,0,0
Gryffindor,0,0,0,0,0,0,0
Gryffindor,0,0,0,0,1,1,0
Gryffindor,0,0,1,1,0,0,1
Gryffindor,1,0,0,2,0,1,3
Gryffindor,0,0,0,0,0,0,0
Gryffindor,0,0,0,0,1,1,0
Gryffindor,0,0,0,0,1,0,0
Gryffindor,1,0,0,1,0,1,1
Gryffindor,0,0,0,0,0,0,0
Gryffindor,0,0,0,0,0,0,0
Gryffindor,0,0,0,0,0,0,0
Gryffindor,0,0,0,0,0,0,0
Gryffindor,0,0,0,0,0,0,0
Gryffindor,0,0,0,0,0,0,0
Gryffindor,0,0,0,0,0,0,0
Gryffindor,0,0,0,0,0,0,0
Gryffindor,0,0,0,0,0,0,0
Gryffindor,0,1,1,0,0,0,0
Gryffindor,0,0,0,0,0,0,0
Gryffindor,0,1,0,0,0,0,0
Gryffindor,0,0,0,0,0,0,0
Gryffindor,0,0,1,1,1,0,1
Gryffindor,0,1,1,0,1,0,0
Gryffindor,0,0,0,0,0,0,0
Gryffindor,0,0,0,0,0,0,0
Gryffindor,0,0,0,0,0,0,0
Gryffindor,0,0,0,0,0,0,0
Gryffindor,0,0,0,0,0,0,0
Gryffindor,0,0,0,0,0,0,0
Gryffindor,0,0,0,0,0,0,0
Gryffindor,0,0,0,0,0,0,1
Gryffindor,0,0,0,0,0,0,0
Gryffindor,0,0,0,0,0,0,0
Gryffindor,0,1,0,0,0,0,0
Gryffindor,0,0,0,0,0,0,0
Gryffindor,0,0,0,0,0,0,0
Gryffindor,0,1,0,0,0,0,0
Gryffindor,1,2,0,0,0,1,1
Gryffindor,0,0,0,0,0,0,0
Gryffindor,1,0,0,0,0,0,0
Gryffindor,1,0,0,0,0,0,0
Gryffindor,0,0,0,0,0,0,0
Gryffindor,0,0,0,0,0,0,0
Gryffindor,0,0,1,1,1,0,1
Gryffindor,0,0,0,0,0,0,0
Gryffindor,0,0,0,0,0,0,0
Gryffindor,0,0,0,0,0,0,0
Gryffindor,0,0,0,0,0,0,0
Gryffindor,0,1,0,0,1,0,0
Gryffindor,0,0,0,0,1,0,0
Gryffindor,0,0,1,0,0,0,0
Gryffindor,0,0,0,0,0,0,0
Gryffindor,0,0,0,0,0,0,0
Gryffindor,0,0,0,0,1,1,0
Gryffindor,0,0,0,0,0,0,0
Gryffindor,0,0,0,0,0,0,0
Gryffindor,0,0,0,0,0,0,0
Gryffindor,0,0,0,0,0,0,0
Gryffindor,0,0,0,0,0,0,0
Gryffindor,0,0,0,0,0,0,0
Gryffindor,0,0,0,0,0,0,0
Gryffindor,0,0,0,0,0,0,0
Gryffindor,0,1,0,0,0,1,0
Gryffindor,0,0,0,0,0,0,0
Gryffindor,0,0,0,0,0,0,0
Gryffindor,0,0,0,1,0,0,1
Gryffindor,1,0,0,0,0,0,0
Gryffindor,0,0,0,0,0,0,0
Gryffindor,0,0,0,0,0,0,0
Gryffindor,0,1,1,0,1,0,0
Gryffindor,0,0,0,0,0,0,0
Gryffindor,0,0,0,0,0,0,0
Gryffindor,1,0,0,0,0,1,1
Gryffindor,0,0,1,1,0,0,1
Gryffindor,0,0,1,0,1,0,0
Gryffindor,0,0,0,0,1,0,0
Gryffindor,0,0,0,0,0,0,0
Gryffindor,0,0,0,0,0,0,0
Gryffindor,0,0,0,0,0,0,0
Gryffindor,0,0,0,0,0,0,0
Gryffindor,0,0,0,0,0,0,0
Gryffindor,0,0,0,0,0,0,0
Gryffindor,0,0,0,0,0,0,0
Gryffindor,0,0,1,0,0,0,0
Gryffindor,0,0,0,0,0,0,0
Gryffindor,0,0,0,0,0,0,0
Gryffindor,0,0,0,0,0,0,0
Gryffindor,0,0,0,0,0,0,0
Gryffindor,0,0,0,0,0,0,0
Gryffindor,0,0,0,0,0,0,0
Gryffindor,0,0,0,0,0,0,0
Gryffindor,0,0,0,0,0,0,0
Gryffindor,1,0,0,1,0,0,1
Gryffindor,1,0,0,1,0,0,1
Gryffindor,0,0,0,0,0,0,0
Gryffindor,0,0,0,0,0,0,0
Gryffindor,0,0,0,0,0,0,0
Gryffindor,0,0,0,0,0,0,0
Gryffindor,1,0,0,1,0,1,1
Gryffindor,0,0,0,0,0,0,0
Gryffindor,0,0,0,0,0,0,0
Gryffindor,0,0,0,0,0,0,0
Gryffindor,0,0,0,0,0,0,0
Gryffindor,0,0,0,0,0,0,0
Gryffindor,0,0,0,0,0,0,0
Gryffindor,0,0,0,0,0,0,0
Gryffindor,0,0,0,0,0,0,0
Gryffindor,0,0,0,0,0,0,0
Gryffindor,0,0,0,0,0,0,0
Gryffindor,0,0,0,0,0,0,0
Gryffindor,1,0,0,1,1,1,1
Gryffindor,0,0,0,0,0,0,0
Gryffindor,0,0,0,0,0,0,0
Gryffindor,0,0,0,0,0,0,0
Gryffindor,0,0,0,0,0,0,0
Gryffindor,0,0,0,0,0,0,0
Gryffindor,0,0,0,0,0,0,0
Gryffindor,0,0,0,0,0,0,0
Gryffindor,0,0,0,0,0,0,0
Gryffindor,0,0,0,0,0,0,0
Gryffindor,0,0,0,0,0,0,0
,0,0,0,0,0,0,0
Gryffindor,0,0,0,0,0,0,0
,0,0,0,0,0,0,0
Gryffindor,0,0,0,0,0,0,0
Gryffindor,0,0,0,0,0,0,0
Gryffindor,0,0,0,0,0,0,0
Gryffindor,0,0,0,0,0,0,0
Gryffindor,0,0,0,0,0,0,0
Gryffindor,0,0,0,0,0,0,0
Gryffindor,0,0,0,0,0,0,0
Gryffindor,0,0,0,0,0,0,0
Gryffindor,0,0,0,0,0,0,0
Gryffindor,0,0,0,0,0,0,0
Gryffindor,0,0,1,0,0,0,0
Gryffindor,0,0,0,0,0,0,0
Gryffindor,1,0,0,2,0,1,1
Gryffindor,1,0,0,1,0,0,1
Gryffindor,0,1,0,0,0,0,0
Gryffindor,0,0,0,0,0,0,0
Gryffindor,0,0,0,0,0,0,0
Gryffindor,0,0,0,0,0,0,0
Gryffindor,0,0,0,0,0,0,0
Gryffindor,0,0,0,0,0,0,0
Gryffindor,0,0,0,0,0,0,0
Gryffindor,0,0,0,0,0,0,0
Gryffindor,0,0,0,0,0,0,0
Gryffindor,0,0,0,0,1,0,3
Gryffindor,0,0,0,0,0,0,0
Gryffindor,2,0,0,2,1,0,2
Gryffindor,1,0,1,0,0,1,1
Gryffindor,0,0,0,0,0,0,1
Gryffindor,0,0,0,0,0,0,0
Gryffindor,0,0,0,0,0,0,0
Gryffindor,0,1,2,0,0,1,2
Gryffindor,1,0,0,1,0,1,0
Gryffindor,0,0,1,0,0,0,0
Gryffindor,0,0,0,0,0,0,0
Gryffindor,0,0,0,0,0,0,0
Gryffindor,0,0,0,0,0,0,0
Gryffindor,0,1,1,0,1,0,0
Gryffindor,0,0,0,0,0,0,0
Gryffindor,0,0,0,0,0,0,0
Gryffindor,0,0,0,0,0,0,0
Gryffindor,0,0,0,0,1,1,0
Gryffindor,0,0,0,0,0,0,0
Gryffindor,0,0,0,0,0,0,0
Gryffindor,0,0,0,0,0,0,0
Gryffindor,0,0,0,0,0,0,0
Gryffindor,0,0,0,0,0,0,0
Gryffindor,0,0,0,0,0,0,0
Gryffindor,0,0,0,0,0,0,0
Gryffindor,0,0,0,0,0,0,0
Gryffindor,0,0,0,0,0,0,0
Gryffindor,0,0,0,0,0,0,0
Gryffindor,0,0,0,0,0,0,0
Gryffindor,0,0,0,0,0,0,0
Gryffindor,0,0,0,0,0,0,0
Gryffindor,0,0,0,0,0,0,0
Gryffindor,0,0,0,0,0,0,0
Gryffindor,0,0,0,0,0,0,0
Gryffindor,0,0,0,0,0,0,0
Gryffindor,0,0,0,0,0,0,0
Gryffindor,0,1,1,0,1,0,0
Gryffindor,0,0,0,0,0,0,0
Gryffindor,0,0,0,0,0,0,0
Gryffindor,0,0,0,0,0,0,0
Gryffindor,0,0,1,1,1,1,1
Gryffindor,0,0,0,0,0,0,0
Gryffindor,0,0,1,0,1,1,0
Slytherin,0,0,0,0,0,0,0
Gryffindor,0,0,0,0,0,0,0
Gryffindor,0,0,0,0,0,0,0
Gryffindor,0,0,1,0,1,1,0
Gryffindor,0,0,0,0,0,0,0
Gryffindor,0,0,0,0,1,0,0
Gryffindor,0,0,2,0,2,2,0
Gryffindor,1,0,0,1,1,0,1
Gryffindor,0,0,0,0,0,0,1
Gryffindor,0,0,1,0,1,0,0
Gryffindor,0,0,0,0,0,0,0
Gryffindor,0,0,0,0,0,0,0
Gryffindor,0,0,0,0,0,0,0
Gryffindor,0,0,0,0,0,0,0
Gryffindor,0,0,0,0,0,0,0
Gryffindor,0,0,0,0,0,0,0
Gryffindor,0,0,0,0,0,0,0
Gryffindor,0,0,0,0,0,0,0
Gryffindor,0,0,0,0,0,0,0
Gryffindor,0,0,0,0,0,0,0
Gryffindor,0,0,0,0,0,0,0
Gryffindor,0,1,0,0,0,0,0
Gryffindor,0,0,0,0,0,0,0
Gryffindor,0,0,0,0,1,0,0
Gryffindor,0,0,0,0,0,0,0
Gryffindor,0,0,0,0,0,0,0
Gryffindor,0,0,0,0,0,0,0
Gryffindor,0,0,1,0,1,0,0
Gryffindor,1,0,0,0,0,0,0
Gryffindor,0,0,0,0,0,0,0
Gryffindor,1,1,3,0,2,0,0
Gryffindor,0,0,0,0,0,0,0
Gryffindor,0,0,0,0,0,0,0
Gryffindor,1,0,0,0,0,0,0
Gryffindor,0,0,0,0,0,0,0
Gryffindor,0,0,0,0,0,0,0
Gryffindor,0,0,0,0,0,0,0
Gryffindor,0,1,1,0,1,1,0
Gryffindor,0,0,0,0,0,0,0
Gryffindor,0,0,0,0,0,0,0
Gryffindor,1,0,0,0,0,0,0
Gryffindor,0,0,0,0,0,0,0
Gryffindor,0,0,0,0,0,0,0
Gryffindor,0,0,0,0,0,0,0
Gryffindor,0,0,0,0,0,0,0
Gryffindor,0,0,0,0,0,0,1
Gryffindor,1,0,0,1,0,1,1
Gryffindor,1,0,0,1,0,1,2
Gryffindor,0,0,0,0,0,0,0
Gryffindor,1,1,1,0,1,0,0
Gryffindor,0,0,0,0,0,0,0
Gryffindor,0,0,0,0,0,0,0
Gryffindor,0,1,1,0,1,0,0
Gryffindor,0,0,0,0,0,0,0
Gryffindor,0,0,0,0,0,0,0
Gryffindor,0,1,0,0,0,0,0
Gryffindor,0,0,0,0,0,0,0
Gryffindor,0,0,0,0,0,0,0
Gryffindor,0,0,0,0,0,0,0
Gryffindor,0,0,0,0,0,0,0
Gryffindor,0,0,0,0,0,0,0
Gryffindor,0,0,0,0,0,0,0
Gryffindor,0,0,0,0,0,0,0
Gryffindor,0,0,0,0,0,0,0
Gryffindor,0,0,0,0,0,0,0
Gryffindor,0,0,0,0,0,0,0
Gryffindor,0,0,0,0,0,0,0
Gryffindor,1,0,0,0,0,0,0
Gryffindor,0,0,0,0,1,0,0
Gryffindor,0,0,0,0,0,0,0
Gryffindor,0,0,0,0,0,0,0
Gryffindor,0,0,0,0,0,0,0
Gryffindor,0,0,0,0,0,0,0
Gryffindor,1,0,0,0,0,0,0
Gryffindor,1,0,0,1,1,1,1
Gryffindor,0,0,0,0,0,0,0
Gryffindor,0,1,1,0,1,0,0
Gryffindor,0,1,1,0,1,0,0
Gryffindor,0,0,0,0,0,0,0
Gryffindor,0,0,0,0,0,0,0
Gryffindor,0,0,0,0,0,0,0
Gryffindor,0,0,0,0,0,0,0
,0,0,0,0,0,0,0
Gryffindor,0,0,0,0,1,0,0
Gryffindor,0,0,0,0,0,0,0
,0,0,0,0,0,0,0
,0,0,0,0,0,0,0
Gryffindor,0,0,0,0,0,0,0
,0,0,1,0,1,0,0
Gryffindor,0,0,0,0,0,0,0
,1,0,0,0,0,0,0
Gryffindor,0,0,0,0,0,0,0
Gryffindor,1,0,0,1,0,1,1
Gryffindor,0,0,0,0,0,0,0
Gryffindor,0,0,0,0,0,0,0
Gryffindor,0,0,0,0,0,0,0
Gryffindor,0,0,0,0,0,0,0
Gryffindor,0,0,0,0,0,0,0
,0,0,0,0,0,0,0
Gryffindor,0,0,0,0,0,0,0
,0,0,0,0,0,0,0
Gryffindor,0,0,0,0,0,0,0
,0,0,0,0,0,0,0
Gryffindor,0,0,0,0,0,0,0
,0,0,0,0,0,0,0
Gryffindor,0,0,0,0,0,0,0
Gryffindor,0,0,0,0,0,0,0
Gryffindor,0,0,0,0,0,0,0
,0,0,0,0,0,0,1
Gryffindor,0,0,0,0,0,0,0
Gryffindor,0,0,0,0,0,0,0
Gryffindor,0,0,0,0,0,0,0
Gryffindor,0,0,0,0,0,0,0
,0,0,0,0,0,0,2
Gryffindor,0,0,0,0,0,0,0
Gryffindor,0,0,1,0,0,0,0
Gryffindor,0,1,1,0,0,0,0
,0,0,0,0,0,0,0
Gryffindor,0,0,0,0,0,0,0
,0,0,0,0,0,0,1
,0,0,0,0,0,0,0
,0,0,0,0,0,0,0
Gryffindor,0,0,0,0,0,0,0
,2,0,0,1,0,0,0
,0,0,0,0,0,0,0
Gryffindor,0,0,0,0,0,0,0
Gryffindor,0,0,0,0,0,0,0
Gryffindor,0,0,0,0,0,0,0
Gryffindor,0,0,0,0,0,0,0
Gryffindor,0,0,0,0,0,0,0
Gryffindor,0,0,0,0,0,0,0
Gryffindor,0,0,0,0,0,0,0
Gryffindor,0,0,0,0,0,0,0
Gryffindor,0,0,1,0,0,0,0
Gryffindor,0,0,0,0,0,0,0
Gryffindor,0,0,0,0,0,0,0
Gryffindor,0,1,0,0,0,0,0
Gryffindor,0,0,0,0,0,0,1
Gryffindor,0,0,0,0,0,0,0
Gryffindor,0,0,0,1,0,0,1
Gryffindor,0,0,0,0,0,0,0
Gryffindor,0,0,0,0,0,0,1
Gryffindor,0,0,0,0,0,0,0
,0,0,0,0,0,0,0
Gryffindor,0,0,0,0,0,0,0
,0,0,0,1,0,0,0
Gryffindor,0,0,0,0,0,0,0
,0,0,0,0,0,0,0
Gryffindor,0,0,0,0,0,0,0
,0,0,0,0,0,0,0
Gryffindor,0,0,0,0,0,0,0
,0,0,0,0,0,0,1
Gryffindor,0,0,0,0,0,0,0
,0,0,0,0,0,0,0
Gryffindor,0,0,0,0,0,0,0
Gryffindor,0,1,1,0,0,0,0
Gryffindor,0,0,0,0,0,0,0
Gryffindor,0,0,0,0,0,0,0
Slytherin,0,0,0,0,0,0,0
Durmstrang Institute,1,0,0,0,0,0,0
Slytherin,0,0,0,0,0,0,0
Durmstrang Institute,0,0,0,0,0,0,0
Slytherin,0,0,0,0,0,0,0
Durmstrang Institute,0,0,1,1,1,0,1
Gryffindor,0,0,0,0,0,0,0
Gryffindor,0,0,0,0,0,0,0
Gryffindor,0,0,0,0,0,0,0
Gryffindor,0,0,0,1,0,0,2
Gryffindor,0,0,0,0,0,0,0
Gryffindor,0,0,0,0,0,0,0
Slytherin,0,0,1,0,1,0,0
Slytherin,0,0,0,0,0,0,0
Slytherin,0,0,0,0,0,0,0
Gryffindor,0,0,0,0,0,0,0
Slytherin,0,0,0,0,0,0,0
Gryffindor,0,0,0,0,0,0,0
Slytherin,0,0,0,0,0,0,0
Gryffindor,0,0,0,0,0,0,0
Slytherin,0,1,1,0,1,0,1
Gryffindor,1,0,0,0,0,1,0
Slytherin,0,0,0,0,0,0,0
Slytherin,0,0,0,0,0,0,0
Gryffindor,0,0,0,0,0,0,0
Slytherin,0,1,0,0,0,0,0
,0,0,0,0,0,0,0
,0,0,0,0,0,0,0
Gryffindor,0,0,0,0,0,0,0
Slytherin,0,0,1,0,0,0,0
Gryffindor,0,0,0,0,0,0,0
Gryffindor,0,0,0,0,0,0,0
Gryffindor,1,0,0,0,0,0,0
Gryffindor,0,0,0,0,0,0,0
Slytherin,0,0,0,0,0,0,1
Slytherin,0,0,0,0,0,0,0
Slytherin,0,0,0,0,1,0,0
Slytherin,0,0,0,0,0,0,0
Slytherin,1,0,0,0,0,0,1
Slytherin,0,0,1,0,1,0,0
Slytherin,0,0,0,0,0,0,0
Slytherin,0,0,0,0,0,0,0
,0,0,0,0,0,0,0
Slytherin,0,0,0,0,0,0,0
,0,0,0,0,0,0,0
Slytherin,0,0,0,0,0,0,0
Gryffindor,0,0,0,0,1,1,0
Ravenclaw,0,0,0,0,0,0,0
Gryffindor,0,0,0,0,0,0,0
Slytherin,0,0,0,0,0,0,0
Gryffindor,0,0,0,0,0,0,0
Slytherin,0,0,0,0,0,0,0
Gryffindor,0,0,0,0,0,0,0
Ravenclaw,0,0,0,0,0,0,0
Gryffindor,0,0,0,0,0,0,0
Slytherin,0,0,0,0,0,0,0
Ravenclaw,0,0,0,0,0,0,0
Gryffindor,0,0,0,0,0,0,0
Gryffindor,0,0,0,0,0,0,0
Gryffindor,0,0,0,0,0,0,0
,0,0,0,0,0,0,0
Gryffindor,0,0,0,0,0,0,0
,1,0,0,1,2,1,1
Gryffindor,0,0,0,0,0,0,0
,0,0,0,0,0,0,0
Gryffindor,0,0,0,0,0,0,0
Gryffindor,0,0,0,0,0,0,0
Gryffindor,0,0,1,0,1,1,1
Ravenclaw,0,0,0,0,0,0,0
,1,0,0,0,0,0,1
Gryffindor,0,0,0,0,0,0,0
,0,0,0,0,0,0,0
Slytherin,0,0,0,0,0,0,0
,0,0,0,0,0,0,0
Slytherin,0,0,0,0,0,0,0
,0,0,0,0,0,0,0
,0,0,0,0,0,0,0
Slytherin,0,0,0,0,0,0,0
Gryffindor,0,0,0,0,0,0,0
Gryffindor,0,0,0,0,0,0,0
Gryffindor,0,0,0,0,0,0,0
Slytherin,1,0,0,0,2,0,0
Gryffindor,0,0,0,0,0,0,0
Slytherin,0,0,0,0,0,0,0
,0,0,0,0,0,0,0
Slytherin,2,0,1,0,1,1,2
,0,0,0,1,1,0,1
Gryffindor,0,0,0,0,0,0,0
,0,0,0,0,1,0,0
Gryffindor,0,0,0,0,0,0,0
,1,0,0,2,0,0,1
Ravenclaw,0,0,0,0,0,0,0
Gryffindor,0,0,0,0,1,0,0
Ravenclaw,0,0,0,1,0,0,0
Gryffindor,0,0,0,1,0,0,1
Ravenclaw,0,1,1,0,1,0,0
Gryffindor,0,0,0,0,0,0,0
Gryffindor,0,0,0,0,0,0,0
,0,0,0,0,0,0,0
Gryffindor,0,0,0,0,0,0,0
Gryffindor,0,0,0,0,0,0,0
,0,0,0,0,0,0,0
,0,0,0,0,0,0,0
Gryffindor,0,0,0,0,1,1,0
,1,1,1,0,2,1,0
Gryffindor,0,0,0,0,0,0,0
,0,0,0,0,0,0,0
,0,0,0,0,0,0,0
Gryffindor,0,0,0,0,0,0,0
,0,0,0,0,0,0,0
Gryffindor,0,0,0,0,0,0,0
,0,0,0,0,0,0,0
Gryffindor,0,0,1,0,1,0,0
,0,0,0,0,0,0,0
Gryffindor,0,0,0,0,0,0,0
,0,1,1,1,0,0,1
Gryffindor,0,0,0,0,0,0,0
,0,0,0,0,0,0,0
Gryffindor,0,0,0,0,0,0,0
,0,0,0,0,0,0,0
,0,0,0,0,0,0,0
Gryffindor,0,1,1,0,0,0,0
,0,0,0,0,0,0,0
,0,0,0,0,1,0,0
Gryffindor,0,0,0,0,0,0,0
Gryffindor,1,0,3,0,3,0,0
Gryffindor,0,0,0,0,0,0,0
Gryffindor,0,0,0,0,0,0,0
Beauxbatons Academy of Magic,0,0,0,0,0,0,0
Ravenclaw,0,0,0,0,0,0,0
Gryffindor,0,0,0,0,0,0,0
Ravenclaw,0,0,0,0,0,0,0
Gryffindor,0,0,0,0,0,0,0
Ravenclaw,0,0,1,0,0,0,0
Gryffindor,0,0,0,0,0,0,0
Ravenclaw,0,0,0,0,0,0,0
Gryffindor,0,0,0,0,0,0,0
Ravenclaw,0,0,0,0,0,0,1
Ravenclaw,0,0,0,0,0,0,0
Gryffindor,0,0,0,0,0,0,0
Ravenclaw,1,0,0,1,0,0,2
Gryffindor,0,0,0,0,0,0,0
Gryffindor,0,0,0,0,0,0,1
Ravenclaw,0,0,0,0,0,0,1
Gryffindor,0,0,0,1,0,0,1
Gryffindor,0,0,0,0,1,1,0
Ravenclaw,0,0,1,0,0,0,1
Gryffindor,0,0,1,0,1,1,0
Gryffindor,0,0,0,0,0,0,0
Gryffindor,0,0,0,0,1,0,0
Gryffindor,0,0,0,0,0,0,0
Gryffindor,0,0,0,0,0,0,0
Gryffindor,0,1,1,0,1,0,0
Gryffindor,0,0,0,0,0,0,0
Gryffindor,0,0,0,0,0,0,0
Gryffindor,0,0,0,0,0,0,0
Gryffindor,0,0,0,0,0,0,0
Gryffindor,0,0,0,0,0,0,1
Gryffindor,0,0,0,0,0,0,0
Beauxbatons Academy of Magic,0,0,0,0,0,0,0
Gryffindor,0,0,0,0,0,0,0
Gryffindor,0,0,0,0,0,0,0
Gryffindor,0,0,0,0,0,0,0
Gryffindor,0,0,0,0,0,0,0
Gryffindor,0,0,0,0,0,0,0
Gryffindor,0,0,0,1,0,0,2
Ravenclaw,0,0,0,0,1,0,0
Ravenclaw,1,0,0,1,0,0,1
Gryffindor,0,0,0,0,0,0,0
Ravenclaw,0,0,0,0,0,0,1
Gryffindor,0,0,0,0,0,0,0
Gryffindor,0,0,0,0,0,0,0
Ravenclaw,0,0,0,0,0,0,0
Gryffindor,1,0,0,1,0,1,1
Gryffindor,0,0,0,0,0,0,0
Gryffindor,0,0,0,0,0,0,0
Gryffindor,0,0,0,0,0,0,0
Gryffindor,0,0,0,0,0,0,0
Gryffindor,0,0,0,0,0,0,0
Gryffindor,0,0,0,0,0,0,0
Gryffindor,0,0,0,0,0,0,0
Gryffindor,0,0,0,0,0,0,0
Gryffindor,0,1,1,0,1,0,0
Slytherin,0,0,0,0,0,0,0
Gryffindor,0,0,0,0,0,0,0
Slytherin,0,0,0,0,0,0,0
Gryffindor,0,0,0,0,0,0,0
Gryffindor,0,0,0,0,0,0,0
Gryffindor,0,0,0,0,0,0,0
,0,0,0,0,0,0,0
,2,0,0,2,0,2,2
Gryffindor,0,0,0,0,0,0,0
,0,0,0,0,0,0,0
Gryffindor,0,0,0,0,0,0,0
Gryffindor,0,0,0,0,0,0,0
,0,0,0,0,0,0,0
Slytherin,0,0,0,0,0,0,0
,0,0,0,0,0,0,0
Slytherin,0,0,0,0,0,0,0
,0,0,0,0,0,0,0
Slytherin,0,0,0,0,0,0,0
,0,0,0,0,0,0,0
Gryffindor,0,0,0,0,0,0,0
,0,0,0,0,0,0,0
,0,0,0,0,0,0,0
Slytherin,0,0,0,0,0,0,0
Gryffindor,0,0,0,0,0,0,0
,0,0,0,0,0,0,0
Slytherin,0,0,0,0,0,0,0
,0,0,1,0,0,0,0
Gryffindor,0,0,0,0,0,0,0
,0,0,0,0,0,0,0
,1,0,0,1,0,0,1
,0,0,0,0,0,0,1
,1,0,0,0,0,0,1
,2,1,1,0,1,1,1
,0,0,0,0,0,0,1
Gryffindor,1,0,0,0,0,0,0
Gryffindor,0,0,0,0,0,0,0
,0,0,0,0,0,0,0
Gryffindor,0,0,0,0,0,0,0
Gryffindor,0,0,0,0,0,0,0
Gryffindor,0,0,0,0,0,0,0
,0,0,0,0,0,0,0
Gryffindor,0,0,0,0,0,0,0
,0,0,0,0,0,0,0
,1,1,1,0,1,0,0
,0,0,0,0,0,0,0
,0,0,0,0,0,0,0
Gryffindor,0,0,0,0,0,0,0
,0,0,0,0,0,0,0
Gryffindor,0,0,0,0,0,0,0
Gryffindor,0,1,1,0,1,0,0
Gryffindor,0,0,0,0,0,0,0
,0,0,0,0,0,0,0
Gryffindor,1,0,1,0,1,1,1
Gryffindor,0,0,0,0,0,0,0
,0,0,0,0,0,0,0
,0,0,0,0,0,0,0
,0,0,0,0,0,0,0
Gryffindor,0,0,0,0,0,0,0
Gryffindor,0,0,0,0,0,0,0
Gryffindor,0,0,0,0,0,0,0
Gryffindor,0,0,0,0,0,0,0
Gryffindor,0,0,0,0,0,0,0
Gryffindor,1,0,0,0,0,0,0
Gryffindor,0,0,0,0,0,0,0
Gryffindor,0,0,0,0,0,0,0
Gryffindor,0,0,0,0,0,0,0
,0,0,0,0,0,0,0
Gryffindor,0,0,0,0,0,0,0
Gryffindor,0,0,0,0,0,0,0
Gryffindor,0,0,0,0,0,0,1
Gryffindor,0,0,0,0,0,0,0
Gryffindor,0,0,0,0,0,0,0
Gryffindor,0,0,0,0,0,0,0
Gryffindor,0,0,0,0,0,0,0
Gryffindor,0,0,0,0,0,0,0
,0,0,0,0,0,0,0
Gryffindor,0,0,0,0,0,0,0
,0,0,0,0,0,0,0
Gryffindor,0,1,1,0,0,0,0
Gryffindor,0,0,0,0,0,0,0
Gryffindor,0,0,0,0,0,0,0
Gryffindor,1,0,0,1,0,0,1
Gryffindor,0,0,0,0,0,0,0
Gryffindor,0,0,0,0,0,0,0
Gryffindor,0,0,0,0,0,0,0
Gryffindor,0,0,0,0,0,0,0
Gryffindor,0,0,0,0,0,0,0
Gryffindor,0,0,0,0,0,0,0
Gryffindor,0,1,1,0,1,0,0
Gryffindor,0,0,0,0,0,0,0
Gryffindor,0,0,0,0,0,0,0
Gryffindor,0,0,0,0,0,0,0
Slytherin,0,1,1,0,0,0,0
Gryffindor,0,0,0,0,0,0,0
Gryffindor,0,0,0,0,0,0,0
Gryffindor,0,0,0,0,0,0,0
Gryffindor,0,0,0,0,0,0,0
Gryffindor,0,0,0,0,0,0,0
Gryffindor,0,0,0,0,0,0,0
Gryffindor,0,0,0,0,0,0,0
Gryffindor,0,0,0,0,0,0,0
Gryffindor,0,0,0,0,0,0,0
Gryffindor,0,0,0,0,0,0,0
Gryffindor,0,0,0,0,0,0,0
Gryffindor,0,0,0,0,0,0,0
Gryffindor,0,0,0,0,0,0,0
Gryffindor,0,1,1,0,1,0,0
Gryffindor,0,0,0,0,0,0,0
Gryffindor,0,0,0,0,0,0,1
Gryffindor,0,0,0,0,0,0,0
Gryffindor,0,0,0,0,0,0,0
Gryffindor,0,0,0,0,0,0,0
Gryffindor,1,0,0,0,0,0,0
,0,0,0,0,0,0,0
,0,0,0,0,0,0,0
Gryffindor,0,0,0,0,0,0,0
Gryffindor,0,0,0,0,0,0,0
Gryffindor,0,0,0,0,0,0,0
,0,0,0,0,0,0,0
Gryffindor,1,0,0,0,0,0,0
Gryffindor,0,0,0,0,0,0,0
Gryffindor,0,0,0,0,0,0,0
,1,1,2,0,1,0,0
Gryffindor,0,0,0,0,0,0,0
Gryffindor,0,0,0,0,0,0,0
,0,0,0,0,0,0,0
Gryffindor,0,0,0,0,0,0,0
,0,0,0,0,0,0,0
,0,0,0,0,0,0,0
Gryffindor,0,1,0,0,0,0,0
,0,0,0,1,0,0,1
,0,0,0,0,0,0,0
Gryffindor,0,0,0,0,0,0,0
,0,0,0,0,0,0,0
Gryffindor,0,0,0,0,0,0,0
,0,0,0,0,0,0,0
Gryffindor,1,0,1,0,0,0,0
Gryffindor,0,0,3,0,2,0,0
,0,0,1,0,1,0,0
Gryffindor,0,0,0,0,0,0,0
Gryffindor,0,0,0,0,0,0,0
,0,0,0,0,0,0,0
Gryffindor,0,0,0,0,0,0,0
,0,0,0,0,0,0,0
Gryffindor,0,0,0,0,0,0,0
,0,2,0,0,0,0,1
Gryffindor,0,0,0,0,0,0,0
,0,0,0,0,0,0,2
,0,0,0,0,0,0,0
Gryffindor,0,0,0,0,0,0,0
,0,0,0,0,0,0,0
Gryffindor,0,0,0,0,0,0,0
,0,0,0,0,0,0,0
Gryffindor,0,0,0,0,0,0,0
,1,0,1,1,0,0,1
Gryffindor,0,0,0,0,0,0,0
Gryffindor,0,0,0,1,0,0,1
Gryffindor,1,0,0,0,0,0,0
Gryffindor,0,1,1,0,1,0,0
Gryffindor,0,0,1,0,2,0,0
Gryffindor,0,0,0,0,0,0,0
Gryffindor,0,0,0,0,0,0,0
Gryffindor,0,0,0,0,0,0,0
Gryffindor,0,0,0,0,0,0,0
Gryffindor,0,0,0,0,0,0,0
Gryffindor,2,1,1,0,1,1,1
Gryffindor,0,1,1,0,1,0,0
Gryffindor,1,0,1,0,0,0,0
Gryffindor,0,0,0,0,0,0,0
Gryffindor,0,0,0,0,0,0,1
Gryffindor,0,0,0,0,0,0,0
Gryffindor,1,0,0,0,1,0,1
Gryffindor,0,0,0,0,0,0,0
Gryffindor,0,0,0,0,0,0,0
Gryffindor,0,0,0,0,0,0,0
Gryffindor,0,0,0,0,0,0,1
Gryffindor,0,0,2,0,0,2,0
Gryffindor,0,0,1,0,1,0,0
Gryffindor,0,0,0,0,0,0,0
Gryffindor,0,0,0,0,0,0,0
Gryffindor,0,0,0,0,0,0,0
Gryffindor,0,0,0,0,0,0,0
Gryffindor,0,0,0,0,0,0,0
Gryffindor,0,0,0,0,0,0,0
Gryffindor,0,0,0,0,0,0,0
Ravenclaw,0,0,0,0,1,0,0
Ravenclaw,0,0,0,0,1,0,0
Ravenclaw,1,0,0,1,0,0,1
Gryffindor,0,1,1,0,1,0,0
Ravenclaw,0,0,0,1,0,0,1
Ravenclaw,1,0,0,1,0,1,1
Gryffindor,0,0,0,0,0,0,0
Gryffindor,0,0,0,0,0,0,0
Gryffindor,0,0,0,0,0,0,0
Gryffindor,0,0,0,0,0,0,0
Gryffindor,0,0,0,0,0,0,0
Gryffindor,0,0,0,0,0,0,0
Gryffindor,0,0,0,0,1,0,0
Slytherin,1,0,0,2,0,1,2
Slytherin,0,0,0,0,1,0,0
Slytherin,0,0,0,0,0,0,1
Slytherin,4,1,1,0,2,0,1
Slytherin,1,0,0,1,0,1,1
Gryffindor,0,0,0,0,1,0,0
Gryffindor,0,0,1,0,0,0,0
Gryffindor,1,0,0,0,0,0,1
Gryffindor,0,0,0,0,0,0,0
Gryffindor,0,0,0,0,0,0,0
Slytherin,0,0,0,0,0,0,0
Slytherin,2,0,0,2,0,1,1
Slytherin,0,0,0,0,4,1,0
Slytherin,0,0,0,0,0,0,0
,0,0,0,0,0,0,0
,0,0,0,0,0,0,0
,0,0,0,0,0,0,0
Gryffindor,0,0,0,0,0,0,0
Gryffindor,0,0,0,0,0,0,0
Gryffindor,0,0,0,0,0,0,0
Gryffindor,0,0,0,0,0,0,0
Gryffindor,0,0,0,0,0,0,0
Gryffindor,0,0,0,0,0,0,0
Gryffindor,0,0,0,0,0,0,0
Gryffindor,0,0,0,0,0,0,0
Ravenclaw,0,0,0,0,0,0,0
Hufflepuff,0,0,0,0,0,0,0
,0,0,0,0,0,0,0
Gryffindor,0,0,0,0,0,0,0
Gryffindor,0,0,0,0,0,0,0
Gryffindor,0,0,0,0,0,0,0
Gryffindor,0,0,0,0,0,0,0
Gryffindor,0,0,1,1,1,0,1
Gryffindor,0,0,0,0,0,0,0
Gryffindor,0,0,0,0,0,0,0
Gryffindor,1,0,0,0,0,0,0
Ravenclaw,0,0,0,0,0,0,0
Gryffindor,0,0,0,0,0,0,0
Gryffindor,0,0,0,0,0,0,0
Ravenclaw,0,0,0,0,1,0,0
Gryffindor,0,0,0,0,0,0,0
Ravenclaw,1,0,0,1,0,0,1
Ravenclaw,0,0,0,0,0,0,0
Ravenclaw,0,0,0,0,0,0,0
Slytherin,0,0,0,0,0,0,0
Slytherin,0,0,0,0,0,0,0
,1,0,0,0,0,0,0
Gryffindor,0,0,0,0,0,0,0
Gryffindor,0,0,0,0,0,0,0
Gryffindor,0,0,0,0,0,0,0
Gryffindor,0,0,0,0,0,0,0
Gryffindor,0,0,0,0,0,0,0
Gryffindor,0,0,0,0,0,0,0
Ravenclaw,0,0,0,0,0,0,0
Ravenclaw,0,0,0,0,0,0,0
,0,0,0,0,0,0,1
Gryffindor,0,0,0,0,0,0,0
,0,0,0,0,0,0,0
Gryffindor,0,0,0,0,0,0,0
,0,0,0,0,0,0,0
Gryffindor,0,0,0,0,0,0,0
Gryffindor,0,0,0,0,0,0,0
Gryffindor,0,0,0,0,0,0,0
Hufflepuff,1,0,0,1,0,1,1
Gryffindor,0,0,0,0,0,0,0
Gryffindor,0,0,0,0,0,0,0
Gryffindor,0,0,0,0,0,0,0
Gryffindor,0,0,0,0,0,0,0
Gryffindor,0,0,0,0,0,0,0
Gryffindor,0,0,0,0,1,0,0
Gryffindor,0,0,0,0,0,0,0
Gryffindor,0,0,0,0,0,0,0
Gryffindor,0,0,0,0,0,0,0
Gryffindor,1,0,0,0,0,1,1
Gryffindor,0,0,0,0,0,0,0
Gryffindor,0,0,1,0,0,0,0
Ravenclaw,0,0,0,0,0,0,0
Gryffindor,0,0,0,0,0,0,0
Ravenclaw,0,0,0,1,0,0,1
Gryffindor,1,0,0,0,0,0,0
Ravenclaw,1,0,0,0,0,0,0
Gryffindor,0,0,0,0,0,0,0
Ravenclaw,0,0,0,0,0,0,0
Gryffindor,0,0,0,0,0,0,0
Ravenclaw,0,0,0,0,0,0,0
Gryffindor,0,0,0,0,0,0,0
Gryffindor,1,0,0,0,0,0,0
Gryffindor,0,0,0,0,0,0,0
Gryffindor,0,0,0,0,0,0,0
Ravenclaw,0,1,3,0,3,0,0
Gryffindor,0,0,0,0,0,0,0
Ravenclaw,0,1,0,0,0,0,0
Gryffindor,0,0,0,0,0,1,0
Ravenclaw,0,0,0,0,0,0,0
Gryffindor,0,0,0,0,0,0,0
Ravenclaw,0,0,0,0,1,0,0
Ravenclaw,0,0,0,0,0,0,0
Ravenclaw,0,0,0,0,0,0,0
Ravenclaw,0,0,0,0,0,0,0
Gryffindor,0,0,0,0,0,0,0
Gryffindor,0,0,0,0,0,0,0
Gryffindor,0,0,0,0,0,0,0
Gryffindor,0,0,0,0,0,0,0
Gryffindor,0,0,0,0,0,0,0
Gryffindor,0,0,0,0,0,0,0
Gryffindor,0,1,1,0,1,0,0
Gryffindor,0,0,0,0,0,0,0
Gryffindor,0,0,0,0,0,0,0
Gryffindor,0,0,0,0,0,0,0
Gryffindor,0,0,0,1,0,0,1
Gryffindor,0,0,0,0,0,0,0
Gryffindor,0,0,0,0,0,0,0
,0,0,0,0,0,0,0
Slytherin,0,1,0,0,0,0,0
Gryffindor,0,0,0,0,0,0,0
Gryffindor,0,1,0,0,0,0,0
Gryffindor,0,0,0,0,0,0,0
Gryffindor,3,1,1,2,1,2,2
Gryffindor,0,0,0,0,0,0,0
Gryffindor,0,1,1,0,1,0,0
Gryffindor,0,0,0,0,0,0,0
Gryffindor,0,0,0,0,0,0,0
Gryffindor,0,0,0,0,0,0,0
Gryffindor,0,0,0,0,0,0,0
Gryffindor,0,0,0,0,0,0,0
Gryffindor,0,0,0,0,0,0,0
Slytherin,0,0,0,0,0,0,0
Slytherin,0,0,0,0,1,0,0
Gryffindor,0,0,0,0,0,0,0
Slytherin,0,0,0,0,0,0,0
Gryffindor,0,0,0,0,0,0,0
Gryffindor,0,0,0,0,0,0,0
Slytherin,0,0,0,0,0,0,0
Gryffindor,0,0,0,0,0,0,0
Gryffindor,0,0,0,0,0,0,0
Slytherin,0,0,0,0,0,0,0
Gryffindor,0,0,0,0,0,0,0
Gryffindor,0,0,1,0,1,0,1
Slytherin,0,0,0,0,0,0,0
Slytherin,0,0,0,0,0,0,0
Gryffindor,0,0,0,0,0,0,0
Gryffindor,0,0,0,0,0,0,0
Gryffindor,0,0,0,0,0,0,0
Gryffindor,0,0,0,0,0,0,0
Gryffindor,0,0,0,0,0,0,0
Gryffindor,0,0,0,0,0,0,0
Gryffindor,0,0,0,0,0,0,0
Gryffindor,0,0,0,0,0,0,0
Gryffindor,0,0,0,0,0,0,0
Gryffindor,0,0,0,0,0,0,0
Gryffindor,0,0,0,0,0,0,0
Gryffindor,0,0,0,0,0,0,0
Slytherin,0,0,0,0,0,0,0
Gryffindor,0,1,1,0,1,0,0
Gryffindor,1,0,0,0,0,0,0
Gryffindor,0,0,0,0,0,0,0
Gryffindor,0,0,0,0,0,0,0
Gryffindor,0,0,0,0,0,0,0
Gryffindor,0,0,0,0,0,0,0
Gryffindor,0,0,0,0,0,0,0
Gryffindor,0,0,0,0,0,0,0
Gryffindor,0,0,0,0,0,0,0
Slytherin,0,0,0,0,0,0,0
Slytherin,1,1,0,0,0,0,1
Slytherin,1,0,0,0,0,0,0
Slytherin,0,0,0,0,0,0,0
Slytherin,0,0,0,0,0,0,0
Gryffindor,0,0,0,0,0,0,0
Ravenclaw,0,0,0,0,0,0,0
Ravenclaw,0,0,0,0,0,0,0
Gryffindor,0,0,0,0,0,0,0
Slytherin,0,0,0,0,0,0,0
Slytherin,0,0,0,0,0,0,0
Slytherin,0,0,0,0,0,0,0
Slytherin,0,1,0,0,0,0,0
Slytherin,0,0,0,0,0,0,0
Slytherin,0,0,0,0,0,0,0
Slytherin,0,0,0,0,0,0,0
Slytherin,0,0,0,0,0,0,0
Slytherin,0,0,0,0,0,0,1
Slytherin,0,0,0,0,0,0,0
Slytherin,0,0,0,0,0,0,2
Slytherin,1,0,0,0,0,1,2
Slytherin,0,1,0,0,0,0,1
Slytherin,1,0,0,1,0,1,2
Slytherin,0,0,0,0,0,0,0
Slytherin,0,0,0,0,0,0,0
Slytherin,0,0,0,0,0,0,0
Slytherin,0,0,0,0,0,0,0
Slytherin,0,0,0,0,0,0,0
Slytherin,0,0,0,0,0,0,0
Gryffindor,0,0,0,0,0,0,0
Slytherin,0,0,0,0,0,0,0
Slytherin,0,0,0,0,0,0,0
Gryffindor,0,1,1,0,0,0,0
Slytherin,1,0,0,1,0,1,0
Slytherin,1,2,1,1,1,1,1
Gryffindor,0,0,0,0,0,0,0
Gryffindor,0,0,0,0,0,0,0
Slytherin,0,0,0,0,0,0,0
,0,0,0,0,0,0,0
,0,0,0,0,0,0,0
Slytherin,0,0,0,0,0,0,0
Gryffindor,0,0,0,0,0,0,0
Slytherin,0,0,0,0,0,0,0
Slytherin,0,0,1,0,1,0,0
Gryffindor,0,0,0,0,0,0,0
Gryffindor,0,1,0,0,0,0,1
Gryffindor,0,0,0,0,0,0,0
Slytherin,0,0,0,0,0,0,0
Gryffindor,0,0,0,0,0,0,0
Slytherin,0,0,0,0,0,0,0
Gryffindor,1,1,0,0,0,0,0
Slytherin,0,0,1,0,1,0,0
Gryffindor,0,1,0,0,0,0,2
Slytherin,0,0,0,0,0,0,0
Gryffindor,1,1,1,1,1,0,1
Slytherin,0,0,0,0,0,0,0
Gryffindor,0,0,0,0,0,0,0
Slytherin,0,0,0,0,0,0,0
Slytherin,0,0,0,0,0,0,0
Gryffindor,1,0,0,1,0,0,1
Gryffindor,0,1,0,0,0,0,0
Gryffindor,0,0,0,0,0,0,0
Slytherin,0,1,0,0,1,0,1
Gryffindor,0,3,2,0,3,0,1
Slytherin,0,0,0,0,0,0,0
Gryffindor,0,0,0,0,0,0,1
Slytherin,0,0,0,0,0,0,0
Gryffindor,1,1,0,0,0,1,1
Slytherin,0,0,0,0,0,0,0
Gryffindor,0,0,0,0,0,0,0
Slytherin,0,0,0,0,0,0,0
Gryffindor,0,0,0,0,0,0,0
Slytherin,1,1,1,0,1,0,0
Gryffindor,1,0,0,0,0,0,0
Slytherin,0,0,0,0,0,0,0
Gryffindor,0,0,0,0,0,0,0
Slytherin,0,0,0,0,0,0,0
Gryffindor,0,0,0,0,0,0,0
Gryffindor,1,3,1,0,1,1,1
Slytherin,1,0,0,0,0,0,0
Gryffindor,0,0,0,0,0,0,0
Gryffindor,0,1,1,0,2,0,2
Slytherin,0,0,0,0,0,0,0
Gryffindor,2,0,0,0,1,0,0
Slytherin,0,0,0,0,0,0,0
Gryffindor,0,3,2,0,4,0,2
Gryffindor,0,2,0,0,1,0,2
Slytherin,1,1,0,0,0,0,0
Slytherin,1,1,1,1,1,0,1
Gryffindor,0,0,0,0,0,0,0
Slytherin,0,0,0,0,0,0,0
Gryffindor,0,0,0,0,0,0,0
Slytherin,0,0,0,0,0,0,0
Gryffindor,0,1,0,0,0,0,0
Gryffindor,0,0,0,0,0,0,0
Gryffindor,2,0,0,0,0,0,0
Gryffindor,0,0,0,0,0,0,0
Gryffindor,0,0,0,0,0,0,0
Gryffindor,0,0,0,0,0,0,0
Gryffindor,0,0,0,0,0,0,0
Gryffindor,0,0,0,0,0,0,0
Gryffindor,0,0,0,0,0,0,0
Gryffindor,0,0,0,0,0,0,0
Gryffindor,0,0,0,0,0,0,0
Gryffindor,0,1,3,0,2,0,0
Gryffindor,0,0,0,0,0,0,0
Gryffindor,0,0,0,0,0,0,0
,0,0,0,0,0,0,0
Gryffindor,0,0,0,0,1,1,0
Gryffindor,0,0,0,0,0,0,0
Gryffindor,0,0,0,0,0,0,0
Gryffindor,0,0,0,0,0,0,0
Gryffindor,0,0,0,0,0,0,0
Gryffindor,0,0,0,0,1,0,0
Gryffindor,0,0,0,0,0,0,0
Gryffindor,0,0,0,0,0,0,0
Gryffindor,0,0,1,0,1,0,0
Gryffindor,1,0,0,1,1,0,2
Gryffindor,0,0,0,0,0,0,0
Gryffindor,0,0,0,0,0,0,0
Gryffindor,0,0,0,0,0,0,0
Gryffindor,0,0,0,0,0,0,0
Gryffindor,0,0,0,0,0,0,0
Gryffindor,0,0,0,0,0,0,0
Slytherin,0,0,0,0,0,0,0
Slytherin,1,0,0,0,0,0,0
Gryffindor,0,0,0,0,0,0,0
Slytherin,0,0,0,0,0,0,0
Slytherin,1,2,2,0,2,1,1
Gryffindor,0,0,0,0,0,0,0
Gryffindor,0,0,0,1,0,1,1
Gryffindor,0,0,0,0,0,0,0
Gryffindor,0,0,0,0,0,0,0
Gryffindor,0,0,0,0,0,0,0
Gryffindor,0,0,0,0,0,0,0
Gryffindor,0,0,0,0,0,0,0
Gryffindor,0,0,2,0,1,0,0
Gryffindor,0,0,0,0,0,0,0
Gryffindor,0,0,1,0,1,0,0
Gryffindor,0,0,0,0,0,0,0
Gryffindor,0,0,0,0,0,0,0
Gryffindor,0,0,0,0,0,0,0
Gryffindor,0,0,0,0,0,0,0
Gryffindor,0,0,0,0,0,0,0
Gryffindor,0,0,0,0,0,0,0
Gryffindor,0,0,1,0,1,0,0
Gryffindor,0,0,0,0,0,0,0
Gryffindor,0,0,0,0,0,0,0
Gryffindor,0,0,0,0,0,0,1
Gryffindor,1,1,0,1,1,0,1
Gryffindor,0,0,0,0,0,0,1
Gryffindor,2,0,0,2,0,0,4
Gryffindor,0,0,0,0,0,0,0
Gryffindor,0,0,0,0,0,0,0
Gryffindor,0,0,1,0,0,0,0
Gryffindor,0,0,0,0,0,0,0
Gryffindor,0,0,0,0,0,0,0
Gryffindor,0,0,0,0,0,0,0
Gryffindor,0,0,0,0,0,0,0
Gryffindor,1,0,0,0,0,0,0
Gryffindor,0,0,0,0,0,0,0
Gryffindor,0,0,0,0,0,0,0
Gryffindor,0,0,0,0,0,0,1
Gryffindor,0,0,0,0,0,0,0
Gryffindor,0,1,1,0,0,0,0
Gryffindor,0,0,0,0,0,0,0
Gryffindor,0,0,1,0,1,0,0
Gryffindor,0,0,0,0,0,0,0
Gryffindor,0,0,0,0,0,0,0
Gryffindor,0,0,0,0,0,0,0
Gryffindor,0,0,0,0,0,0,2
Gryffindor,0,0,0,0,0,0,0
Gryffindor,0,0,0,0,0,0,0
Gryffindor,0,0,0,0,2,0,0
Gryffindor,0,0,0,0,0,0,1
Gryffindor,0,0,0,0,0,0,0
Gryffindor,0,0,0,0,0,0,0
Gryffindor,0,0,0,0,0,0,0
Gryffindor,0,0,0,0,0,0,0
Slytherin,0,0,0,0,0,0,0
Slytherin,0,0,0,0,0,0,0
Slytherin,0,0,0,0,0,0,0
Slytherin,0,0,0,0,0,0,0
,1,0,0,1,0,1,1
Gryffindor,0,0,0,0,0,0,0
Gryffindor,0,0,0,0,0,0,0
Gryffindor,0,0,0,0,0,0,0
Gryffindor,0,0,0,0,0,0,0
Slytherin,0,0,0,0,0,0,0
Gryffindor,0,0,0,0,0,0,0
Slytherin,0,0,0,0,1,0,0
Slytherin,1,0,2,0,4,0,0
Slytherin,0,1,1,0,2,0,1
Gryffindor,0,0,0,0,0,0,0
Slytherin,1,0,0,1,2,0,1
Slytherin,1,0,0,0,0,0,0
Slytherin,0,0,0,0,0,0,0
Slytherin,0,0,0,0,0,0,0
Slytherin,0,0,0,0,0,0,0
Gryffindor,0,0,0,0,0,0,0
Slytherin,0,0,0,0,0,0,0
Slytherin,0,0,0,0,0,0,0
Slytherin,1,0,0,1,0,1,0
Gryffindor,0,0,0,0,0,0,0
Slytherin,0,0,0,0,0,0,0
Slytherin,0,0,0,0,0,0,0
Slytherin,1,0,0,1,0,2,0
Gryffindor,0,0,0,0,0,0,0
Slytherin,0,0,0,0,0,0,0
Gryffindor,0,0,0,0,1,0,0
Gryffindor,0,0,0,0,0,0,0
Slytherin,0,0,1,0,1,1,0
Gryffindor,0,0,0,0,0,0,0
Gryffindor,0,0,0,0,0,0,0
Gryffindor,0,0,1,0,1,0,0
Gryffindor,0,0,0,0,0,0,0
Slytherin,0,0,0,0,0,0,0
Slytherin,0,0,0,0,1,1,0
Slytherin,0,0,0,0,1,1,0
Slytherin,0,0,0,0,0,0,0
Slytherin,0,0,1,0,1,0,0
Slytherin,0,0,0,0,0,0,0
Gryffindor,0,0,0,0,0,0,0
Gryffindor,0,0,0,0,0,0,0
Slytherin,0,0,0,0,0,0,0
Gryffindor,0,0,0,0,0,0,0
Slytherin,0,0,0,1,0,0,0
Gryffindor,0,0,0,0,0,0,0
Gryffindor,0,0,0,0,0,0,0
Gryffindor,0,0,2,0,1,0,0
Gryffindor,0,0,0,0,0,0,0
Gryffindor,1,0,1,0,1,0,1
Slytherin,0,0,0,0,0,0,0
Gryffindor,0,0,0,0,0,0,0
Gryffindor,0,0,0,0,0,0,0
Ravenclaw,0,0,0,0,0,0,0
Gryffindor,0,0,0,0,0,0,0
Gryffindor,0,0,0,1,0,0,1
Gryffindor,0,0,0,0,0,0,0
Gryffindor,0,0,1,0,0,0,0
Gryffindor,0,0,0,0,0,0,1
Gryffindor,0,0,0,0,0,0,0
Gryffindor,1,0,0,0,0,0,0
Gryffindor,0,0,0,0,0,0,0
Gryffindor,0,0,0,0,0,0,0
Gryffindor,0,0,0,0,0,0,0
Gryffindor,0,0,0,0,0,0,0
Gryffindor,0,0,0,0,0,0,0
Gryffindor,0,0,0,0,0,0,0
Gryffindor,0,0,0,0,0,0,1
Slytherin,0,0,0,0,0,0,0
Gryffindor,0,0,0,0,0,0,1
Slytherin,0,0,0,0,0,0,0
Gryffindor,0,0,0,0,0,0,0
Slytherin,0,0,0,0,0,0,0
Gryffindor,0,0,0,0,0,0,0
Slytherin,0,0,0,0,0,0,0
Gryffindor,0,0,0,1,0,1,1
Slytherin,0,0,0,0,0,0,0
Gryffindor,0,0,0,0,0,0,0
Gryffindor,0,0,0,0,0,0,0
Slytherin,0,0,0,0,0,0,0
